Quote,From,Who,Year,Column 7,Topic,Sub-topic
He who gives liberally goes straight to heaven.,The Rig Veda,Hindu Scripture,-1500,The Rig Veda - Hindu Scripture,Giving,Reward
It is not good for the man to be alone.,Genesis 2:18,Bible,-1400,Genesis 2:18 - Bible,Togetherness,Companionship
The Lord is my shepherd; I shall not want.,Psalm 23:1,David,-1000,Psalm 23:1 - David,God,Provision
"Be still, and know that I am God.",Psalm 46:10,David,-1000,Psalm 46:10 - David,God,Stillness
"God is our refuge and strength, an ever-present help in trouble.",Psalm 46:1,David,-1000,Psalm 46:1 - David,God,Refuge
God is the light by which we see light.,Psalm 36:9,David,-1000,Psalm 36:9 - David,God,Illumination
In His hand is the life of every living thing and the breath of all mankind.,Job 12:10,Job,-1000,Job 12:10 - Job,God,Life
"You are a child of God. You are wonderfully made, dearly loved, and precious in His sight.",Psalm 139:14,David,-1000,Psalm 139:14 - David,God,Identity
"A soft answer turns away wrath, but a harsh word stirs up anger.",Proverbs 15:1,Solomon,-950,Proverbs 15:1 - Solomon,Conflict,Speech
"A heart at peace gives life to the body, but envy rots the bones.",Proverbs 14:30,Solomon,-950,Proverbs 14:30 - Solomon,Conflict,Emotion
"A faithful witness does not lie, but a false witness breathes out lies.",Proverbs 14:5,Solomon,-950,Proverbs 14:5 - Solomon,Truth,Witness
An honest answer is like a kiss on the lips.,Proverbs 24:26,Solomon,-700,Proverbs 24:26 - Solomon,Honesty,Response
"A false witness will not go unpunished, and he who pours out lies will not go free.",Proverbs 19:5,Solomon,-700,Proverbs 19:5 - Solomon,Honesty,Justice
"A full soul loathes a honeycomb, but to the hungry soul every bitter thing is sweet.",Proverbs 27:7,Solomon,-700,Proverbs 27:7 - Solomon,Spirit/Soul,Desire
"As iron sharpens iron, so one person sharpens another.",Proverbs 27:17,Bible,-700,Proverbs 27:17 - Bible,Togetherness,Growth
Do not be afraid. I am with you.,Isaiah 41:10,Isaiah,-700,Isaiah 41:10 - Isaiah,God,Comfort
Know thyself and you will know the universe and the gods.,Temple Inscription,Ancient Greek Maxim,-600,Temple Inscription - Ancient Greek Maxim,Ego/Self,Insight
"Every truth has two sides; it is as well to look at both, before we commit ourselves to either.",Reflections,Aesop,-550,Reflections - Aesop,Truth,Duality
"United we stand, divided we fall.",Aesop’s Fables,Aesop,-550,Aesop’s Fables - Aesop,Togetherness,Unity
In union there is strength.,Reflections,Aesop,-550,Reflections - Aesop,Togetherness,Solidarity
Knowing others is intelligence; knowing yourself is true wisdom.,Tao Te Ching,Laozi,-500,Tao Te Ching - Laozi,Ego/Self,Self-Knowledge
"Give thanks to the Lord, for he is good; his love endures forever.",Psalm 107:1,King David,-500,Psalm 107:1 - King David,Gratitude,Worship
"Being deeply loved by someone gives you strength, while loving someone deeply gives you courage.",Tao Te Ching,Laozi,-500,Tao Te Ching - Laozi,Love,Strength
"You yourself, as much as anybody in the entire universe, deserve your love and affection.",Dhammapada,Attributed to Buddha,-500,Dhammapada - Attributed to Buddha,Love,Self-Love
Gratitude is the sign of noble souls.,Maxims,Aesop,-500,Maxims - Aesop,Gratitude,Nobility
"Let us rise up and be thankful, for if we didn’t learn a lot today, at least we learned a little.",Dhammapada,Attributed to Buddha,-500,Dhammapada - Attributed to Buddha,Gratitude,Learning
True peace comes from accepting what is.,Meditations,Laozi,-500,Meditations - Laozi,Acceptance,Peace
"When I let go of what I am, I become what I might be.",Tao Te Ching,Laozi,-500,Tao Te Ching - Laozi,Acceptance,Potential
Life is a series of natural and spontaneous changes. Don’t resist them—that only creates sorrow. Let reality be reality.,Tao Te Ching,Laozi,-500,Tao Te Ching - Laozi,Acceptance,Change
"To believe in something, and not to live it, is dishonest.",The Wisdom of Confucius,Confucius,-500,The Wisdom of Confucius - Confucius,Honesty,Belief
The honest man falls prey to no trap.,Tao Te Ching,Laozi,-500,Tao Te Ching - Laozi,Honesty,Simplicity
It does not matter how slowly you go as long as you do not stop.,Analects,Confucius,-500,Analects - Confucius,Fortitude,Perseverance
"Endurance is one of the most difficult disciplines, but it is to the one who endures that the final victory comes.",Meditations,Buddha,-500,Meditations - Buddha,Fortitude,Endurance
"Our greatest glory is not in never falling, but in rising every time we fall.",Analects,Confucius,-500,Analects - Confucius,Fortitude,Resilience
The man who moves a mountain begins by carrying away small stones.,Analects,Confucius,-500,Analects - Confucius,Fortitude,Patience
"No act of kindness, no matter how small, is ever wasted.",The Lion and the Mouse,Aesop,-500,The Lion and the Mouse - Aesop,Kindness,Small Acts
"A generous heart, kind speech, and a life of service and compassion are the things which renew humanity.",Dhammapada,Attributed to Buddha,-500,Dhammapada - Attributed to Buddha,Generosity,Renewal
Kindness in words creates confidence. Kindness in thinking creates profoundness. Kindness in giving creates love.,Tao Te Ching,Laozi,-500,Tao Te Ching - Laozi,Kindness,Layers
"Act of kindness, however small, is never wasted.",Fables,Aesop,-500,Fables - Aesop,Kindness,Deeds
"If you light a lamp for someone else, it will also brighten your path.",Teachings,Buddha,-500,Teachings - Buddha,Kindness,Reciprocity
He who wishes to secure the good of others has already secured his own.,Reflections,Confucius,-500,Reflections - Confucius,Generosity,Benefit
"When I let go of what I am, I become what I might be.",Tao Te Ching,Laozi,-500,Tao Te Ching - Laozi,Ego/Self,Letting Go
He who conquers himself is the mightiest warrior.,Analects,Confucius,-500,Analects - Confucius,Ego/Self,Mastery
The beginning of wisdom is the realization of one's own ignorance.,Reflections,Confucius,-500,Reflections - Confucius,Ego/Self,Wisdom
He who knows others is wise. He who knows himself is enlightened.,Tao Te Ching,Laozi,-500,Tao Te Ching - Laozi,Ego/Self,Enlightenment
"If you want to awaken all of humanity, awaken all of yourself.",Reflections,Laozi,-500,Reflections - Laozi,Ego/Self,Wholeness
He who knows he has enough is rich.,Tao Te Ching,Laozi,-500,Tao Te Ching - Laozi,Ego/Self,Contentment
"If you want to be whole, let yourself be partial. If you want to become full, let yourself be empty.",Tao Te Ching,Laozi,-500,Tao Te Ching - Laozi,Ego/Self,Paradox
"What you think, you become. What you feel, you attract. What you imagine, you create.",Teachings,Buddha,-500,Teachings - Buddha,Ego/Self,Becoming
He who conquers others is strong. He who conquers himself is mighty.,Tao Te Ching,Laozi,-500,Tao Te Ching - Laozi,Ego/Self,Mastery
The soul has no secret that the behavior does not reveal.,Reflections,Laozi,-500,Reflections - Laozi,Spirit/Soul,Expression
"Nature does not hurry, yet everything is accomplished.",Tao Te Ching,Laozi,-500,Tao Te Ching - Laozi,Nature/Natural,Flow
Everything flows and nothing stays.,Heraclitus Fragment 12,Heraclitus,-500,Heraclitus Fragment 12 - Heraclitus,Nature/Natural,Impermanence
"If you light a lamp for someone else, it will also brighten your path.",Dhammapada,Buddha,-500,Dhammapada - Buddha,Togetherness,Generosity
"Behold, how good and pleasant it is when brothers dwell in unity!",Psalm 133:1,Bible,-500,Psalm 133:1 - Bible,Togetherness,Harmony
Each morning we are born again. What we do today is what matters most.,Dhammapada,Buddha,-500,Dhammapada - Buddha,Healing,Mindfulness
The root of suffering is attachment.,Dhammapada,Buddha,-500,Dhammapada - Buddha,Suffering,Attachment
"The gem cannot be polished without friction, nor man perfected without trials.",Reflections,Confucius,-500,Reflections - Confucius,Suffering,Refinement
"Where there is no suffering, there is no compassion.",Reflections,Buddha,-500,Reflections - Buddha,Suffering,Compassion
The best fighter is never angry.,Tao Te Ching,Laozi,-500,Tao Te Ching - Laozi,Conflict,Composure
"Three things cannot be long hidden: the sun, the moon, and the truth.",Dhammapada,Siddhartha Gautama (Buddha),-500,Dhammapada - Siddhartha Gautama (Buddha),Truth,Revelation
"The truth is not always beautiful, nor beautiful words the truth.",Tao Te Ching,Laozi,-500,Tao Te Ching - Laozi,Truth,Paradox
To know what is right and not do it is the worst cowardice.,Reflections,Confucius,-500,Reflections - Confucius,Truth,Integrity
"The Tao gives birth to all things. It flows through all things, inside and outside, and returns to the origin of all things.",Tao Te Ching,Laozi,-500,Tao Te Ching - Laozi,God,Source
"If you want to awaken all of humanity, awaken all of yourself.",Hua Hu Ching,Lao Tzu (attributed),-500,Hua Hu Ching - Lao Tzu (attributed),Awakening,Self
"A man is not called wise because he talks and talks again but if he is peaceful, loving and fearless then he is in truth called wise.",Dhammapada,Gautama Buddha,-500,Dhammapada - Gautama Buddha,Wisdom,Peacefulness
"When you realize there is nothing lacking, the whole world belongs to you.",Tao Te Ching,Laozi,-500,Tao Te Ching - Laozi,Abundance,Realization
"There is no fire like passion, no shark like hatred, no snare like folly, no torrent like greed.",Dhammapada,Gautama Buddha,-500,Dhammapada - Gautama Buddha,Desire,Dangers
"He who learns must suffer. And even in our sleep, pain that cannot forget falls drop by drop upon the heart.",Agamemnon,Aeschylus,-458,Agamemnon - Aeschylus,Suffering,Learning
"To find yourself, think for yourself.",Reflections,Socrates,-400,Reflections - Socrates,Ego/Self,Independence
Beware the barrenness of a busy life.,Reflections,Socrates,-400,Reflections - Socrates,Ego/Self,Distraction
"Being deeply loved by someone gives you strength, while loving someone deeply gives you courage.",Tao Te Ching,Laozi,-400,Tao Te Ching - Laozi,Togetherness,Courage
"False words are not only evil in themselves, but they infect the soul with evil.",Reflections,Socrates (via Plato),-400,Reflections - Socrates (via Plato),Truth,Corruption
"The wise try to reach the source, the ignorant live by appearances.",Bhagavad Gita,Vyasa,-400,Bhagavad Gita - Vyasa,Truth,Source
Truth is always the strongest argument.,Reflections,Sophocles,-400,Reflections - Sophocles,Truth,Strength
Touch is the oldest medicine.,Reflections,Hippocrates,-400,Reflections - Hippocrates,Affection,Healing
True wisdom lies in knowing that you know nothing.,Apology,Socrates,-399,Apology - Socrates,Ego/Self,Ignorance
"Every heart sings a song, incomplete, until another heart whispers back.",The Symposium,Plato,-385,The Symposium - Plato,Togetherness,Love
At the touch of love everyone becomes a poet.,Symposium,Plato,-380,Symposium - Plato,Love,Inspiration
The whole is greater than the sum of its parts.,Metaphysics,Aristotle,-350,Metaphysics - Aristotle,Togetherness,Wholeness
The high-minded man must care more for the truth than for what people think.,Nicomachean Ethics,Aristotle,-340,Nicomachean Ethics - Aristotle,Truth,Wisdom
Gratitude is the foundation of all virtue.,Nicomachean Ethics,Aristotle,-335,Nicomachean Ethics - Aristotle,Gratitude,Ethics
It is the mark of an educated mind to be able to entertain a thought without accepting it.,Metaphysics,Aristotle,-335,Metaphysics - Aristotle,Acceptance,Open-Mindedness
The least initial deviation from the truth is multiplied later a thousandfold.,Dialogues,Aristotle,-335,Dialogues - Aristotle,Honesty,Consequences
"The more you know, the more you realize how much you don’t know.",Reflections,Aristotle,-335,Reflections - Aristotle,Ego/Self,Humility
Self-knowledge is the beginning of all wisdom.,Metaphysics,Aristotle,-335,Metaphysics - Aristotle,Ego/Self,Self-Knowledge
The soul never thinks without a picture.,Metaphysics,Aristotle,-335,Metaphysics - Aristotle,Spirit/Soul,Imagination
The soul's joy lies in doing.,Ethics,Aristotle,-335,Ethics - Aristotle,Spirit/Soul,Activity
Love is composed of a single soul inhabiting two bodies.,Attributed Fragment,Aristotle,-330,Attributed Fragment - Aristotle,Love,Oneness
Human beings are social animals.,Politics,Aristotle,-330,Politics - Aristotle,Togetherness,Nature
"The greater the difficulty, the more glory in surmounting it.",Reflections,Epicurus,-300,Reflections - Epicurus,Fortitude,Achievement
In all things of nature there is something of the marvelous.,Reflections,Aristotle,-300,Reflections - Aristotle,Nature/Natural,Marvel
Nature abhors a vacuum.,Reflections,Aristotle,-300,Reflections - Aristotle,Nature/Natural,Balance
Every morning we are born again. What we do today is what matters most—and grace allows it.,Dhammapada,Attributed to Buddha,-300,Dhammapada - Attributed to Buddha,Grace,Renewal
"He who sees Me everywhere and sees everything in Me—I am never lost to him, and he is never lost to Me.",Bhagavad Gita 6:30,Krishna,-200,Bhagavad Gita 6:30 - Krishna,God,Union
"If we are not ashamed to think it, we should not be ashamed to say it.",Reflections,Marcus Tullius Cicero,-50,Reflections - Marcus Tullius Cicero,Truth,Courage
"Gratitude is not only the greatest of virtues, but the parent of all the others.",Letter to Atticus,Cicero,-45,Letter to Atticus - Cicero,Gratitude,Virtue
Truth builds bridges; lies build walls.,Reflections,Unknown,0,Reflections - Unknown,Honesty,Connection
A heart that loves is always young.,Ancient Proverb,Unknown,0,Ancient Proverb - Unknown,Love,Youth
Give thanks for a little and you will find a lot.,Akan Proverb,Unknown,0,Akan Proverb - Unknown,Gratitude,Simplicity
"When eating fruit, remember the one who planted the tree.",Chinese Proverb,Unknown,0,Chinese Proverb - Unknown,Gratitude,Remembrance
"Gratitude is the music of the heart, when its chords are swept by the breeze of kindness.",Reflections,Unknown,0,Reflections - Unknown,Gratitude,Music
Give thanks for unknown blessings already on their way.,Earth Prayers,Native American Proverb,0,Earth Prayers - Native American Proverb,Gratitude,Faith
A grateful heart is a magnet for miracles.,Personal Sayings,Unknown,0,Personal Sayings - Unknown,Gratitude,Miracles
"Each day I am thankful for nights that turned into mornings, friends that turned into family, and dreams that turned into reality.",Personal Sayings,Unknown,0,Personal Sayings - Unknown,Gratitude,Daily Life
"The more you thank life, the more life gives you to be thankful for.",Sayings,Unknown,0,Sayings - Unknown,Gratitude,Cycle
Honesty is the highest form of intimacy.,Reflections,Unknown,0,Reflections - Unknown,Honesty,Intimacy
"If you cannot be honest with yourself, you cannot be honest with others.",Personal Sayings,Unknown,0,Personal Sayings - Unknown,Honesty,Self
Honesty saves everyone's time.,Productivity Sayings,Unknown,0,Productivity Sayings - Unknown,Honesty,Efficiency
"The truth may hurt for a little while, but a lie hurts forever.",Reflections,Unknown,0,Reflections - Unknown,Honesty,Pain
The best thing about telling the truth is you don’t have to keep track of anything.,Reflections,Anonymous,0,Reflections - Anonymous,Honesty,Simplicity
Better to be slapped with the truth than kissed with a lie.,Personal Sayings,Russian Proverb,0,Personal Sayings - Russian Proverb,Honesty,Tough Love
A half truth is a whole lie.,Aphorisms,Yiddish Proverb,0,Aphorisms - Yiddish Proverb,Honesty,Deception
The real measure of your wealth is how much you’d be worth if you lost all your money—and kept your honesty.,Personal Sayings,Unknown,0,Personal Sayings - Unknown,Honesty,Character
Truth is never afraid of questions.,Reflections,Unknown,0,Reflections - Unknown,Honesty,Inquiry
Honesty begins where excuses end.,Reflections,Unknown,0,Reflections - Unknown,Honesty,Responsibility
"Say what you mean, but don’t say it mean.",Reflections,Unknown,0,Reflections - Unknown,Honesty,Kindness
"Fall seven times, stand up eight.",Japanese Proverb,Unknown,0,Japanese Proverb - Unknown,Fortitude,Resilience
Keep going. Everything you need will come to you at the perfect time.,Journal,Unknown,0,Journal - Unknown,Fortitude,Patience
Resolve says I will. Resilience says I can. Faith says I must.,Journal,Unknown,0,Journal - Unknown,Fortitude,Mindset
He conquers who endures.,Latin Proverb,Unknown,0,Latin Proverb - Unknown,Fortitude,Endurance
Our greatest battles are those with our own doubts.,Reflections,Unknown,0,Reflections - Unknown,Fortitude,Inner Struggle
A smooth sea never made a skilled sailor.,Maritime Proverb,Unknown,0,Maritime Proverb - Unknown,Fortitude,Adversity
Never stop believing in hope because miracles happen every day.,Reflections,Unknown,0,Reflections - Unknown,Fortitude,Hope
Keep putting one foot in front of the other. That’s all you need to do right now.,Reflections,Unknown,0,Reflections - Unknown,Fortitude,Simplicity
Strength grows in the moments you think you can’t go on but you keep going anyway.,Reflections,Unknown,0,Reflections - Unknown,Fortitude,Resolve
We grow through what we go through.,Reflections,Unknown,0,Reflections - Unknown,Fortitude,Growth
The fragrance always stays in the hand that gives the rose.,Chinese Proverb,Unknown,0,Chinese Proverb - Unknown,Giving,Beauty
Kindness is the key that unlocks doors and softens hearts.,Reflections,Unknown,0,Reflections - Unknown,Kindness,Influence
A good deed brightens a dark world.,Reflections,Unknown,0,Reflections - Unknown,Kindness,Light
"Let your heart be full of kindness, your hands full of giving, and your life full of love.",Reflections,Unknown,0,Reflections - Unknown,Kindness,Overflow
Kindness costs nothing but means everything.,Reflections,Unknown,0,Reflections - Unknown,Kindness,Value
"We are not put on this earth for ourselves, but are placed here for each other.",Reflections,Unknown,0,Reflections - Unknown,Giving,Purpose
Kindness is the oil that takes the friction out of life.,Reflections,Author Unknown,0,Reflections - Author Unknown,Kindness,Ease
Only when the ego is silent can the soul speak.,Reflections,Unknown,0,Reflections - Unknown,Ego/Self,Silence
You can’t pour from an empty cup. Take care of yourself first.,Reflections,Unknown,0,Reflections - Unknown,Ego/Self,Self-Care
Spiritual maturity begins when we stop trying to change others and focus on changing ourselves.,Reflections,Unknown,0,Reflections - Unknown,Ego/Self,Maturity
"The ego is loud, but the soul whispers.",Reflections,Unknown,0,Reflections - Unknown,Ego/Self,Stillness
"The more you try to control something, the more it controls you.",Reflections,Unknown,0,Reflections - Unknown,Ego/Self,Control
The soul would have no rainbow if the eyes had no tears.,Native American Proverb,Unknown,0,Native American Proverb - Unknown,Spirit/Soul,Emotion
Let your soul catch up with your body.,Ancient Proverb,Chinese Saying,0,Ancient Proverb - Chinese Saying,Spirit/Soul,Presence
"You don’t have a soul. You are a soul. You have a mind, a body, and a story.",Reflections,Unknown,0,Reflections - Unknown,Spirit/Soul,Identity
Let nature take its course.,Proverb,Traditional Saying,0,Proverb - Traditional Saying,Nature/Natural,Surrender
The leaf does not resist the wind—it follows it to the ground.,Reflections,Zen Proverb,0,Reflections - Zen Proverb,Nature/Natural,Acceptance
"We do not inherit the Earth from our ancestors, we borrow it from our children.",Native Wisdom,Native American Proverb,0,Native Wisdom - Native American Proverb,Nature/Natural,Stewardship
"Nature, time, and patience are the three great physicians.",Proverb,Traditional Saying,0,Proverb - Traditional Saying,Nature/Natural,Healing
"There is no Wi-Fi in the forest, but I promise you will find a better connection.",Reflections,Unknown,0,Reflections - Unknown,Nature/Natural,Presence
The human spirit needs places where nature has not been rearranged by the hand of man.,Reflections,Unknown,0,Reflections - Unknown,Nature/Natural,Untouched
The fall of a leaf is a whisper to the living.,Reflections,Russian Proverb,0,Reflections - Russian Proverb,Nature/Natural,Mortality
No snowflake ever falls in the wrong place.,Reflections,Zen Proverb,0,Reflections - Zen Proverb,Nature/Natural,Fate
The lake is a quiet place to think the loudest thoughts.,Reflections,Unknown,0,Reflections - Unknown,Nature/Natural,Reflection
The first wildflower of the year is like a poem of hope written in pollen.,Reflections,Unknown,0,Reflections - Unknown,Nature/Natural,Renewal
"Beneath the pavement, the earth still breathes.",Reflections,Anonymous,0,Reflections - Anonymous,Nature/Natural,Resilience
It is the spirit that gives life; the flesh counts for nothing.,John 6:63,Jesus of Nazareth,30,John 6:63 - Jesus of Nazareth,Spirit/Soul,Vitality
"Do not judge, or you too will be judged.",Matthew 7:1,Jesus of Nazareth,30,Matthew 7:1 - Jesus of Nazareth,Acceptance,Judgment
The ego builds a house on sand. The soul builds on rock.,Sermons,Jesus of Nazareth,30,Sermons - Jesus of Nazareth,Ego/Self,Foundation
"The light of the body is the eye: if therefore thine eye be single, thy whole body shall be full of light.",Matthew 6:22,Jesus of Nazareth,30,Matthew 6:22 - Jesus of Nazareth,Spirit/Soul,Clarity
A tree is known by its fruit.,Matthew 12:33,Jesus Christ,30,Matthew 12:33 - Jesus Christ,Nature/Natural,Integrity
The wind blows where it wishes... So it is with everyone born of the Spirit.,John 3:8,Jesus Christ,30,John 3:8 - Jesus Christ,Nature/Natural,Mystery
"Blessed are the peacemakers, for they will be called children of God.",Matthew 5:9,Bible (Jesus),30,Matthew 5:9 - Bible (Jesus),Togetherness,Peace
"When two or three are gathered in my name, I am there among them.",Matthew 18:20,Bible (Jesus),30,Matthew 18:20 - Bible (Jesus),Togetherness,Spiritual Gathering
"Blessed are those who mourn, for they will be comforted.",Matthew 5:4,Jesus of Nazareth,30,Matthew 5:4 - Jesus of Nazareth,Suffering,Comfort
"You shall know the truth, and the truth shall set you free.",John 8:32,Jesus,30,John 8:32 - Jesus,Truth,Liberation
The kingdom of God is within you.,Luke 17:21,Jesus,30,Luke 17:21 - Jesus,God,Inner Reality
I am the light of the world. Whoever follows me will never walk in darkness.,John 8:12,Jesus,30,John 8:12 - Jesus,God,Light
You cannot serve both God and money.,Matthew 6:24,Jesus,30,Matthew 6:24 - Jesus,God,Devotion
God knows what you need before you ask Him.,Matthew 6:8,Jesus,30,Matthew 6:8 - Jesus,God,Provision
Even the prodigal was met with grace before apology.,Luke 15:20,Jesus,30,Luke 15:20 - Jesus,Grace,Parable
"Dripping water hollows out stone, not through force but through persistence.",Letters to Lucilius,Ovid,35,Letters to Lucilius - Ovid,Fortitude,Time
Grace is stronger than judgment.; Reflections,James 2:13,James the Just,50,James 2:13 - James the Just,Grace,Mercy
In everything give thanks: for this is the will of God in Christ Jesus concerning you.,1 Thessalonians 5:18,Apostle Paul,50,1 Thessalonians 5:18 - Apostle Paul,Gratitude,Faith
"Be thankful in all circumstances, for this is God’s will for you who belong to Christ Jesus.",1 Thessalonians 5:18,Apostle Paul,50,1 Thessalonians 5:18 - Apostle Paul,Gratitude,Circumstance
"Carry each other’s burdens, and in this way you will fulfill the law of Christ.",Galatians 6:2,Bible (Paul),50,Galatians 6:2 - Bible (Paul),Togetherness,Service
"Love is patient, love is kind. It does not envy, it does not boast, it is not proud.",1 Corinthians 13:4,Apostle Paul,55,1 Corinthians 13:4 - Apostle Paul,Love,Kindness
"No eye has seen, no ear has heard, no mind has conceived what God has prepared.",1 Corinthians 2:9,Paul the Apostle,55,1 Corinthians 2:9 - Paul the Apostle,God,Mystery
God’s strength is made perfect in weakness.,2 Corinthians 12:9,Paul the Apostle,56,2 Corinthians 12:9 - Paul the Apostle,God,Strength
"But where sin increased, grace increased all the more.",Romans 5:20,Paul the Apostle,56,Romans 5:20 - Paul the Apostle,Grace,Forgiveness
Grace is sufficient. Period.,2 Corinthians 12:9,Paul the Apostle,56,2 Corinthians 12:9 - Paul the Apostle,Grace,Sufficiency
"Suffering produces perseverance; perseverance, character; and character, hope.",Romans 5:3–4,Paul the Apostle,60,Romans 5:3–4 - Paul the Apostle,Suffering,Hope
He who gives when he is asked has waited too long.,Aphorisms,Lucius Annaeus Seneca,60,Aphorisms - Lucius Annaeus Seneca,Giving,Promptness
God is not far from each one of us. For in Him we live and move and have our being.,Acts 17:27–28,Paul the Apostle,60,Acts 17:27–28 - Paul the Apostle,God,Immanence
"It is by grace you have been saved, through faith—and this is not from yourselves.",Ephesians 2:8,Paul the Apostle,60,Ephesians 2:8 - Paul the Apostle,Grace,Gift
"Love, in its essence, is spiritual fire.",Meditations,Lucius Annaeus Seneca,65,Meditations - Lucius Annaeus Seneca,Love,Fire
He who receives a benefit with gratitude repays the first installment on his debt.,Letters to Lucilius,Seneca,65,Letters to Lucilius - Seneca,Gratitude,Reciprocity
"Difficulties strengthen the mind, as labor does the body.",Letters to Lucilius,Seneca,65,Letters to Lucilius - Seneca,Fortitude,Strength
"Brave men rejoice in adversity, just as brave soldiers triumph in war.",Reflections,Seneca,65,Reflections - Seneca,Fortitude,Bravery
"Wherever there is a human being, there is an opportunity for a kindness.",Letters,Seneca,65,Letters - Seneca,Kindness,Opportunity
We suffer more often in imagination than in reality.,Letters to Lucilius,Seneca,65,Letters to Lucilius - Seneca,Ego/Self,Illusion
We suffer more often in imagination than in reality.,Letters to Lucilius,Seneca,65,Letters to Lucilius - Seneca,Suffering,Perception
"God is love. Whoever lives in love lives in God, and God in them.",1 John 4:16,John,90,1 John 4:16 - John,God,Love
"No one has ever seen God, but the one and only Son has made him known.",John 1:18,John the Evangelist,90,John 1:18 - John the Evangelist,God,Revelation
"I am the Alpha and the Omega, the beginning and the end.",Revelation 22:13,Jesus (John),95,Revelation 22:13 - Jesus (John),God,Eternity
"He is a wise man who does not grieve for the things which he has not, but rejoices for those which he has.",Discourses,Epictetus,100,Discourses - Epictetus,Gratitude,Rejoicing
"Painting is silent poetry, and poetry is painting that speaks.",Reflections,Plutarch,100,Reflections - Plutarch,Creativity,Duality
Suffering shows us what we are truly made of.,Reflections,Epictetus,110,Reflections - Epictetus,Suffering,Character
The soul becomes dyed with the color of its thoughts.,Meditations,Marcus Aurelius,170,Meditations - Marcus Aurelius,Spirit/Soul,Influence
Clear minds produce clear words.,Reflections,Marcus Aurelius,170,Reflections - Marcus Aurelius,Truth,Clarity
"Every blade of grass has its angel that bends over it and whispers, “Grow, grow.”",Talmud,Jewish Wisdom Literature,200,Talmud - Jewish Wisdom Literature,Spirit/Soul,Inspiration
Joy shared is joy doubled.,Talmud,Jewish Wisdom,200,Talmud - Jewish Wisdom,Togetherness,Joy
"We don’t see things as they are, we see them as we are.",Reflections,Talmud,200,Reflections - Talmud,Conflict,Perception
He who is filled with love is filled with God himself.,On Christian Doctrine,Augustine of Hippo,397,On Christian Doctrine - Augustine of Hippo,Love,Divinity
"The soul is the lamp by which we see the truth, even when the mind is blind.",Reflections,Augustine of Hippo,398,Reflections - Augustine of Hippo,Spirit/Soul,Illumination
Love is the beauty of the soul.,On the Trinity,Augustine of Hippo,400,On the Trinity - Augustine of Hippo,Love,Beauty
God loves each of us as if there were only one of us.,Confessions,Augustine of Hippo,400,Confessions - Augustine of Hippo,Acceptance,Divine
"When you suffer and cry aloud, know that one is listening: the Spirit.",Reflections,St. Augustine,400,Reflections - St. Augustine,Suffering,Spirit
Truth is like a lion. You don’t have to defend it. Let it loose. It will defend itself.,Reflections,Augustine of Hippo,400,Reflections - Augustine of Hippo,Truth,Strength
"God is not what you imagine or what you think you understand. If you understand, you have failed.",Sermons,Saint Augustine,400,Sermons - Saint Augustine,God,Mystery
God loves each of us as if there were only one of us.,Reflections,Augustine of Hippo,400,Reflections - Augustine of Hippo,God,Love
Grace pours into empty hands.,Reflections,Saint Augustine,400,Reflections - Saint Augustine,Grace,Humility
"Every blade of grass has its angel that bends over it and whispers, “Grow, grow.”",Talmud,Jewish Sages,500,Talmud - Jewish Sages,Nature/Natural,Encouragement
Even a smile is charity.,Hadith,Prophet Muhammad,632,Hadith - Prophet Muhammad,Kindness,Gesture
For those who believe and trust in God—He will make a way.,Quran 65:2,Muhammad,632,Quran 65:2 - Muhammad,God,Trust
God is closer to us than our own jugular vein.,Quran 50:16,Muhammad,632,Quran 50:16 - Muhammad,God,Nearness
The measure of love is to love without measure.,Sermons,Bernard of Clairvaux,1135,Sermons - Bernard of Clairvaux,Love,Measurelessness
You must accept the truth from whatever source it comes.,Mishneh Torah,Moses Maimonides,1180,Mishneh Torah - Moses Maimonides,Acceptance,Wisdom
"When the heart weeps for what it has lost, the spirit laughs for what it has found.",Reflections,Sufi Proverb,1200,Reflections - Sufi Proverb,Suffering,Spirit
I searched for God and found only myself. I searched for myself and found only God.,Reflections,Sufi Proverb,1200,Reflections - Sufi Proverb,God,Self
Each soul is a spark of the Divine.,Reflections,Jewish Mysticism,1200,Reflections - Jewish Mysticism,God,Soul
Love’s most eloquent language is wordless.,Reflections,Rumi,1240,Reflections - Rumi,Affection,Presence
Every kiss writes a new line in the poem of trust.,Reflections,Rumi,1240,Reflections - Rumi,Affection,Intimacy
"The soul becomes whole through love, not through knowledge.",Reflections,Hadewijch of Antwerp,1250,Reflections - Hadewijch of Antwerp,Spirit/Soul,Wholeness
The soul has been given its own ears to hear things the mind does not understand.,Reflections,Rumi,1250,Reflections - Rumi,God,Soul
"Silence is the language of God, all else is poor translation.",Reflections,Rumi,1250,Reflections - Rumi,God,Silence
"When grace enters, there is no choice—it changes us.",Reflections,Rumi,1250,Reflections - Rumi,Grace,Transformation
The simple act of holding hands is a silent poem.,Reflections,Rumi (paraphrased),1250,Reflections - Rumi (paraphrased),Affection,Connection
The softest gestures often break the hardest walls.,Reflections,Rumi (paraphrased),1250,Reflections - Rumi (paraphrased),Affection,Breakthrough
"If light is in your heart, you will find your way home.",Reflections,Rumi,1250,Reflections - Rumi,Light,Direction
"Your task is not to seek for love, but merely to seek and find all the barriers within yourself that you have built against it.",Masnavi,Rumi,1258,Masnavi - Rumi,Self-Awareness,Inner Blocks
The wound is the place where the Light enters you.,Masnavi,Rumi,1258,Masnavi - Rumi,Healing,Spiritual Entry
Out beyond ideas of wrongdoing and rightdoing there is a field. I’ll meet you there.,Masnavi,Rumi,1258,Masnavi - Rumi,Unity,Non-Dualism
You are not a drop in the ocean. You are the entire ocean in a drop.,Masnavi,Rumi,1258,Masnavi - Rumi,Spirit,Infinity
"The moment you accept what troubles you've been given, the door will open.",Reflections,Rumi,1258,Reflections - Rumi,Acceptance,Opportunity
"When the soul lies down in that grass, the world is too full to talk about.",Masnavi,Rumi,1258,Masnavi - Rumi,Union,Silence
"If you are irritated by every rub, how will your mirror be polished?",Masnavi,Rumi,1258,Masnavi - Rumi,Suffering,Refinement
Love is the whole thing. We are only pieces.,Divan of Shams,Rumi,1260,Divan of Shams - Rumi,Love,Wholeness
Love is the bridge between you and everything.,Divan of Shams,Rumi,1260,Divan of Shams - Rumi,Love,Connection
Let yourself be silently drawn by the strange pull of what you really love. It will not lead you astray.,Divan of Shams,Rumi,1260,Divan of Shams - Rumi,Love,Desire
Only from the heart can you touch the sky.,Divan of Shams,Rumi,1260,Divan of Shams - Rumi,Love,Elevation
Gratitude is the wine for the soul. Go on. Get drunk.,Divan of Shams,Rumi,1260,Divan of Shams - Rumi,Gratitude,Delight
"Be grateful for whoever comes, because each has been sent as a guide from beyond.",The Guest House,Rumi,1260,The Guest House - Rumi,Gratitude,Learning
"The moment you accept what troubles you’ve been given, the door will open.",Divan of Shams,Rumi,1260,Divan of Shams - Rumi,Acceptance,Suffering
The wound is the place where the light enters you.,Divan of Shams,Rumi,1260,Divan of Shams - Rumi,Acceptance,Healing
You are not a drop in the ocean. You are the entire ocean in a drop.,Divan of Shams,Rumi,1260,Divan of Shams - Rumi,Acceptance,Identity
Don't grieve. Anything you lose comes round in another form.,Divan of Shams,Rumi,1260,Divan of Shams - Rumi,Acceptance,Loss
The wound is where the light enters you.,Divan of Shams,Rumi,1260,Divan of Shams - Rumi,Acceptance,Healing
You are not a drop in the ocean. You are the entire ocean in a drop.,Divan of Shams,Rumi,1260,Divan of Shams - Rumi,Ego/Self,Unity
The ego is a veil between humans and God.,Teachings,Rumi,1260,Teachings - Rumi,Ego/Self,Spiritual Obstacle
"I have been a seeker and I still am, but I stopped asking the books and the stars. I started listening to the teaching of my Soul.",Reflections,Rumi,1260,Reflections - Rumi,Ego/Self,Inner Voice
The ego is a veil between humans and their true nature.,Discourses,Rumi,1260,Discourses - Rumi,Ego/Self,Veil
The body is a garment. The soul is the being.,Teachings,Rumi,1260,Teachings - Rumi,Spirit/Soul,Essence
"You were born with wings, why prefer to crawl through life?",Divan of Shams,Rumi,1260,Divan of Shams - Rumi,Spirit/Soul,Potential
"My soul is from elsewhere, I'm sure of that, and I intend to end up there.",Reflections,Rumi,1260,Reflections - Rumi,Spirit/Soul,Origin
"Wherever you stand, be the soul of that place.",Reflections,Rumi,1260,Reflections - Rumi,Spirit/Soul,Presence
"There is a candle in your heart, ready to be kindled.",Teachings,Rumi,1260,Teachings - Rumi,Spirit/Soul,Light
"The soul, like the moon, is new, and always new again.",Divan of Shams,Rumi,1260,Divan of Shams - Rumi,Spirit/Soul,Renewal
The wound is the place where the Light enters you.,Divan of Shams,Rumi,1260,Divan of Shams - Rumi,Spirit/Soul,Transformation
"When you do things from your soul, you feel a river moving in you, a joy.",Divan of Shams,Rumi,1260,Divan of Shams - Rumi,Spirit/Soul,Flow
Sometimes you hear a voice through the door calling you… This turning toward what you deeply love saves you.,Divan of Shams,Rumi,1260,Divan of Shams - Rumi,Spirit/Soul,Calling
"My soul is my guide, for my soul knows the way.",Reflections,Rumi,1260,Reflections - Rumi,Spirit/Soul,Guidance
"In one soul, in your soul, there are a thousand possibilities.",Reflections,Rumi,1260,Reflections - Rumi,Spirit/Soul,Possibility
The breeze at dawn has secrets to tell you. Don’t go back to sleep.,Divan of Shams,Rumi,1260,Divan of Shams - Rumi,Nature/Natural,Awakening
The fire you kindle for your enemy often burns you more than them. Kindle warmth for others instead.,Reflections,Rumi,1260,Reflections - Rumi,Togetherness,Forgiveness
Let the beauty we love be what we do. There are hundreds of ways to kneel and kiss the ground.,Masnavi,Rumi,1260,Masnavi - Rumi,Devotion,Embodied Prayer
Love is the bridge between you and everything.,Masnavi,Rumi,1260,Masnavi - Rumi,Connection,Love
"You were born with wings, why prefer to crawl through life?",Divan,Rumi,1270,Divan - Rumi,God,Divine Potential
Laughter is the shortest distance between two souls.,Reflections,Thomas Aquinas (attributed),1270,Reflections - Thomas Aquinas (attributed),Humor,Unity
"Your task is not to seek for love, but merely to seek and find all the barriers within yourself that you have built against it.",The Essential Rumi,Rumi,1273,The Essential Rumi - Rumi,Acceptance,Barriers
"Your task is not to seek for love, but merely to seek and find all the barriers within yourself that you have built against it.",The Essential Rumi,Rumi,1273,The Essential Rumi - Rumi,Ego/Self,Resistance
Love is the bridge between you and everything.,The Essential Rumi,Rumi,1273,The Essential Rumi - Rumi,Togetherness,Connection
The wound is the place where the Light enters you.,The Essential Rumi,Rumi,1273,The Essential Rumi - Rumi,Healing,Wounds
You are not a drop in the ocean. You are the entire ocean in a drop.,The Essential Rumi,Rumi,1273,The Essential Rumi - Rumi,Healing,Wholeness
The cure for pain is in the pain.,The Essential Rumi,Rumi,1273,The Essential Rumi - Rumi,Healing,Paradox
The wound is the place where the Light enters you.,The Essential Rumi,Rumi,1273,The Essential Rumi - Rumi,Suffering,Transformation
"What hurts you, blesses you. Darkness is your candle.",The Essential Rumi,Rumi,1273,The Essential Rumi - Rumi,Suffering,Paradox
The cure for pain is in the pain.,The Essential Rumi,Rumi,1273,The Essential Rumi - Rumi,Suffering,Cure
"Out beyond ideas of wrongdoing and rightdoing, there is a field. I’ll meet you there.",The Essential Rumi,Rumi,1273,The Essential Rumi - Rumi,Conflict,Transcendence
"Your task is not to seek for love, but merely to seek and find all the barriers within yourself that you have built against it.",The Essential Rumi,Rumi,1273,The Essential Rumi - Rumi,Conflict,Inner Barriers
"What hurts you, blesses you. Darkness is your candle.",The Essential Rumi,Rumi,1273,The Essential Rumi - Rumi,Conflict,Paradox
The wound is the place where the Light enters you.,The Essential Rumi,Rumi,1273,The Essential Rumi - Rumi,Conflict,Healing
Gratitude is a sacred duty owed to God and to people.,Summa Theologica,Thomas Aquinas,1274,Summa Theologica - Thomas Aquinas,Gratitude,Duty
The soul that loves God is never weary of praising Him.,Sermons,Thomas Aquinas,1274,Sermons - Thomas Aquinas,Spirit/Soul,Devotion
Grace does not destroy nature but perfects it.,Summa Theologiae,Thomas Aquinas,1274,Summa Theologiae - Thomas Aquinas,Grace,Nature
Hands can pray without words.,Reflections,Meister Eckhart,1300,Reflections - Meister Eckhart,Affection,Sacred Gesture
"If the only prayer you said in your whole life was ‘thank you,’ that would suffice.",Reflections,Meister Eckhart,1300,Reflections - Meister Eckhart,Gratitude,Simplicity
"God is not found in the soul by adding anything, but by subtracting.",Sermons,Meister Eckhart,1310,Sermons - Meister Eckhart,God,Detachment
"Endure, and keep yourself for days of happiness.",The Divine Comedy,Dante Alighieri,1320,The Divine Comedy - Dante Alighieri,Fortitude,Patience
Only through the loss of self can the soul truly be found.,Mystical Writings,Meister Eckhart,1320,Mystical Writings - Meister Eckhart,Ego/Self,Detachment
The soul does not grow by addition but by subtraction.,Reflections,Meister Eckhart,1320,Reflections - Meister Eckhart,Spirit/Soul,Detachment
The eye through which I see God is the same eye through which God sees me.,Sermons,Meister Eckhart,1320,Sermons - Meister Eckhart,Spirit/Soul,Union
God is not found in the soul by adding anything but by a process of subtraction.,Sermons,Meister Eckhart,1320,Sermons - Meister Eckhart,Spirit/Soul,Surrender
There is no pain so great as the memory of joy in present grief.,Inferno,Dante Alighieri,1320,Inferno - Dante Alighieri,Suffering,Contrast
In God’s will is our peace.,Paradiso,Dante Alighieri,1320,Paradiso - Dante Alighieri,God,Peace
Every creature is a word of God.,Reflections,Meister Eckhart,1320,Reflections - Meister Eckhart,God,Creation
Grace is the garment of heaven worn by the soul.,Reflections,Meister Eckhart,1320,Reflections - Meister Eckhart,Grace,Metaphor
In the middle of the journey of our life I found myself within a dark wood where the straight way was lost.,Inferno,Dante Alighieri,1320,Inferno - Dante Alighieri,Journey,Lostness
"Even after all this time, the sun never says to the earth, ‘You owe me.’",Reflections,Hafiz,1320,Reflections - Hafiz,Love,Unconditional
Fear is the cheapest room in the house. I’d like to see you in better living conditions.,Reflections,Hafiz,1320,Reflections - Hafiz,Fear,Courage
"I wish I could show you, when you are lonely or in darkness, the astonishing light of your own being.",Reflections,Hafiz,1320,Reflections - Hafiz,Light,Self-Worth
Nature is the art of God.,Reflections,Dante Alighieri,1321,Reflections - Dante Alighieri,Nature/Natural,Divine Order
Grace is the music that the soul dances to when it knows it is loved.,Reflections,Hafiz,1350,Reflections - Hafiz,Grace,Joy
The soul has its own path. Sometimes it leads us through thorns to find the rose.,Reflections,Hafiz,1370,Reflections - Hafiz,Spirit/Soul,Journey
All that is not God is nothing.,The Cloud of Unknowing,Anonymous,1375,The Cloud of Unknowing - Anonymous,God,Detachment
"All is well, and all shall be well, and all manner of thing shall be well.",Revelations of Divine Love,Julian of Norwich,1395,Revelations of Divine Love - Julian of Norwich,Acceptance,Assurance
God is a circle whose center is everywhere and whose circumference is nowhere.,Reflections,Nicholas of Cusa,1440,Reflections - Nicholas of Cusa,God,Infinity
Simplicity is the ultimate sophistication.,Notebook,Leonardo da Vinci,1490,Notebook - Leonardo da Vinci,Ego/Self,Simplicity
"I have seen all souls as my soul, and realized my soul as the soul of all.",Songs of Kabir,Kabir,1490,Songs of Kabir - Kabir,Unity,Mysticism
Nature never breaks her own laws.,Reflections,Leonardo da Vinci,1505,Reflections - Leonardo da Vinci,Nature/Natural,Order
I saw the angel in the marble and carved until I set him free.,Reflections,Michelangelo,1520,Reflections - Michelangelo,Spirit/Soul,Discovery
"Without grace, the law condemns. With grace, the law is fulfilled.",Reflections,Martin Luther,1520,Reflections - Martin Luther,Grace,Law
"Give light, and the darkness will disappear of itself.",Reflections,Desiderius Erasmus,1526,Reflections - Desiderius Erasmus,Giving,Illumination
"Even if I knew that tomorrow the world would go to pieces, I would still plant my apple tree.",Quoted in Ethics,Martin Luther,1530,Quoted in Ethics - Martin Luther,Acceptance,Hope
"Even if I knew that tomorrow the world would go to pieces, I would still plant my apple tree.",Sermons,Martin Luther,1530,Sermons - Martin Luther,Fortitude,Hope
The soul can do without everything except the Word of God.,Reflections,Martin Luther,1530,Reflections - Martin Luther,Spirit/Soul,Nourishment
"God writes the Gospel not in the Bible alone, but on trees and flowers and clouds and stars.",Reflections,Martin Luther,1530,Reflections - Martin Luther,God,Revelation
The true work of art is but a shadow of the divine perfection.,Reflections,Michelangelo,1537,Reflections - Michelangelo,Creativity,Divine
A man with God is always in the majority.,Reflections,John Knox,1550,Reflections - John Knox,God,Courage
We don’t need to think alike to love alike.,Reflections,Francis David,1568,Reflections - Francis David,Togetherness,Tolerance
"When I found God, I found myself.",Reflections,St. Teresa of Avila,1575,Reflections - St. Teresa of Avila,God,Self
"Love is a spiritual force that binds souls, not bodies.",The Interior Castle,Teresa of Ávila,1577,The Interior Castle - Teresa of Ávila,Love,Soul
The soul that walks in love neither tires others nor grows tired.,Reflections,St. John of the Cross,1577,Reflections - St. John of the Cross,Spirit/Soul,Love
What you do with your hands reveals what you carry in your heart.,Reflections,Saint Teresa of Avila,1577,Reflections - Saint Teresa of Avila,Affection,Intention
An honest mind is content with its own truth.,Essays,Michel de Montaigne,1580,Essays - Michel de Montaigne,Honesty,Contentment
He who truly loves God asks for nothing but God.,Reflections,Saint John of the Cross,1585,Reflections - Saint John of the Cross,God,Desire
To weep is to make less the depth of grief.,"King Henry VI, Part III",William Shakespeare,1591,"King Henry VI, Part III - William Shakespeare",Healing,Grief
"Love looks not with the eyes, but with the mind, and therefore is winged Cupid painted blind.",A Midsummer Night’s Dream,William Shakespeare,1595,A Midsummer Night’s Dream - William Shakespeare,Love,Perception
"The more I give to thee, the more I have, for both are infinite.",Romeo and Juliet,William Shakespeare,1597,Romeo and Juliet - William Shakespeare,Love,Abundance
"Honesty is the best policy. If I lose mine honor, I lose myself.",Reflections,William Shakespeare,1597,Reflections - William Shakespeare,Truth,Honor
"The fool doth think he is wise, but the wise man knows himself to be a fool.",As You Like It,William Shakespeare,1599,As You Like It - William Shakespeare,Ego/Self,Wisdom
"To be honest, as this world goes, is to be one man picked out of ten thousand.",Hamlet,William Shakespeare,1600,Hamlet - William Shakespeare,Honesty,Rarity
To thine own self be true.,Hamlet,William Shakespeare,1600,Hamlet - William Shakespeare,Honesty,Self
"A single arrow is easily broken, but not ten in a bundle.",Mongolian Proverb,Unknown,1600,Mongolian Proverb - Unknown,Togetherness,Strength
No road is long with good company.,Turkish Proverb,Unknown,1600,Turkish Proverb - Unknown,Togetherness,Companionship
"Fall down seven times, stand up eight.",Japanese Proverb,Unknown,1600,Japanese Proverb - Unknown,Recovery,Perseverance
"Love sought is good, but given unsought, is better.",Twelfth Night,William Shakespeare,1602,Twelfth Night - William Shakespeare,Love,Generosity
One touch of nature makes the whole world kin.,Troilus and Cressida,William Shakespeare,1602,Troilus and Cressida - William Shakespeare,Nature/Natural,Kinship
"To thine own self be true, and it must follow, as the night the day, thou canst not then be false to any man.",Hamlet,William Shakespeare,1603,Hamlet - William Shakespeare,Truth,Self
No legacy is so rich as honesty.,All's Well That Ends Well,William Shakespeare,1604,All's Well That Ends Well - William Shakespeare,Honesty,Integrity
No legacy is so rich as honesty.,All’s Well That Ends Well,William Shakespeare,1604,All’s Well That Ends Well - William Shakespeare,Truth,Character
Ingratitude is monstrous.,King Lear,William Shakespeare,1606,King Lear - William Shakespeare,Gratitude,Absence
Love is not love which alters when it alteration finds.,Sonnet 116,William Shakespeare,1609,Sonnet 116 - William Shakespeare,Love,Constancy
"Nothing is so strong as gentleness, and nothing so gentle as real strength.",Reflections,Saint Francis de Sales,1609,Reflections - Saint Francis de Sales,Kindness,Power
Tenderness is stronger than force.,Reflections,Saint Francis de Sales,1609,Reflections - Saint Francis de Sales,Affection,Strength
Grace enlarges the soul.,Reflections,Saint Francis de Sales,1610,Reflections - Saint Francis de Sales,Grace,Growth
We cannot command nature except by obeying her.,Novum Organum,Francis Bacon,1620,Novum Organum - Francis Bacon,Nature/Natural,Obedience
The job of the artist is always to deepen the mystery.,Reflections,Francis Bacon,1620,Reflections - Francis Bacon,Creativity,Mystery
"Truth is the daughter of time, not of authority.",Reflections,Francis Bacon,1620,Reflections - Francis Bacon,Truth,Time
"No man is an island, entire of itself.",Devotions upon Emergent Occasions,John Donne,1624,Devotions upon Emergent Occasions - John Donne,Togetherness,Interdependence
Truth is the daughter of time.,Reflections,Francis Bacon,1625,Reflections - Francis Bacon,Honesty,Patience
No pleasure is comparable to the standing upon the vantage ground of truth.,Reflections,Francis Bacon,1625,Reflections - Francis Bacon,Truth,Perspective
There is more mercy in Christ than sin in us.,Reflections,Richard Sibbes,1630,Reflections - Richard Sibbes,Grace,Mercy
All truths are easy to understand once they are discovered; the point is to discover them.,Reflections,Galileo Galilei,1632,Reflections - Galileo Galilei,Truth,Discovery
"If you would be a real seeker after truth, it is necessary that at least once in your life you doubt, as far as possible, all things.",Meditations on First Philosophy,René Descartes,1641,Meditations on First Philosophy - René Descartes,Truth,Doubt
A single lie destroys a whole reputation for integrity.,Reflections,Baltasar Gracián,1647,Reflections - Baltasar Gracián,Truth,Reputation
"When love is not madness, it is not love.",Aphorisms,Pedro Calderón de la Barca,1650,Aphorisms - Pedro Calderón de la Barca,Love,Madness
A single lie destroys a whole reputation for integrity.,Public Speeches,Baltasar Gracián,1650,Public Speeches - Baltasar Gracián,Honesty,Reputation
The manner of giving is worth more than the gift.,Reflections,Pierre Corneille,1650,Reflections - Pierre Corneille,Giving,Generosity
"An honest man speaks the truth, though it may be against himself.",Sermons,Thomas Watson,1660,Sermons - Thomas Watson,Honesty,Integrity
What is called generosity is usually only the vanity of giving.,Maxims,François de La Rochefoucauld,1665,Maxims - François de La Rochefoucauld,Generosity,Critique
"It is not only what we do, but also what we do not do, for which we are accountable.",Reflections,Molière,1666,Reflections - Molière,Truth,Responsibility
God is nearer to us than our own thoughts.,Reflections,Brother Lawrence,1666,Reflections - Brother Lawrence,God,Presence
The heart has its reasons which reason knows not.,Pensées,Blaise Pascal,1670,Pensées - Blaise Pascal,Love,Mystery
The greatest act of faith is when a man understands he is not God.,Pensées,Blaise Pascal,1670,Pensées - Blaise Pascal,Acceptance,Humility
"The greater the obstacle, the more glory in overcoming it.",Reflections,Molière,1670,Reflections - Molière,Fortitude,Challenge
Nature is an infinite sphere of which the center is everywhere and the circumference nowhere.,Pensées,Blaise Pascal,1670,Pensées - Blaise Pascal,Nature/Natural,Infinity
The heart has its reasons which reason knows not of.,Pensées,Blaise Pascal,1670,Pensées - Blaise Pascal,Conflict,Emotion
Even truth needs to be clothed in beauty sometimes.,Reflections,Blaise Pascal,1670,Reflections - Blaise Pascal,Truth,Aesthetics
"I need God, not the God of the philosophers, but the God of Abraham, Isaac, and Jacob.",Pensées,Blaise Pascal,1670,Pensées - Blaise Pascal,God,Faith
Nature is full of infinite causes that have never occurred in experience.,Ethics,Baruch Spinoza,1677,Ethics - Baruch Spinoza,Nature/Natural,Mystery
Nature is pleased with simplicity.,Principia Mathematica,Isaac Newton,1687,Principia Mathematica - Isaac Newton,Nature/Natural,Simplicity
Out of difficulties grow miracles.,Reflections,Jean de La Bruyère,1688,Reflections - Jean de La Bruyère,Fortitude,Possibility
You have not lived today until you have done something for someone who can never repay you.,Reflections,John Bunyan,1688,Reflections - John Bunyan,Kindness,Altruism
"My barn having burned down, I can now see the moon.",Reflections,Mizuta Masahide,1688,Reflections - Mizuta Masahide,Suffering,Clarity
"My barn having burned down, I can now see the moon.",Haiku,Mizuta Masahide,1688,Haiku - Mizuta Masahide,Loss,Revelation
Shared joy is a double joy; shared sorrow is half a sorrow.,Swedish Proverb,Unknown,1700,Swedish Proverb - Unknown,Togetherness,Empathy
Gratitude is the heart’s memory.,Journal Writings,French Proverb,1700,Journal Writings - French Proverb,Gratitude,Heart
It is in the shelter of each other that people live.,Irish Proverb,Unknown,1700,Irish Proverb - Unknown,Togetherness,Shelter
There is no pillow so soft as a clear conscience.,Reflections,French Proverb,1700,Reflections - French Proverb,Truth,Conscience
"The soul is placed in the body like a rough diamond, and must be polished.",Reflections,Daniel Defoe,1720,Reflections - Daniel Defoe,Spirit/Soul,Refinement
"Gratitude is a duty which ought to be paid, but which none have a right to expect.",Rambler Essays,Samuel Johnson,1750,Rambler Essays - Samuel Johnson,Gratitude,Obligation
Energy and persistence conquer all things.,Letter,Benjamin Franklin,1750,Letter - Benjamin Franklin,Fortitude,Persistence
A man wrapped up in himself makes a very small bundle.,Reflections,Benjamin Franklin,1750,Reflections - Benjamin Franklin,Ego/Self,Self-Centeredness
"Anger is never without a reason, but seldom with a good one.",Reflections,Benjamin Franklin,1750,Reflections - Benjamin Franklin,Conflict,Reason
Half a truth is often a great lie.,Reflections,Benjamin Franklin,1755,Reflections - Benjamin Franklin,Truth,Omission
Writing is the painting of the voice.,Reflections,Voltaire,1756,Reflections - Voltaire,Creativity,Writing
Truth is the torch that gleams through the fog without dispelling it.,Reflections,Claude Adrien Helvétius,1758,Reflections - Claude Adrien Helvétius,Honesty,Clarity
Love is a canvas furnished by nature and embroidered by imagination.,Letter to Countess d’Houdetot,Voltaire,1759,Letter to Countess d’Houdetot - Voltaire,Love,Imagination
Great works are performed not by strength but by perseverance.,Reflections,Samuel Johnson,1759,Reflections - Samuel Johnson,Fortitude,Effort
Originality is nothing but judicious imitation.,Reflections,Voltaire,1759,Reflections - Voltaire,Creativity,Influence
Appreciation is a wonderful thing. It makes what is excellent in others belong to us as well.,Philosophical Dictionary,Voltaire,1764,Philosophical Dictionary - Voltaire,Gratitude,Appreciation
"Never despair. But if you do, work on in despair.",Journal,Edmund Burke,1770,Journal - Edmund Burke,Fortitude,Despair
"The harder the conflict, the greater the triumph.",Reflections,George Washington,1776,Reflections - George Washington,Fortitude,Victory
"Kindness is in our power, even when fondness is not.",Letters,Samuel Johnson,1776,Letters - Samuel Johnson,Kindness,Choice
"The harder the conflict, the more glorious the triumph.",The American Crisis,Thomas Paine,1776,The American Crisis - Thomas Paine,Suffering,Struggle
Amazing grace! How sweet the sound that saved a wretch like me.,Hymn,John Newton,1779,Hymn - John Newton,Grace,Salvation
Nature never deceives us; it is always we who deceive ourselves.,Confessions,Jean-Jacques Rousseau,1782,Confessions - Jean-Jacques Rousseau,Nature/Natural,Perception
"He who permits himself to tell a lie once, finds it much easier to do it a second and third time.",Letter to Peter Carr,Thomas Jefferson,1785,Letter to Peter Carr - Thomas Jefferson,Honesty,Habit
"He who permits himself to tell a lie once, finds it much easier to do it a second time.",Reflections,Thomas Jefferson,1785,Reflections - Thomas Jefferson,Truth,Habit
We are shaped and fashioned by what we love.,Letters,Johann Wolfgang von Goethe,1790,Letters - Johann Wolfgang von Goethe,Love,Influence
He who dares not offend cannot be honest.,A Defense of Poetry,Thomas Paine,1791,A Defense of Poetry - Thomas Paine,Honesty,Boldness
There is no wisdom without honesty.,Proverbs of Hell,William Blake,1793,Proverbs of Hell - William Blake,Honesty,Wisdom
It is better to offer no excuse than a bad one.,Reflections,George Washington,1793,Reflections - George Washington,Truth,Responsibility
Gratitude is the memory of the heart.,Letters,Jean-Baptiste Massieu,1800,Letters - Jean-Baptiste Massieu,Gratitude,Memory
The best mirror is an old friend.,Spanish Proverb,Unknown,1800,Spanish Proverb - Unknown,Togetherness,Reflection
The soul would have no rainbow if the eyes had no tears.,Reflections,Native American Proverb,1800,Reflections - Native American Proverb,Suffering,Insight
Better to be slapped with the truth than kissed with a lie.,Reflections,Russian Proverb,1800,Reflections - Russian Proverb,Truth,Honesty
An honest enemy is better than a false friend.,Reflections,German Proverb,1800,Reflections - German Proverb,Truth,Loyalty
He who tells the truth must have one foot in the stirrup.,Reflections,Armenian Proverb,1800,Reflections - Armenian Proverb,Truth,Consequence
The thankful receiver bears a plentiful harvest.,Journals,William Blake,1803,Journals - William Blake,Gratitude,Reward
To see a world in a grain of sand and a heaven in a wild flower.,Auguries of Innocence,William Blake,1803,Auguries of Innocence - William Blake,Nature/Natural,Microcosm
"The world is full of wonders, but man shuts them from himself with doors of his own making.",Jerusalem,William Blake,1804,Jerusalem - William Blake,Nature/Natural,Awareness
Gratitude is heaven itself.,Christian Mysticism,William Blake,1805,Christian Mysticism - William Blake,Gratitude,Bliss
"What is uttered from the heart alone, will win the hearts of others to your own.",Letter to a Friend,Johann Wolfgang von Goethe,1806,Letter to a Friend - Johann Wolfgang von Goethe,Honesty,Authenticity
What is uttered from the heart alone will win the hearts of others to your own.,Letters,Johann Wolfgang von Goethe,1806,Letters - Johann Wolfgang von Goethe,Spirit/Soul,Heart
Love and desire are the spirit’s wings to great deeds.,Notebook,Johann Wolfgang von Goethe,1810,Notebook - Johann Wolfgang von Goethe,Love,Inspiration
"Truth is a torch but a huge one, and so hard to hold while trying not to burn oneself.",Reflections,Goethe,1810,Reflections - Goethe,Truth,Burden
"What the heart feels, the hand expresses.",Reflections,Johann Wolfgang von Goethe,1810,Reflections - Johann Wolfgang von Goethe,Affection,Expression
We do not suffer by accident.,Reflections,Jane Austen,1811,Reflections - Jane Austen,Suffering,Fate
There is no charm equal to tenderness of heart.,Sense and Sensibility,Jane Austen,1811,Sense and Sensibility - Jane Austen,Affection,Tenderness
Victory belongs to the most persevering.,Notebook,Napoleon Bonaparte,1812,Notebook - Napoleon Bonaparte,Fortitude,Tenacity
The soul that sees beauty may sometimes walk alone.,Reflections,Johann Wolfgang von Goethe,1812,Reflections - Johann Wolfgang von Goethe,Spirit/Soul,Vision
There is pleasure in the pathless woods.,Childe Harold's Pilgrimage,Lord Byron,1812,Childe Harold's Pilgrimage - Lord Byron,Nature/Natural,Solitude
The dew of compassion is a tear.,Reflections,Lord Byron,1812,Reflections - Lord Byron,Nature/Natural,Emotion
There is no instinct like that of the heart.,A Woman’s Thoughts,George Gordon Byron,1813,A Woman’s Thoughts - George Gordon Byron,Love,Instinct
To sit in the shade on a fine day and look upon verdure is the most perfect refreshment.,Mansfield Park,Jane Austen,1814,Mansfield Park - Jane Austen,Nature/Natural,Peace
The poetry of earth is never dead.,On the Grasshopper and Cricket,John Keats,1816,On the Grasshopper and Cricket - John Keats,Nature/Natural,Continuity
The art of life is the art of avoiding pain.,Reflections,Thomas Jefferson,1816,Reflections - Thomas Jefferson,Suffering,Avoidance
"A soul without reflection, like a pile without inhabitant, to me seems dead and vacant.",Reflections,Mary Shelley,1818,Reflections - Mary Shelley,Spirit/Soul,Awareness
Touch has a memory.,Endymion,John Keats,1818,Endymion - John Keats,Affection,Touch
Honesty is the first chapter in the book of wisdom.,Letter to Nathaniel Macon,Thomas Jefferson,1819,Letter to Nathaniel Macon - Thomas Jefferson,Honesty,Wisdom
Honesty is the first chapter in the book of wisdom.,Reflections,Thomas Jefferson,1819,Reflections - Thomas Jefferson,Truth,Honesty
"Prayer is the soul’s sincere desire, uttered or unexpressed.",Hymns,James Montgomery,1825,Hymns - James Montgomery,Spirit/Soul,Prayer
"Every truth passes through three stages: ridicule, opposition, then acceptance.",Reflections,Arthur Schopenhauer,1830,Reflections - Arthur Schopenhauer,Honesty,Process
Each moment of the year has its own beauty.,Reflections,Ralph Waldo Emerson,1837,Reflections - Ralph Waldo Emerson,Nature/Natural,Time
"The more one judges, the less one loves.",Letters,Honore de Balzac,1841,Letters - Honore de Balzac,Love,Judgment
What lies behind us and what lies before us are tiny matters compared to what lies within us.,Personal Essays,Ralph Waldo Emerson,1841,Personal Essays - Ralph Waldo Emerson,Acceptance,Inner Self
The highest compact we can make with our fellow is—Let there be truth between us two forevermore.,Essays,Ralph Waldo Emerson,1841,Essays - Ralph Waldo Emerson,Honesty,Agreement
To be yourself in a world that is constantly trying to make you something else is the greatest accomplishment.,Essays,Ralph Waldo Emerson,1841,Essays - Ralph Waldo Emerson,Ego/Self,Authenticity
What lies behind us and what lies before us are tiny matters compared to what lies within us.,Reflections,Ralph Waldo Emerson,1841,Reflections - Ralph Waldo Emerson,Spirit/Soul,Inner Depth
The whole of nature is a metaphor of the human mind.,Essays,Ralph Waldo Emerson,1841,Essays - Ralph Waldo Emerson,Nature/Natural,Symbolism
Nature is an endless combination and repetition of a very few laws.,Reflections,Ralph Waldo Emerson,1841,Reflections - Ralph Waldo Emerson,Nature/Natural,Pattern
Every artist was first an amateur.,Essays,Ralph Waldo Emerson,1841,Essays - Ralph Waldo Emerson,Creativity,Growth
The highest revelation is that God is in every man.,Reflections,Ralph Waldo Emerson,1841,Reflections - Ralph Waldo Emerson,God,Revelation
"True love is eternal, infinite, and always like itself.",Selected Letters,Honore de Balzac,1842,Selected Letters - Honore de Balzac,Love,Eternity
"It is not length of life, but depth of life.",Essays,Ralph Waldo Emerson,1842,Essays - Ralph Waldo Emerson,Spirit/Soul,Depth
"To love for the sake of being loved is human, but to love for the sake of loving is angelic.",Meditations on Love,Alphonse de Lamartine,1843,Meditations on Love - Alphonse de Lamartine,Love,Intention
The only gift is a portion of thyself.,Essays,Ralph Waldo Emerson,1844,Essays - Ralph Waldo Emerson,Giving,Authenticity
Nature always wears the colors of the spirit.,Essays,Ralph Waldo Emerson,1844,Essays - Ralph Waldo Emerson,Nature/Natural,Reflection
The sky is the daily bread of the eyes.,Reflections,Ralph Waldo Emerson,1844,Reflections - Ralph Waldo Emerson,Nature/Natural,Vision
The only antidote to mental suffering is physical pain.,Reflections,Karl Marx,1844,Reflections - Karl Marx,Suffering,Paradox
Faith sees best in the dark.,Reflections,Søren Kierkegaard,1844,Reflections - Søren Kierkegaard,God,Darkness
Adopt the pace of nature: her secret is patience.,Reflections,Ralph Waldo Emerson,1847,Reflections - Ralph Waldo Emerson,Nature/Natural,Patience
Every sunset brings the promise of a new dawn.,Reflections,Ralph Waldo Emerson,1847,Reflections - Ralph Waldo Emerson,Nature/Natural,Renewal
"The function of prayer is not to influence God, but rather to change the nature of the one who prays.",Works of Love,Søren Kierkegaard,1847,Works of Love - Søren Kierkegaard,God,Prayer
There is no remedy for love but to love more.,Letter to Victor Hugo,Henry David Thoreau,1848,Letter to Victor Hugo - Henry David Thoreau,Love,Devotion
The gift without the giver is bare.,Poems,James Russell Lowell,1848,Poems - James Russell Lowell,Giving,Intent
We loved with a love that was more than love.,Annabel Lee,Edgar Allan Poe,1849,Annabel Lee - Edgar Allan Poe,Love,Passion
The most common form of despair is not being who you are.,The Sickness Unto Death,Søren Kierkegaard,1849,The Sickness Unto Death - Søren Kierkegaard,Ego/Self,Despair
"To understand someone else, you must first understand yourself.",Reflections,Søren Kierkegaard,1849,Reflections - Søren Kierkegaard,Conflict,Self-Knowledge
We are all born for love. It is the principle of existence and its only end.,Sermons,Benjamin Disraeli,1850,Sermons - Benjamin Disraeli,Love,Purpose
"Cultivate the habit of being grateful for every good thing that comes to you, and to give thanks continuously.",Letters to a Young Poet,Ralph Waldo Emerson,1850,Letters to a Young Poet - Ralph Waldo Emerson,Gratitude,Practice
There is no education like adversity.,Reflections,Disraeli,1850,Reflections - Disraeli,Fortitude,Learning
What we do for ourselves dies with us. What we do for others and the world remains and is immortal.,Reflections,Albert Pine,1850,Reflections - Albert Pine,Giving,Legacy
"You cannot do a kindness too soon, for you never know how soon it will be too late.",Journal,Ralph Waldo Emerson,1850,Journal - Ralph Waldo Emerson,Kindness,Urgency
"The best portion of a good man's life is his little, nameless, unremembered acts of kindness and love.",The Prelude,William Wordsworth,1850,The Prelude - William Wordsworth,Kindness,Legacy
Generosity is the flower of justice.,Reflections,Nathaniel Hawthorne,1850,Reflections - Nathaniel Hawthorne,Generosity,Justice
"If you want to go fast, go alone. If you want to go far, go together.",African Proverb,Unknown,1850,African Proverb - Unknown,Togetherness,Endurance
What lies behind us and what lies before us are tiny matters compared to what lies within us.,Reflections,Ralph Waldo Emerson,1850,Reflections - Ralph Waldo Emerson,Healing,Inner Strength
We boil at different degrees.,Reflections,Ralph Waldo Emerson,1850,Reflections - Ralph Waldo Emerson,Conflict,Temperament
What you do speaks so loudly that I cannot hear what you say.,Reflections,Ralph Waldo Emerson,1850,Reflections - Ralph Waldo Emerson,Truth,Action
There is nothing so powerful as truth—and often nothing so strange.,Reflections,Daniel Webster,1850,Reflections - Daniel Webster,Truth,Power
Joy is not in things; it is in us.,Reflections,Richard Wagner,1850,Reflections - Richard Wagner,Joy,Source
Truth is powerful and it prevails.,Speeches,Sojourner Truth,1851,Speeches - Sojourner Truth,Honesty,Power
"It’s not what you look at that matters, it’s what you see.",Reflections,Henry David Thoreau,1851,Reflections - Henry David Thoreau,Healing,Perspective
"There is only one happiness in this life, to love and be loved.",Personal Writings,George Sand,1852,Personal Writings - George Sand,Love,Reciprocity
Endurance is patience concentrated.,Aphorisms,Thomas Carlyle,1852,Aphorisms - Thomas Carlyle,Fortitude,Concentration
The only way to tell the truth is to speak with kindness. Only the words of a loving man can be heard.,Reflections,Henry David Thoreau,1852,Reflections - Henry David Thoreau,Truth,Kindness
Thankfulness is the beginning of gratitude. Gratitude is the completion of thankfulness.,On Thankfulness,Henri Frédéric Amiel,1854,On Thankfulness - Henri Frédéric Amiel,Gratitude,Process
The soul has illusions as the bird has wings: it is supported by them.,Reflections,Victor Hugo,1854,Reflections - Victor Hugo,Spirit/Soul,Dreams
"You must live in the present, launch yourself on every wave, find your eternity in each moment.",Journal,Henry David Thoreau,1854,Journal - Henry David Thoreau,Spirit/Soul,Presence
Heaven is under our feet as well as over our heads.,Walden,Henry David Thoreau,1854,Walden - Henry David Thoreau,Nature/Natural,Earth
All good things are wild and free.,Walden,Henry David Thoreau,1854,Walden - Henry David Thoreau,Nature/Natural,Freedom
Every flower is a soul blossoming in nature.,Reflections,Gérard de Nerval,1854,Reflections - Gérard de Nerval,Nature/Natural,Expression
"Rather than love, than money, than fame, give me truth.",Walden,Henry David Thoreau,1854,Walden - Henry David Thoreau,Truth,Priority
The price of anything is the amount of life you exchange for it.,Walden,Henry David Thoreau,1854,Walden - Henry David Thoreau,Value,Tradeoff
"I do not ask the wounded person how he feels, I myself become the wounded person.",Song of Myself,Walt Whitman,1855,Song of Myself - Walt Whitman,Acceptance,Empathy
Let your soul stand cool and composed before a million universes.,Leaves of Grass,Walt Whitman,1855,Leaves of Grass - Walt Whitman,Spirit/Soul,Poise
A morning-glory at my window satisfies me more than the metaphysics of books.,Leaves of Grass,Walt Whitman,1855,Leaves of Grass - Walt Whitman,Nature/Natural,Simplicity
"We can complain because rose bushes have thorns, or rejoice because thorns have roses.",Reflections,Alphonse Karr,1855,Reflections - Alphonse Karr,Nature/Natural,Perspective
A lie can travel halfway around the world while the truth is still putting on its shoes.,Reflections,Charles Spurgeon,1855,Reflections - Charles Spurgeon,Truth,Deception
In the faces of men and women I see God.,Leaves of Grass,Walt Whitman,1855,Leaves of Grass - Walt Whitman,God,Humanity
A good laugh is sunshine in the house.,Reflections,William Thackeray,1855,Reflections - William Thackeray,Humor,Home
"Nature is painting for us, day after day, pictures of infinite beauty.",Reflections,John Ruskin,1856,Reflections - John Ruskin,Nature/Natural,Beauty
Love is the master key that opens the gates of happiness.,Personal Reflections,Oliver Wendell Holmes Sr.,1858,Personal Reflections - Oliver Wendell Holmes Sr.,Love,Joy
No man has a good enough memory to be a successful liar.,Speech,Abraham Lincoln,1858,Speech - Abraham Lincoln,Honesty,Memory
Through perseverance many people win success out of what seemed destined to be certain failure.,Essays,Benjamin Disraeli,1858,Essays - Benjamin Disraeli,Fortitude,Triumph
"Give what you have. To someone, it may be better than you dare to think.",Essays,Henry Wadsworth Longfellow,1859,Essays - Henry Wadsworth Longfellow,Generosity,Impact
To ease another’s heartache is to forget one’s own.,Reflections,Abraham Lincoln,1859,Reflections - Abraham Lincoln,Kindness,Comfort
"The unthankful heart discovers no mercies; but the thankful heart will find, in every hour, some heavenly blessings.",Sermons,Henry Ward Beecher,1860,Sermons - Henry Ward Beecher,Gratitude,Awareness
I’m not concerned that you have fallen—I’m concerned that you arise.,Journal,Abraham Lincoln,1860,Journal - Abraham Lincoln,Fortitude,Failure
There’s nothing so strong or safe in an emergency of life as the simple truth.,Reflections,Charles Dickens,1860,Reflections - Charles Dickens,Truth,Simplicity
"We are not enemies, but friends. We must not be enemies.",First Inaugural Address,Abraham Lincoln,1861,First Inaugural Address - Abraham Lincoln,Conflict,Reconciliation
The supreme happiness of life is the conviction that we are loved.,Les Misérables,Victor Hugo,1862,Les Misérables - Victor Hugo,Love,Happiness
To love another person is to see the face of God.,Les Misérables,Victor Hugo,1862,Les Misérables - Victor Hugo,Love,Divine
Even the darkest night will end and the sun will rise.,Les Misérables,Victor Hugo,1862,Les Misérables - Victor Hugo,Acceptance,Hope
In wildness is the preservation of the world.,Walking,Henry David Thoreau,1862,Walking - Henry David Thoreau,Nature/Natural,Wildness
Even the darkest night will end and the sun will rise.,Les Misérables,Victor Hugo,1862,Les Misérables - Victor Hugo,Nature/Natural,Hope
Even the darkest night will end and the sun will rise.,Les Misérables,Victor Hugo,1862,Les Misérables - Victor Hugo,Healing,Hope
Even the darkest night will end and the sun will rise.,Les Misérables,Victor Hugo,1862,Les Misérables - Victor Hugo,Suffering,Hope
Even the darkest night will end and the sun will rise.,Les Misérables,Victor Hugo,1862,Les Misérables - Victor Hugo,God,Hope
To love another person is to see the face of God.,Les Misérables,Victor Hugo,1862,Les Misérables - Victor Hugo,God,Love
Gratitude is the fairest blossom which springs from the soul.,Notebook,Henry Ward Beecher,1864,Notebook - Henry Ward Beecher,Gratitude,Beauty
"You can fool some of the people all the time, and all the people some of the time, but you cannot fool all the people all the time.",Reflections,Abraham Lincoln,1864,Reflections - Abraham Lincoln,Truth,Deception
"Gratitude is the completion of thankfulness, the act, not just the attitude.",Meditations,Henri Frédéric Amiel,1865,Meditations - Henri Frédéric Amiel,Gratitude,Completion
"Endurance is nobler than strength, and patience than beauty.",Reflections,John Ruskin,1865,Reflections - John Ruskin,Fortitude,Endurance
The greatest good you can do for another is not just to share your riches but to reveal to him his own.,Reflections,Benjamin Disraeli,1865,Reflections - Benjamin Disraeli,Generosity,Empowerment
No one is useless in this world who lightens the burdens of another.,Reflections,Charles Dickens,1865,Reflections - Charles Dickens,Kindness,Service
"Grace is the mother and nurse of holiness, and leads to glory.",Reflections,Charles Spurgeon,1865,Reflections - Charles Spurgeon,Grace,Holiness
"The darker the night, the brighter the stars, the deeper the grief, the closer is God!",Crime and Punishment,Fyodor Dostoevsky,1866,Crime and Punishment - Fyodor Dostoevsky,Suffering,Divinity
"The darker the night, the brighter the stars, the deeper the grief, the closer is God.",Crime and Punishment,Fyodor Dostoevsky,1866,Crime and Punishment - Fyodor Dostoevsky,God,Suffering
There is nothing so strong or safe in an emergency of life as the simple truth.,Notes from a Speech,Charles Dickens,1867,Notes from a Speech - Charles Dickens,Honesty,Safety
Love is a great beautifier.,Little Women,Louisa May Alcott,1868,Little Women - Louisa May Alcott,Love,Effect
A loving heart is the truest wisdom.,Letter to his son,Charles Dickens,1869,Letter to his son - Charles Dickens,Love,Wisdom
"I am not afraid of storms, for I am learning how to sail my ship.",Little Women,Louisa May Alcott,1869,Little Women - Louisa May Alcott,Fortitude,Resilience
To live without hope is to cease to live.,Reflections,Fyodor Dostoevsky,1869,Reflections - Fyodor Dostoevsky,Suffering,Hope
"There is no greatness where there is not simplicity, goodness, and truth—and grace is all three.",War and Peace,Leo Tolstoy,1869,War and Peace - Leo Tolstoy,Grace,Virtue
Honesty begins with humility.,Journal,Charles Spurgeon,1870,Journal - Charles Spurgeon,Honesty,Humility
True prayer is neither a mere mental exercise nor a vocal performance. It is far deeper than that—it is spiritual transaction with the Creator of Heaven and Earth.,Reflections,Charles Spurgeon,1870,Reflections - Charles Spurgeon,Spirit/Soul,Connection
"When you can’t trace His hand, trust His heart.",Reflections,Charles Spurgeon,1870,Reflections - Charles Spurgeon,God,Faith
"He who opens a school door, closes a prison.",Reflections,Victor Hugo,1870,Reflections - Victor Hugo,Education,Liberation
"Blessed is the influence of one true, loving human soul on another.",Middlemarch,George Eliot,1871,Middlemarch - George Eliot,Kindness,Influence
"The truth will set you free, but first it will make you miserable.",Reflections,James A. Garfield,1872,Reflections - James A. Garfield,Honesty,Truth
Honesty is the rarest wealth anyone can possess.,Aphorisms,Josh Billings,1873,Aphorisms - Josh Billings,Honesty,Wealth
The mountains are calling and I must go.,Reflections,John Muir,1873,Reflections - John Muir,Nature/Natural,Calling
The soul that gives thanks can find comfort in everything; the soul that complains can find comfort in nothing.,Sermon,Hannah Whitall Smith,1875,Sermon - Hannah Whitall Smith,Gratitude,Comfort
The soul that gives thanks can find comfort in everything; the soul that complains can find comfort in nothing.,Reflections,Hannah Whitall Smith,1875,Reflections - Hannah Whitall Smith,Grace,Gratitude
The soul is healed by being with children.,Reflections,Fyodor Dostoevsky,1875,Reflections - Fyodor Dostoevsky,Spirit/Soul,Innocence
"The soul should always stand ajar, ready to welcome the ecstatic experience.",Letters,Emily Dickinson,1875,Letters - Emily Dickinson,Spirit/Soul,Openness
"He who kneels the most, stands the best.",Reflections,D.L. Moody,1875,Reflections - D.L. Moody,God,Humility
Anger is a wind which blows out the lamp of the mind.,Reflections,Robert G. Ingersoll,1877,Reflections - Robert G. Ingersoll,Conflict,Emotion
The world is charged with the grandeur of God.,God’s Grandeur,Gerard Manley Hopkins,1877,God’s Grandeur - Gerard Manley Hopkins,God,Nature
"The essence of all beautiful art, all great art, is gratitude.",Letters to Overbeck,Friedrich Nietzsche,1878,Letters to Overbeck - Friedrich Nietzsche,Gratitude,Art
"What would the world be, once bereft of wet and of wildness? Let them be left, O let them be left.",Inversnaid,Gerard Manley Hopkins,1878,Inversnaid - Gerard Manley Hopkins,Nature/Natural,Preservation
"Nothing in this world is harder than speaking the truth, nothing easier than flattery.",Letters and Essays,Fyodor Dostoevsky,1879,Letters and Essays - Fyodor Dostoevsky,Honesty,Flattery
A beautiful soul has no other merit than its own existence.,The Brothers Karamazov,Fyodor Dostoevsky,1880,The Brothers Karamazov - Fyodor Dostoevsky,Spirit/Soul,Purity
"To live is to suffer, to survive is to find some meaning in the suffering.",Reflections,Friedrich Nietzsche,1880,Reflections - Friedrich Nietzsche,Suffering,Meaning
Lying to ourselves is more deeply ingrained than lying to others.,Reflections,Fyodor Dostoevsky,1880,Reflections - Fyodor Dostoevsky,Truth,Self-Deception
Never put off till tomorrow what you can do the day after tomorrow.,Reflections,Mark Twain,1880,Reflections - Mark Twain,Humor,Procrastination
"The truth will set you free, but first it will make you miserable.",Reflections,James A. Garfield,1881,Reflections - James A. Garfield,Truth,Discomfort
"Love is something eternal—the aspect may change, but not the essence.",Aphorisms,Vincent van Gogh,1882,Aphorisms - Vincent van Gogh,Love,Essence
Great things are done by a series of small things brought together.,Reflections,Vincent van Gogh,1882,Reflections - Vincent van Gogh,Creativity,Process
"A flower cannot blossom without sunshine, and man cannot live without love.",Aphorisms,Max Müller,1883,Aphorisms - Max Müller,Love,Necessity
"The higher we soar, the smaller we appear to those who cannot fly.",Thus Spoke Zarathustra,Friedrich Nietzsche,1883,Thus Spoke Zarathustra - Friedrich Nietzsche,Ego/Self,Ascent
One must still have chaos in oneself to be able to give birth to a dancing star.,Thus Spoke Zarathustra,Friedrich Nietzsche,1883,Thus Spoke Zarathustra - Friedrich Nietzsche,Creativity,Chaos
There is more wisdom in your body than in your deepest philosophy.,Thus Spoke Zarathustra,Friedrich Nietzsche,1883,Thus Spoke Zarathustra - Friedrich Nietzsche,Healing,Embodiment
Sincerity makes the very least person to be of more value than the most talented hypocrite.,Reflections,Charles Spurgeon,1883,Reflections - Charles Spurgeon,Truth,Sincerity
You must have chaos within you to give birth to a dancing star.,Thus Spoke Zarathustra,Friedrich Nietzsche,1883,Thus Spoke Zarathustra - Friedrich Nietzsche,Creativity,Inner Wildness
"I am a forest, and a night of dark trees: but he who is not afraid of my darkness, will find banks full of roses.",Thus Spoke Zarathustra,Nietzsche,1883,Thus Spoke Zarathustra - Nietzsche,Relationship,Inner Depth
"I tell you: one must have chaos in oneself, to give birth to a dancing star.",Thus Spoke Zarathustra,Nietzsche,1883,Thus Spoke Zarathustra - Nietzsche,Creativity,Chaos
"You can give without loving, but you can never love without giving.",Personal Sayings,Robert Louis Stevenson,1885,Personal Sayings - Robert Louis Stevenson,Love,Generosity
Every soul is a melody which needs renewing.,Reflections,Stephane Mallarmé,1885,Reflections - Stephane Mallarmé,Spirit/Soul,Renewal
"If you truly love nature, you will find beauty everywhere.",Reflections,Vincent van Gogh,1885,Reflections - Vincent van Gogh,Nature/Natural,Beauty
Forgiveness is the fragrance the violet sheds on the heel that has crushed it.,Reflections,Mark Twain,1885,Reflections - Mark Twain,Conflict,Forgiveness
"Where love is, there God is also.",Reflections,Leo Tolstoy,1885,Reflections - Leo Tolstoy,God,Love
Forgiveness is the fragrance that the violet sheds on the heel that has crushed it.,Reflections,Mark Twain,1885,Reflections - Mark Twain,Forgiveness,Beauty
There is always some madness in love. But there is also always some reason in madness.,Beyond Good and Evil,Friedrich Nietzsche,1886,Beyond Good and Evil - Friedrich Nietzsche,Love,Paradox
"There are no facts, only interpretations.",Beyond Good and Evil,Friedrich Nietzsche,1886,Beyond Good and Evil - Friedrich Nietzsche,Truth,Relativism
It is not the language of painters but the language of nature which one should listen to.,Reflections,Vincent van Gogh,1888,Reflections - Vincent van Gogh,Nature/Natural,Perception
He who has a why to live can bear almost any how.,Twilight of the Idols,Friedrich Nietzsche,1889,Twilight of the Idols - Friedrich Nietzsche,Fortitude,Purpose
No better way is there to learn to love Nature than to understand Art.,Reflections,Vincent van Gogh,1889,Reflections - Vincent van Gogh,Nature/Natural,Relationship
A work of art is the unique result of a unique temperament.,Reflections,Oscar Wilde,1889,Reflections - Oscar Wilde,Creativity,Individuality
He who has a why to live can bear almost any how.,Twilight of the Idols,Friedrich Nietzsche,1889,Twilight of the Idols - Friedrich Nietzsche,Suffering,Purpose
I am so clever that sometimes I don't understand a single word of what I am saying.,Reflections,Oscar Wilde,1889,Reflections - Oscar Wilde,Humor,Wit
He who has a why to live can bear almost any how.,Twilight of the Idols,Friedrich Nietzsche,1889,Twilight of the Idols - Friedrich Nietzsche,Purpose,Endurance
You can’t depend on your eyes when your imagination is out of focus.,Reflections,Mark Twain,1889,Reflections - Mark Twain,Perception,Creativity
Be yourself; everyone else is already taken.,Personal Sayings,Oscar Wilde,1890,Personal Sayings - Oscar Wilde,Honesty,Authenticity
Kindness is the language which the deaf can hear and the blind can see.,Notebook,Mark Twain,1890,Notebook - Mark Twain,Kindness,Communication
Kindness is the sunshine in which virtue grows.,Reflections,Robert Green Ingersoll,1890,Reflections - Robert Green Ingersoll,Kindness,Growth
We rise by lifting others.,Reflections,Robert Ingersoll,1890,Reflections - Robert Ingersoll,Kindness,Uplift
The worst loneliness is to not be comfortable with yourself.,Reflections,Mark Twain,1890,Reflections - Mark Twain,Ego/Self,Loneliness
A man cannot be comfortable without his own approval.,Notebook,Mark Twain,1890,Notebook - Mark Twain,Ego/Self,Self-Acceptance
"Nothing can cure the soul but the senses, just as nothing can cure the senses but the soul.",The Picture of Dorian Gray,Oscar Wilde,1890,The Picture of Dorian Gray - Oscar Wilde,Spirit/Soul,Duality
The clearest way into the Universe is through a forest wilderness.,Reflections,John Muir,1890,Reflections - John Muir,Nature/Natural,Wilderness
I’d rather be in the mountains thinking of God than in church thinking of the mountains.,Reflections,John Muir,1890,Reflections - John Muir,Nature/Natural,Worship
"As the sun colors flowers, so does art color life.",Reflections,John Lubbock,1890,Reflections - John Lubbock,Nature/Natural,Art
Forgiveness is the fragrance that the violet sheds on the heel that has crushed it.,Reflections,Mark Twain,1890,Reflections - Mark Twain,Healing,Forgiveness
"If you want to tell people the truth, make them laugh, otherwise they’ll kill you.",Reflections,Oscar Wilde,1890,Reflections - Oscar Wilde,Humor,Satire
Always borrow money from a pessimist. He won’t expect it back.,Reflections,Oscar Wilde,1890,Reflections - Oscar Wilde,Humor,Irony
Humor is mankind’s greatest blessing.,Reflections,Mark Twain,1890,Reflections - Mark Twain,Humor,Human Nature
"Every saint has a past, and every sinner has a future.",Reflections,Oscar Wilde,1890,Reflections - Oscar Wilde,Redemption,Paradox
"To live is the rarest thing in the world. Most people exist, that is all.",The Soul of Man under Socialism,Oscar Wilde,1891,The Soul of Man under Socialism - Oscar Wilde,Acceptance,Being
The smallest act of kindness is worth more than the grandest intention.,Reflections,Oscar Wilde,1891,Reflections - Oscar Wilde,Kindness,Action
An idea that is not dangerous is unworthy of being called an idea at all.,Reflections,Oscar Wilde,1891,Reflections - Oscar Wilde,Creativity,Innovation
"No great artist ever sees things as they really are. If he did, he would cease to be an artist.",Reflections,Oscar Wilde,1891,Reflections - Oscar Wilde,Creativity,Perception
"Where there is sorrow, there is holy ground.",Reflections,Oscar Wilde,1891,Reflections - Oscar Wilde,Suffering,Sacredness
Do not wish them to be better. Accept them as they are and help them grow.,Sermons,Leo Tolstoy,1892,Sermons - Leo Tolstoy,Acceptance,Growth
"In every walk with nature, one receives far more than he seeks.",Reflections,John Muir,1892,Reflections - John Muir,Nature/Natural,Abundance
"When one tugs at a single thing in nature, he finds it attached to the rest of the world.",Reflections,John Muir,1892,Reflections - John Muir,Nature/Natural,Interconnection
Keep love in your heart. A life without it is like a sunless garden when the flowers are dead.,A Woman of No Importance,Oscar Wilde,1893,A Woman of No Importance - Oscar Wilde,Love,Necessity
I shut my eyes in order to see.,Reflections,Paul Gauguin,1893,Reflections - Paul Gauguin,Creativity,Vision
"If you tell the truth, you don't have to remember anything.",Notebook,Mark Twain,1894,Notebook - Mark Twain,Honesty,Simplicity
A lie can travel halfway around the world while the truth is still putting on its shoes.,Attributed,Mark Twain,1894,Attributed - Mark Twain,Honesty,Lies
"Courage is resistance to fear, mastery of fear—not absence of fear.",Notebook,Mark Twain,1894,Notebook - Mark Twain,Fortitude,Bravery
"If you tell the truth, you don't have to remember anything.",Reflections,Mark Twain,1894,Reflections - Mark Twain,Truth,Simplicity
To love oneself is the beginning of a lifelong romance.,An Ideal Husband,Oscar Wilde,1895,An Ideal Husband - Oscar Wilde,Acceptance,Self-Love
The truth is rarely pure and never simple.,The Importance of Being Earnest,Oscar Wilde,1895,The Importance of Being Earnest - Oscar Wilde,Honesty,Complexity
The truth is rarely pure and never simple.,The Importance of Being Earnest,Oscar Wilde,1895,The Importance of Being Earnest - Oscar Wilde,Conflict,Complexity
The truth is rarely pure and never simple.,The Importance of Being Earnest,Oscar Wilde,1895,The Importance of Being Earnest - Oscar Wilde,Truth,Complexity
To love oneself is the beginning of a lifelong romance.,An Ideal Husband,Oscar Wilde,1895,An Ideal Husband - Oscar Wilde,Self-Love,Humor
A grateful mind is a great mind which eventually attracts to itself great things.,Lessons in Truth,H. Emilie Cady,1896,Lessons in Truth - H. Emilie Cady,Gratitude,Attraction
Every soul is potentially divine. The goal is to manifest this divinity within.,Teachings,Swami Vivekananda,1896,Teachings - Swami Vivekananda,Spirit/Soul,Potential
Truth is the most valuable thing we have. Let us economize it.,Notebook,Mark Twain,1897,Notebook - Mark Twain,Honesty,Irony
The sun shines not on us but in us.,Reflections,John Muir,1897,Reflections - John Muir,Nature/Natural,Illumination
All is grace.,Journal,Thérèse of Lisieux,1897,Journal - Thérèse of Lisieux,Grace,Totality
The secret source of humor is not joy but sorrow.,Reflections,Mark Twain,1897,Reflections - Mark Twain,Humor,Origin
"Be kind, for everyone you meet is fighting a hard battle.",Reflections,Ian Maclaren (John Watson),1897,Reflections - Ian Maclaren (John Watson),Kindness,Compassion
The stars are holes in the floor of heaven.,Reflections,George Bernard Shaw,1898,Reflections - George Bernard Shaw,Nature/Natural,Imagination
"If you shut up truth and bury it underground, it will but grow.",Reflections,Emile Zola,1898,Reflections - Emile Zola,Truth,Suppression
Hearts will never be practical until they are made unbreakable.,The Wizard of Oz,L. Frank Baum,1900,The Wizard of Oz - L. Frank Baum,Love,Fragility
The circle of friendship is a ring without end.,Reflections,Anonymous,1900,Reflections - Anonymous,Togetherness,Friendship
He who cannot endure the bad will not live to see the good.,Reflections,Yiddish Proverb,1900,Reflections - Yiddish Proverb,Suffering,Endurance
Holding onto anger is like drinking poison and expecting the other person to die.,Reflections,Unknown (often attributed to Buddha),1900,Reflections - Unknown (often attributed to Buddha),Conflict,Anger
"I have not failed. I’ve just found 10,000 ways that won’t work—so please stop asking.",Reflections,Thomas Edison (Modified),1900,Reflections - Thomas Edison (Modified),Humor,Perseverance
No duty is more urgent than that of returning thanks.,Letters,James Allen,1901,Letters - James Allen,Gratitude,Responsibility
"Just as the tree accepts all seasons, so too must we accept all emotions.",Nature Essays,John Muir,1901,Nature Essays - John Muir,Acceptance,Emotion
There is no failure except in no longer trying.,Reflections,Elbert Hubbard,1901,Reflections - Elbert Hubbard,Fortitude,Failure
Those who are happiest are those who do the most for others.,Up From Slavery,Booker T. Washington,1901,Up From Slavery - Booker T. Washington,Giving,Happiness
"Keep close to Nature’s heart… and break clear away, once in a while.",Reflections,John Muir,1901,Reflections - John Muir,Nature/Natural,Escape
Climb the mountains and get their good tidings.,Reflections,John Muir,1901,Reflections - John Muir,Nature/Natural,Peace
"We are not punished for our sins, but by them.",Reflections,Elbert Hubbard,1901,Reflections - Elbert Hubbard,Suffering,Consequence
"If the sight of the blue skies fills you with joy, rejoice, for your soul is alive.",Reflections,Eleanora Duse,1902,Reflections - Eleanora Duse,Nature/Natural,Vitality
"The role of the artist is to ask questions, not answer them.",Reflections,Anton Chekhov,1902,Reflections - Anton Chekhov,Creativity,Inquiry
"Whenever you're in conflict with someone, there is one factor that can make the difference between damaging your relationship and deepening it. That factor is attitude.",Reflections,William James,1902,Reflections - William James,Conflict,Relationships
To speak truthfully is to live freely.,Letters to a Young Poet,Rainer Maria Rilke,1903,Letters to a Young Poet - Rainer Maria Rilke,Honesty,Freedom
"Although the world is full of suffering, it is also full of the overcoming of it.",Reflections,Helen Keller,1903,Reflections - Helen Keller,Healing,Overcoming
"Although the world is full of suffering, it is also full of the overcoming of it.",Reflections,Helen Keller,1903,Reflections - Helen Keller,Suffering,Overcoming
"Affection is less about what we do, and more about how we do it.",Reflections,Rainer Maria Rilke,1903,Reflections - Rainer Maria Rilke,Affection,Presence
"The mystery does not get clearer by repeating the question, nor is it bought with going to amazing places.",Reflections,Rainer Maria Rilke,1903,Reflections - Rainer Maria Rilke,Mystery,Stillness
Gratitude is the inward feeling of kindness received. Thankfulness is the natural impulse to express that feeling.,Lectures,Henry Van Dyke,1904,Lectures - Henry Van Dyke,Gratitude,Distinction
Nature teaches more than she preaches.,Reflections,John Burroughs,1904,Reflections - John Burroughs,Nature/Natural,Wisdom
Every trial endured and weathered in the right spirit makes a soul nobler and stronger than it was before.,Reflections,James Buckham,1904,Reflections - James Buckham,Suffering,Growth
"When love is sincere, it finds its way to the fingertips.",Reflections,Rainer Maria Rilke,1904,Reflections - Rainer Maria Rilke,Affection,Authenticity
The way to love anything is to realize that it might be lost.,Heretics,G.K. Chesterton,1905,Heretics - G.K. Chesterton,Love,Loss
There are no straight lines in nature.,Reflections,Antoni Gaudí,1905,Reflections - Antoni Gaudí,Nature/Natural,Design
You can’t wait for inspiration. You have to go after it with a club.,Reflections,Jack London,1905,Reflections - Jack London,Creativity,Discipline
"Be kind, for everyone you meet is fighting a hard battle.",Reflections,Ian MacLaren,1905,Reflections - Ian MacLaren,Conflict,Compassion
Nature knows no indecencies; man invents them.,Reflections,Mark Twain,1906,Reflections - Mark Twain,Nature/Natural,Innocence
Speak when you are angry and you will make the best speech you will ever regret.,Reflections,Ambrose Bierce,1906,Reflections - Ambrose Bierce,Conflict,Anger
Be willing to have it so. Acceptance of what has happened is the first step to overcoming the consequences of any misfortune.,The Power of Positive Thinking,William James,1907,The Power of Positive Thinking - William James,Acceptance,Misfortune
A sense of humor is just common sense dancing.,Reflections,William James,1907,Reflections - William James,Humor,Psychology
Art is not a thing; it is a way.,Reflections,Elbert Hubbard,1908,Reflections - Elbert Hubbard,Creativity,Lifestyle
Kindred spirits are not so scarce as one would think. It's splendid to find out there are so many of them in the world.,Anne of Green Gables,L.M. Montgomery,1908,Anne of Green Gables - L.M. Montgomery,Togetherness,Friendship
Let your religion be less of a theory and more of a love affair.,Reflections,G.K. Chesterton,1908,Reflections - G.K. Chesterton,God,Devotion
"We are like islands in the sea, separate on the surface but connected in the deep.",Reflections,William James,1909,Reflections - William James,Togetherness,Depth
Man is not himself only. He is all that he sees; all that flows to him from a thousand sources.,Reflections,G.K. Chesterton,1910,Reflections - G.K. Chesterton,Nature/Natural,Oneness
"What is the good of your stars and trees, your sunrise and the wind, if they do not enter into our daily lives?",Reflections,E.M. Forster,1910,Reflections - E.M. Forster,Nature/Natural,Integration
Humor bridges the tragic and the divine.,Reflections,G.K. Chesterton,1910,Reflections - G.K. Chesterton,Humor,Paradox
Perseverance is not a long race; it is many short races one after the other.,Reflections,Walter Elliot,1911,Reflections - Walter Elliot,Fortitude,Persistence
I would maintain that thanks are the highest form of thought.,Reflections on Gratitude,Gilbert K. Chesterton,1911,Reflections on Gratitude - Gilbert K. Chesterton,Gratitude,Philosophy
Art begins with resistance—at the point where resistance is overcome. No human masterpiece has ever been created without great labor.,Reflections,André Gide,1911,Reflections - André Gide,Creativity,Resistance
The artist must train not only his eye but also his soul.,Reflections,Wassily Kandinsky,1911,Reflections - Wassily Kandinsky,Creativity,Perception
Being entirely honest with oneself is a good exercise.,Letter to a Friend,Sigmund Freud,1912,Letter to a Friend - Sigmund Freud,Honesty,Self-Reflection
"Color is the keyboard, the eyes are the harmonies, the soul is the piano with many strings.",Reflections,Wassily Kandinsky,1912,Reflections - Wassily Kandinsky,Creativity,Sensory
Let us be grateful to people who make us happy; they are the charming gardeners who make our souls blossom.,Reflections,Marcel Proust,1913,Reflections - Marcel Proust,Togetherness,Gratitude
Let us be grateful to people who make us happy; they are the charming gardeners who make our souls blossom.,Remembrance of Things Past,Marcel Proust,1913,Remembrance of Things Past - Marcel Proust,Gratitude,Relationships
"The real voyage of discovery consists not in seeking new landscapes, but in having new eyes.",Remembrance of Things Past,Marcel Proust,1913,Remembrance of Things Past - Marcel Proust,Ego/Self,Perception
We are healed of a suffering only by experiencing it to the full.,Reflections,Marcel Proust,1913,Reflections - Marcel Proust,Healing,Suffering
"Suffering is the substance of life and the root of personality, for it is only suffering that makes us persons.",Reflections,Miguel de Unamuno,1913,Reflections - Miguel de Unamuno,Suffering,Individuality
We are healed of a suffering only by experiencing it to the full.,In Search of Lost Time,Marcel Proust,1913,In Search of Lost Time - Marcel Proust,Suffering,Immersion
You must be the change you wish to see in the world.,Reflections,Mahatma Gandhi,1913,Reflections - Mahatma Gandhi,Truth,Alignment
"The real voyage of discovery consists not in seeking new landscapes, but in having new eyes.",Reflections,Marcel Proust,1913,Reflections - Marcel Proust,Awareness,Insight
"Honesty pays, but it doesn't seem to pay enough to suit some people.",Personal Sayings,Kin Hubbard,1915,Personal Sayings - Kin Hubbard,Honesty,Cynicism
The best way out is always through.,A Servant to Servants,Robert Frost,1915,A Servant to Servants - Robert Frost,Fortitude,Endurance
Art is the stored honey of the human soul.,Reflections,Theodore Dreiser,1915,Reflections - Theodore Dreiser,Creativity,Nourishment
"The voice of the intellect is a soft one, but it does not rest until it has gained a hearing.",Reflections,Sigmund Freud,1915,Reflections - Sigmund Freud,Creativity,Expression
A great artist is always before his time or behind it.,Reflections,George Edward Moore,1915,Reflections - George Edward Moore,Creativity,Time
The best way to find yourself is to lose yourself in the service of others.,Reflections,Mahatma Gandhi,1915,Reflections - Mahatma Gandhi,Togetherness,Service
"He drew a circle that shut me out—Heretic, rebel, a thing to flout. But love and I had the wit to win: We drew a circle and took him in.",Outwitted,Edwin Markham,1915,Outwitted - Edwin Markham,Togetherness,Inclusion
The best way out is always through.,A Servant to Servants,Robert Frost,1915,A Servant to Servants - Robert Frost,Healing,Endurance
Grace is the sunlight of the soul—it does not burn but it grows.,Reflections,Rabindranath Tagore,1915,Reflections - Rabindranath Tagore,Grace,Illumination
"A man may fall many times, but he won't be a failure until he says someone pushed him.",Reflections,William J. H. Boetcker,1916,Reflections - William J. H. Boetcker,Fortitude,Accountability
The highest education is that which does not merely give us information but makes our life in harmony with all existence.,Teachings,Rabindranath Tagore,1917,Teachings - Rabindranath Tagore,Spirit/Soul,Harmony
"Grace is the love that gives, that loves the unlovely and the unlovable.",Reflections,Oswald Chambers,1917,Reflections - Oswald Chambers,Grace,Divine Love
"Grace is the overflowing favor of God, and you can always count on it being available to draw upon.",Reflections,Oswald Chambers,1917,Reflections - Oswald Chambers,Grace,Abundance
Writing is a form of prayer.,Reflections,Franz Kafka,1919,Reflections - Franz Kafka,Creativity,Sacred
The most powerful weapon on earth is the human soul on fire.,Reflections,Ferdinand Foch,1919,Reflections - Ferdinand Foch,Passion,Power
Love is the triumph of imagination over intelligence.,Personal Note,H.L. Mencken,1920,Personal Note - H.L. Mencken,Love,Paradox
Thanksgiving is the enemy of discontent and dissatisfaction.,Sermons,Harry A. Ironside,1920,Sermons - Harry A. Ironside,Gratitude,Contentment
Strength does not come from physical capacity. It comes from an indomitable will.,Speech,Mahatma Gandhi,1920,Speech - Mahatma Gandhi,Fortitude,Willpower
The most powerful weapon on earth is the human soul on fire.,Reflections,Ferdinand Foch,1920,Reflections - Ferdinand Foch,Spirit/Soul,Passion
The earth has music for those who listen.,Reflections,George Santayana,1920,Reflections - George Santayana,Nature/Natural,Music
"Nature is garrulous to the point of confusion, let the artist be truly silent.",Reflections,Paul Klee,1920,Reflections - Paul Klee,Nature/Natural,Expression
What I’m looking for is not out there. It is in me.,Reflections,Helen Keller,1920,Reflections - Helen Keller,Creativity,Inner
"One day, in retrospect, the years of struggle will strike you as the most beautiful.",Reflections,Sigmund Freud,1920,Reflections - Sigmund Freud,Recovery,Reflection
Truth never damages a cause that is just.,Reflections,Mahatma Gandhi,1920,Reflections - Mahatma Gandhi,Truth,Justice
God breaks the heart again and again until it stays open.,Reflections,Hazrat Inayat Khan,1920,Reflections - Hazrat Inayat Khan,God,Brokenness
Alone we can do so little; together we can do so much.,Reflections,Helen Keller,1921,Reflections - Helen Keller,Togetherness,Cooperation
Love is a trembling happiness.,Diary Entry,Khalil Gibran,1921,Diary Entry - Khalil Gibran,Love,Emotion
The creative mind plays with the objects it loves.,Reflections,Carl Jung,1921,Reflections - Carl Jung,Creativity,Play
Humor is the instinct for taking pain playfully.,Reflections,Max Eastman,1921,Reflections - Max Eastman,Humor,Pain
"Truth is always strong, no matter how weak it looks.",Letters from Prison,Mahatma Gandhi,1922,Letters from Prison - Mahatma Gandhi,Honesty,Strength
"You can give without loving, but you cannot love without giving.",Reflections,Amy Carmichael,1922,Reflections - Amy Carmichael,Giving,Love
To do more for the world than the world does for you—that is success.,Reflections,Henry Ford,1922,Reflections - Henry Ford,Giving,Success
"The self is not something ready-made, but something in continuous formation through choice of action.",Human Nature and Conduct,John Dewey,1922,Human Nature and Conduct - John Dewey,Ego/Self,Becoming
Your soul is the whole world.,Siddhartha,Hermann Hesse,1922,Siddhartha - Hermann Hesse,Spirit/Soul,Totality
"The river is everywhere at the same time, at the source and at the mouth, at the waterfall, at the ferry, at the current, in the ocean and in the mountains.",Siddhartha,Hermann Hesse,1922,Siddhartha - Hermann Hesse,Nature/Natural,Unity
"The truth has a million faces, but there is only one truth.",Reflections,Hermann Hesse,1922,Reflections - Hermann Hesse,Truth,Universality
Coming together is a beginning; keeping together is progress; working together is success.,Reflections,Henry Ford,1923,Reflections - Henry Ford,Togetherness,Collaboration
You pray in your distress and in your need; would that you might also pray in the fullness of your joy.,The Prophet,Kahlil Gibran,1923,The Prophet - Kahlil Gibran,Gratitude,Devotion
Out of suffering have emerged the strongest souls; the most massive characters are seared with scars.,Reflections,Khalil Gibran,1923,Reflections - Khalil Gibran,Suffering,Strength
Love knows not its own depth until the hour of separation.,The Prophet,Kahlil Gibran,1923,The Prophet - Kahlil Gibran,Love,Loss
"In ordinary life, we hardly realize that we receive a great deal more than we give.",Letters and Essays,Albert Schweitzer,1923,Letters and Essays - Albert Schweitzer,Gratitude,Realization
"When everything seems to be going against you, remember that the airplane takes off against the wind, not with it.",Personal Sayings,Henry Ford,1923,Personal Sayings - Henry Ford,Fortitude,Resistance
"Generosity is giving more than you can, and pride is taking less than you need.",The Prophet,Kahlil Gibran,1923,The Prophet - Kahlil Gibran,Generosity,Balance
You give but little when you give of your possessions. It is when you give of yourself that you truly give.,The Prophet,Kahlil Gibran,1923,The Prophet - Kahlil Gibran,Giving,Self
"Tenderness and kindness are not signs of weakness and despair, but manifestations of strength and resolution.",Reflections,Kahlil Gibran,1923,Reflections - Kahlil Gibran,Kindness,Strength
"Generosity is giving more than you can, and pride is taking less than you need.",The Prophet,Kahlil Gibran,1923,The Prophet - Kahlil Gibran,Generosity,Balance
The ego is not master in its own house.,The Ego and the Id,Sigmund Freud,1923,The Ego and the Id - Sigmund Freud,Ego/Self,Conflict
The world is mud-luscious and puddle-wonderful.,Reflections,E.E. Cummings,1923,Reflections - E.E. Cummings,Nature/Natural,Playfulness
"The world is full of magic things, patiently waiting for our senses to grow sharper.",Reflections,W.B. Yeats,1923,Reflections - W.B. Yeats,Nature/Natural,Perception
Art is the lie that enables us to realize the truth.,Reflections,Pablo Picasso,1923,Reflections - Pablo Picasso,Creativity,Truth
"The object isn't to make art, it's to be in that wonderful state which makes art inevitable.",Reflections,Robert Henri,1923,Reflections - Robert Henri,Creativity,Flow
"Words are, of course, the most powerful drug used by mankind.",Reflections,Rudyard Kipling,1923,Reflections - Rudyard Kipling,Creativity,Language
Art arises when the secret vision of the artist and the manifestation of nature agree to find new forms.,Reflections,Khalil Gibran,1923,Reflections - Khalil Gibran,Creativity,Vision
"Friendship is always a sweet responsibility, never an opportunity.",The Prophet,Khalil Gibran,1923,The Prophet - Khalil Gibran,Togetherness,Friendship
The suffering is the breaking of the shell that encloses your understanding.,The Prophet,Khalil Gibran,1923,The Prophet - Khalil Gibran,Suffering,Insight
Your pain is the breaking of the shell that encloses your understanding.,The Prophet,Khalil Gibran,1923,The Prophet - Khalil Gibran,Suffering,Insight
"The deeper that sorrow carves into your being, the more joy you can contain.",The Prophet,Khalil Gibran,1923,The Prophet - Khalil Gibran,Suffering,Joy
Pain is the breaking of the shell that encloses your understanding.,The Prophet,Khalil Gibran,1923,The Prophet - Khalil Gibran,Suffering,Insight
God breaks the heart again and again until it stays open.,Reflections,Hazrat Inayat Khan,1923,Reflections - Hazrat Inayat Khan,God,Suffering
The hand of a friend in sorrow is the hand of God.,Reflections,Khalil Gibran,1923,Reflections - Khalil Gibran,Affection,Divine Love
"True affection expects nothing, and still gives everything.",Reflections,Khalil Gibran,1923,Reflections - Khalil Gibran,Affection,Selflessness
Your pain is the breaking of the shell that encloses your understanding.,The Prophet,Kahlil Gibran,1923,The Prophet - Kahlil Gibran,Suffering,Insight
Your joy is your sorrow unmasked.,The Prophet,Kahlil Gibran,1923,The Prophet - Kahlil Gibran,Emotion,Paradox
Train yourself never to put off the word or action for the expression of gratitude.,Letter,Albert Schweitzer,1925,Letter - Albert Schweitzer,Gratitude,Timeliness
Gratitude is a currency that we can mint for ourselves and spend without fear of bankruptcy.,Reflections,Fred De Witt Van Amburgh,1925,Reflections - Fred De Witt Van Amburgh,Gratitude,Abundance
The best way to find yourself is to lose yourself in the service of others.,Speeches,Mahatma Gandhi,1925,Speeches - Mahatma Gandhi,Giving,Service
The soul becomes stronger through struggle.,Journal,Kahlil Gibran,1925,Journal - Kahlil Gibran,Spirit/Soul,Strength
Prayer is not asking. It is a longing of the soul.,Reflections,Mahatma Gandhi,1925,Reflections - Mahatma Gandhi,God,Prayer
It is better to be hated for what you are than to be loved for what you are not.,Reflections,André Gide,1925,Reflections - André Gide,Integrity,Selfhood
"Those who love deeply never grow old; they may die of old age, but they die young.",Reflections,Dorothy Canfield Fisher,1926,Reflections - Dorothy Canfield Fisher,Togetherness,Vitality
Love is the only reality and it is not a mere sentiment. It is the ultimate truth that lies at the heart of creation.,Collected Talks,Rabindranath Tagore,1926,Collected Talks - Rabindranath Tagore,Love,Reality
You are stronger than you think.,Reflections,A.A. Milne,1926,Reflections - A.A. Milne,Fortitude,Strength
The waves broke and spread their waters swiftly over the shore. One after another they massed themselves and fell; the spray tossed itself back with the energy of their fall.,To the Lighthouse,Virginia Woolf,1927,To the Lighthouse - Virginia Woolf,Nature/Natural,Power
Facts do not cease to exist because they are ignored.,Reflections,Aldous Huxley,1927,Reflections - Aldous Huxley,Truth,Denial
You were once wild here. Don’t let them tame you.,Reflections,Isadora Duncan,1927,Reflections - Isadora Duncan,Freedom,Wildness
The soul can split the sky in two and let the face of God shine through.,Reflections,Edna St. Vincent Millay,1928,Reflections - Edna St. Vincent Millay,Spirit/Soul,Revelation
No one who achieves success does so without acknowledging the help of others. The wise and confident acknowledge this help with gratitude.,Leadership Lessons,Alfred North Whitehead,1929,Leadership Lessons - Alfred North Whitehead,Gratitude,Humility
You cannot find peace by avoiding life.,A Room of One’s Own,Virginia Woolf,1929,A Room of One’s Own - Virginia Woolf,Honesty,Avoidance
"The world breaks everyone, and afterward, many are strong at the broken places.",A Farewell to Arms,Ernest Hemingway,1929,A Farewell to Arms - Ernest Hemingway,Fortitude,Recovery
Imagination is more important than knowledge.,Reflections,Albert Einstein,1929,Reflections - Albert Einstein,Creativity,Imagination
"The meeting of two personalities is like the contact of two chemical substances: if there is any reaction, both are transformed.",Reflections,Carl Jung,1929,Reflections - Carl Jung,Togetherness,Relationship
Love is a better teacher than duty.,Letter to a Friend,Albert Einstein,1930,Letter to a Friend - Albert Einstein,Love,Motivation
Love is an irresistible desire to be irresistibly desired.,Letter,Robert Frost,1930,Letter - Robert Frost,Love,Desire
"If I know what love is, it is because of you.",Narcissus and Goldmund,Hermann Hesse,1930,Narcissus and Goldmund - Hermann Hesse,Love,Gratitude
Silent gratitude isn't very much to anyone.,Personal Sayings,Gertrude Stein,1930,Personal Sayings - Gertrude Stein,Gratitude,Expression
You can’t beat the person who never gives up.,Interview,Babe Ruth,1930,Interview - Babe Ruth,Fortitude,Stamina
What you keep is lost. What you give remains yours forever.,Writings,Axel Munthe,1930,Writings - Axel Munthe,Giving,Eternal Value
"All religions, arts and sciences are branches of the same tree.",Reflections,Albert Einstein,1930,Reflections - Albert Einstein,Spirit/Soul,Unity
The soul speaks in symbols and dreams.,Reflections,Carl Jung,1930,Reflections - Carl Jung,Spirit/Soul,Symbols
"Look deep into nature, and then you will understand everything better.",Reflections,Albert Einstein,1930,Reflections - Albert Einstein,Nature/Natural,Understanding
To forget how to dig the earth and to tend the soil is to forget ourselves.,Reflections,Mahatma Gandhi,1930,Reflections - Mahatma Gandhi,Nature/Natural,Simplicity
Every act of creation is first an act of destruction.,Reflections,Pablo Picasso,1930,Reflections - Pablo Picasso,Creativity,Paradox
Poetry is when an emotion has found its thought and the thought has found words.,Reflections,Robert Frost,1930,Reflections - Robert Frost,Creativity,Emotion
To fall in love with God is the greatest of all romances.,Reflections,Fulton J. Sheen,1930,Reflections - Fulton J. Sheen,God,Love
God has no religion.,Reflections,Mahatma Gandhi,1930,Reflections - Mahatma Gandhi,God,Unity
This is the secret that every intellectual has been forced to discover: even the most brilliant mind must accept the limits of its own understanding.,Reflections,Albert Einstein,1931,Reflections - Albert Einstein,Acceptance,Limits
"I am rooted, but I flow.",The Waves,Virginia Woolf,1931,The Waves - Virginia Woolf,Acceptance,Balance
Honest differences are often a healthy sign of progress.,Speech,Mahatma Gandhi,1931,Speech - Mahatma Gandhi,Honesty,Dialogue
Only a life lived for others is a life worthwhile.,Reflections,Albert Einstein,1931,Reflections - Albert Einstein,Giving,Selflessness
Creativity is intelligence having fun.,Reflections,Albert Einstein,1931,Reflections - Albert Einstein,Creativity,Intelligence
The true sign of intelligence is not knowledge but imagination.,Reflections,Albert Einstein,1931,Reflections - Albert Einstein,Creativity,Imagination
"When you arise in the morning, give thanks for the morning light, for your life and strength.",The Teachings of Black Elk,Black Elk,1932,The Teachings of Black Elk - Black Elk,Gratitude,Morning
In the middle of difficulty lies opportunity.,Interview,Albert Einstein,1932,Interview - Albert Einstein,Fortitude,Adversity
"It's not that I'm so smart, it's just that I stay with problems longer.",Interview,Albert Einstein,1932,Interview - Albert Einstein,Fortitude,Persistence
"Creativity is contagious, pass it on.",Reflections,Albert Einstein,1932,Reflections - Albert Einstein,Creativity,Influence
"You don't write because you want to say something, you write because you have something to say.",Reflections,F. Scott Fitzgerald,1932,Reflections - F. Scott Fitzgerald,Creativity,Purpose
There is nothing noble in being superior to your fellow man; true nobility is being superior to your former self.,Reflections,Ernest Hemingway,1933,Reflections - Ernest Hemingway,Ego/Self,Growth
Whoever is careless with the truth in small matters cannot be trusted with important matters.,Reflections,Albert Einstein,1933,Reflections - Albert Einstein,Honesty,Trust
The road to success is dotted with many tempting parking spaces.,Reflections,Will Rogers,1933,Reflections - Will Rogers,Fortitude,Temptation
To awaken alone in a strange town is one of the pleasantest sensations in the world.,Reflections,Freya Stark,1933,Reflections - Freya Stark,Creativity,Sensation
The artist is not a special kind of person; each person is a special kind of artist.,Reflections,Ananda Coomaraswamy,1934,Reflections - Ananda Coomaraswamy,Creativity,Universality
The art of life is a constant readjustment to our surroundings.,Essays in Zen Buddhism,D.T. Suzuki,1934,Essays in Zen Buddhism - D.T. Suzuki,Acceptance,Adaptation
Never confuse a single defeat with a final defeat.,Tender Is the Night,F. Scott Fitzgerald,1934,Tender Is the Night - F. Scott Fitzgerald,Fortitude,Defeat
The value of a man resides in what he gives and not in what he is capable of receiving.,Reflections,Albert Einstein,1934,Reflections - Albert Einstein,Giving,Character
Don’t try to become a person of success. Try to become a person of value.,Reflections,Albert Einstein,1934,Reflections - Albert Einstein,Ego/Self,Value
Art is the elimination of the unnecessary.,Reflections,Pablo Picasso,1934,Reflections - Pablo Picasso,Creativity,Simplicity
We must embrace pain and burn it as fuel for our journey.,Reflections,Kenji Miyazawa,1934,Reflections - Kenji Miyazawa,Suffering,Purpose
We are not human beings having a spiritual experience; we are spiritual beings having a human experience.,Reflections,Pierre Teilhard de Chardin,1935,Reflections - Pierre Teilhard de Chardin,God,Identity
The most exhausting thing in life is being insincere.,Journal,Anne Morrow Lindbergh,1935,Journal - Anne Morrow Lindbergh,Ego/Self,Authenticity
"A poet is, before anything else, a person who is passionately in love with language.",Reflections,W.H. Auden,1935,Reflections - W.H. Auden,Creativity,Poetry
Every poem is a momentary stay against the confusion of the world.,Reflections,Robert Frost,1935,Reflections - Robert Frost,Creativity,Clarity
"Real joy comes not from ease or riches or from the praise of men, but from doing something worthwhile together.",Reflections,Wilfred Grenfell,1935,Reflections - Wilfred Grenfell,Togetherness,Fulfillment
No one can make you feel inferior without your consent.,Reflections,Eleanor Roosevelt,1935,Reflections - Eleanor Roosevelt,Conflict,Self-Worth
Jealousy is the tribute mediocrity pays to genius.,Reflections,Fulton J. Sheen,1935,Reflections - Fulton J. Sheen,Conflict,Envy
"Even in silence, God is working.",Reflections,Watchman Nee,1935,Reflections - Watchman Nee,God,Trust
Grace doesn't just pardon—it empowers.,Reflections,Watchman Nee,1935,Reflections - Watchman Nee,Grace,Empowerment
I refuse to join any club that would have me as a member.,Reflections,Groucho Marx,1935,Reflections - Groucho Marx,Humor,Self-Deprecation
The only difference between a rut and a grave is the depth.,Reflections,Ellen Glasgow,1935,Reflections - Ellen Glasgow,Humor,Irony
I cook with wine. Sometimes I even add it to the food.,Reflections,W.C. Fields,1935,Reflections - W.C. Fields,Humor,Drinking
Humor is reason gone mad.,Reflections,Groucho Marx,1935,Reflections - Groucho Marx,Humor,Wit
What we are looking for is what is looking.,Talks with Ramana Maharshi,Ramana Maharshi,1935,Talks with Ramana Maharshi - Ramana Maharshi,Consciousness,Awareness
Love is a sacred reserve of energy; it is like the blood of spiritual evolution.,Letters to a Student,Pierre Teilhard de Chardin,1936,Letters to a Student - Pierre Teilhard de Chardin,Love,Energy
Where there is love there is life.,Collected Speeches,Mahatma Gandhi,1936,Collected Speeches - Mahatma Gandhi,Love,Vitality
Love is the most powerful and still most unknown energy in the world.,Letter to a Nun,Pierre Teilhard de Chardin,1936,Letter to a Nun - Pierre Teilhard de Chardin,Love,Mystery
Inaction breeds doubt and fear. Action breeds confidence and courage.,Self-Help,Dale Carnegie,1936,Self-Help - Dale Carnegie,Fortitude,Action
Act as if it were impossible to fail.,Personal Sayings,Dorothea Brande,1936,Personal Sayings - Dorothea Brande,Fortitude,Confidence
Act boldly and unseen forces will come to your aid.,Reflections,Dorothea Brande,1936,Reflections - Dorothea Brande,Fortitude,Boldness
An artist is someone who can hold two opposing viewpoints and still remain fully functional.,Reflections,F. Scott Fitzgerald,1936,Reflections - F. Scott Fitzgerald,Creativity,Paradox
There are two ways of meeting difficulties: you alter the difficulties or you alter yourself to meet them.,Reflections,Phyllis Bottome,1936,Reflections - Phyllis Bottome,Conflict,Adaptation
"You gain strength, courage and confidence by every experience in which you really stop to look fear in the face.",Speech,Eleanor Roosevelt,1937,Speech - Eleanor Roosevelt,Fortitude,Courage
Most great people have attained their greatest success just one step beyond their greatest failure.,Personal Sayings,Napoleon Hill,1937,Personal Sayings - Napoleon Hill,Fortitude,Breakthrough
Victory is always possible for the person who refuses to stop fighting.,Reflections,Napoleon Hill,1937,Reflections - Napoleon Hill,Fortitude,Battle
"Each friend represents a world in us, a world possibly not born until they arrive.",Reflections,Anaïs Nin,1937,Reflections - Anaïs Nin,Togetherness,Friendship
There are years that ask questions and years that answer.,Their Eyes Were Watching God,Zora Neale Hurston,1937,Their Eyes Were Watching God - Zora Neale Hurston,Time,Seasonality
Adversity introduces a man to himself.,Meditations,Albert Einstein,1938,Meditations - Albert Einstein,Fortitude,Self-Discovery
"Love does not consist in gazing at each other, but in looking outward together in the same direction.","Wind, Sand and Stars",Antoine de Saint-Exupéry,1939,"Wind, Sand and Stars - Antoine de Saint-Exupéry",Love,Unity
"When you come to the end of your rope, tie a knot and hang on.",Personal Sayings,Franklin D. Roosevelt,1939,Personal Sayings - Franklin D. Roosevelt,Fortitude,Endurance
"Art is a collaboration between God and the artist, and the less the artist does the better.",Reflections,André Gide,1939,Reflections - André Gide,Creativity,Surrender
"If I had no sense of humor, I would long ago have committed suicide.",Reflections,Mahatma Gandhi,1939,Reflections - Mahatma Gandhi,Humor,Survival
"The truth is incontrovertible. Malice may attack it, ignorance may deride it, but in the end, there it is.",Speech,Winston Churchill,1940,Speech - Winston Churchill,Honesty,Endurance
Hardships often prepare ordinary people for an extraordinary destiny.,The Problem of Pain,C.S. Lewis,1940,The Problem of Pain - C.S. Lewis,Fortitude,Hardship
Success is stumbling from failure to failure with no loss of enthusiasm.,Personal Sayings,Winston Churchill,1940,Personal Sayings - Winston Churchill,Fortitude,Spirit
It is every man's obligation to put back into the world at least the equivalent of what he takes out of it.,Reflections,Albert Einstein,1940,Reflections - Albert Einstein,Giving,Responsibility
There is no coming to consciousness without pain.,Reflections,Carl Jung,1940,Reflections - Carl Jung,Ego/Self,Awakening
Your visions will become clear only when you can look into your own heart.,Reflections,Carl Jung,1940,Reflections - Carl Jung,Spirit/Soul,Vision
Creativity takes courage.,Reflections,Henri Matisse,1940,Reflections - Henri Matisse,Creativity,Bravery
Painting is just another way of keeping a diary.,Reflections,Pablo Picasso,1940,Reflections - Pablo Picasso,Creativity,Memory
"Sobriety is a journey, not a destination.",Reflections,Bill W.,1940,Reflections - Bill W.,Recovery,Sobriety
"If you're going through hell, keep going.",Reflections,Winston Churchill,1940,Reflections - Winston Churchill,Recovery,Persistence
"God whispers to us in our pleasures, speaks in our conscience, but shouts in our pains: it is His megaphone to rouse a deaf world.",The Problem of Pain,C.S. Lewis,1940,The Problem of Pain - C.S. Lewis,Suffering,Divine Voice
Pain insists upon being attended to.,The Problem of Pain,C.S. Lewis,1940,The Problem of Pain - C.S. Lewis,Suffering,Attention
"If you are going through hell, keep going.",Reflections,Winston Churchill,1940,Reflections - Winston Churchill,Suffering,Endurance
"The truth is incontrovertible. Malice may attack it, ignorance may deride it, but in the end, there it is.",Reflections,Winston Churchill,1940,Reflections - Winston Churchill,Truth,Endurance
"God whispers to us in our pleasures, speaks in our conscience, but shouts in our pain.",The Problem of Pain,C.S. Lewis,1940,The Problem of Pain - C.S. Lewis,God,Suffering
I am free of all prejudice. I hate everyone equally.,Reflections,W.C. Fields,1940,Reflections - W.C. Fields,Humor,Cynicism
"If you're going through hell, keep going. But maybe bring a sandwich.",Adaptation,Winston Churchill (modified),1940,Adaptation - Winston Churchill (modified),Humor,Endurance
You grow up the day you have your first real laugh—at yourself.,Reflections,Ethel Barrymore,1940,Reflections - Ethel Barrymore,Humor,Maturity
"Laughter is the tonic, the relief, the surcease for pain.",Reflections,Charlie Chaplin,1940,Reflections - Charlie Chaplin,Humor,Remedy
True love begins when nothing is looked for in return.,Sermon,Antoine de Saint-Exupéry,1941,Sermon - Antoine de Saint-Exupéry,Love,Selflessness
"Success is not final, failure is not fatal: it is the courage to continue that counts.",Speech,Winston Churchill,1941,Speech - Winston Churchill,Fortitude,Courage
"Never give in. Never give in. Never, never, never.",Speech,Winston Churchill,1941,Speech - Winston Churchill,Fortitude,Tenacity
"Never, never, never give up.",Speech,Winston Churchill,1941,Speech - Winston Churchill,Fortitude,Resolve
Step by step and the thing is done.,Aphorisms,Charles Atlas,1941,Aphorisms - Charles Atlas,Fortitude,Patience
"If you're going through hell, keep going.",Speech,Winston Churchill,1941,Speech - Winston Churchill,Fortitude,Endurance
He who has God and everything else has no more than he who has God only.,The Weight of Glory,C.S. Lewis,1941,The Weight of Glory - C.S. Lewis,God,Sufficiency
Accept yourself as you were designed.,The Weight of Glory,C.S. Lewis,1942,The Weight of Glory - C.S. Lewis,Acceptance,Design
A good poem is a contribution to reality.,Reflections,Wallace Stevens,1942,Reflections - Wallace Stevens,Creativity,Reality
"In the depth of winter, I finally learned that within me there lay an invincible summer.",Reflections,Albert Camus,1942,Reflections - Albert Camus,Healing,Resilience
"Despair is the price one pays for self-awareness. Look deeply into life, and you'll always find despair.",The Myth of Sisyphus,Albert Camus,1942,The Myth of Sisyphus - Albert Camus,Suffering,Existentialism
There is no affection without attention.,Reflections,Simone Weil,1942,Reflections - Simone Weil,Affection,Focus
Nobody realizes that some people expend tremendous energy merely to be normal.,Reflections,Albert Camus,1942,Reflections - Albert Camus,Struggle,Inner Life
God grant me the serenity to accept the things I cannot change...,The Serenity Prayer,Reinhold Niebuhr,1943,The Serenity Prayer - Reinhold Niebuhr,Acceptance,Change
"What labels me, negates me.",Being and Nothingness,Jean-Paul Sartre,1943,Being and Nothingness - Jean-Paul Sartre,Ego/Self,Labeling
It is only with the heart that one can see rightly. What is essential is invisible to the eye.,The Little Prince,Antoine de Saint-Exupéry,1943,The Little Prince - Antoine de Saint-Exupéry,Spirit/Soul,Perception
Sometimes the most important thing in a whole day is the rest we take between two deep breaths.,Reflections,Etty Hillesum,1943,Reflections - Etty Hillesum,Spirit/Soul,Stillness
Real love begins where nothing is expected in return.,Reflections,Antoine de Saint-Exupéry,1943,Reflections - Antoine de Saint-Exupéry,Togetherness,Selflessness
Freedom is what you do with what's been done to you.,Reflections,Jean-Paul Sartre,1943,Reflections - Jean-Paul Sartre,Responsibility,Response
Gratitude changes the pangs of memory into a tranquil joy.,Diary,Dietrich Bonhoeffer,1944,Diary - Dietrich Bonhoeffer,Gratitude,Memory
In a time of deceit telling the truth is a revolutionary act.,Personal Sayings,George Orwell,1944,Personal Sayings - George Orwell,Honesty,Dissent
"We make a living by what we get, but we make a life by what we give.",Speech,Winston Churchill,1944,Speech - Winston Churchill,Giving,Purpose
No one has ever become poor by giving.,The Diary of Anne Frank,Anne Frank,1944,The Diary of Anne Frank - Anne Frank,Giving,Abundance
"You can always, always give something—even if it is only kindness.",Diary of a Young Girl,Anne Frank,1944,Diary of a Young Girl - Anne Frank,Kindness,Possibility
"I believe in the sun even when it is not shining, in love even when I do not feel it, in God even when He is silent.",Reflections,Holocaust Survivor,1944,Reflections - Holocaust Survivor,God,Belief
A bend in the road is not the end of the road... unless you fail to make the turn.,Reflections,Helen Keller,1945,Reflections - Helen Keller,Fortitude,Adaptability
"We do not see things as they are, we see them as we are.",Reflections,Anaïs Nin,1945,Reflections - Anaïs Nin,Ego/Self,Projection
"To draw, you must close your eyes and sing.",Reflections,Pablo Picasso,1945,Reflections - Pablo Picasso,Creativity,Expression
"You can’t go back and change the beginning, but you can start where you are and change the ending.",Reflections,C.S. Lewis,1945,Reflections - C.S. Lewis,Recovery,Hope
Adversity introduces a man to himself.,Reflections,Albert Einstein,1945,Reflections - Albert Einstein,Suffering,Self-Knowledge
In the middle of difficulty lies opportunity.,Reflections,Albert Einstein,1945,Reflections - Albert Einstein,Conflict,Opportunity
Humor is emotional chaos remembered in tranquility.,Reflections,James Thurber,1945,Reflections - James Thurber,Humor,Memory
"One does not become enlightened by imagining figures of light, but by making the darkness conscious.",Reflections,Carl Jung,1945,Reflections - Carl Jung,Shadow,Light
Gratitude in silence is not much use to anyone.,Newspaper Interview,Gladys Bronwyn Stern,1946,Newspaper Interview - Gladys Bronwyn Stern,Gratitude,Expression
Happiness can exist only in acceptance.,Essays in Philosophy,George Orwell,1946,Essays in Philosophy - George Orwell,Acceptance,Happiness
What is to give light must endure burning.,Personal Letter,Viktor Frankl,1946,Personal Letter - Viktor Frankl,Acceptance,Sacrifice
Persistence guarantees that results are inevitable.,Reflections,Paramahansa Yogananda,1946,Reflections - Paramahansa Yogananda,Fortitude,Determination
"Self-realization is the knowing in all parts of the body, mind, and soul that you are now in possession of the kingdom of God.",Teachings,Paramahansa Yogananda,1946,Teachings - Paramahansa Yogananda,Ego/Self,Realization
"The spark of divinity is in every soul, waiting to be fanned into flame.",Reflections,Paramahansa Yogananda,1946,Reflections - Paramahansa Yogananda,Spirit/Soul,Divinity
The writer is by nature a dreamer – a conscious dreamer.,Reflections,Carson McCullers,1946,Reflections - Carson McCullers,Creativity,Dreaming
Art is a wound turned into light.,Reflections,Georges Braque,1946,Reflections - Georges Braque,Creativity,Transformation
"When we are no longer able to change a situation, we are challenged to change ourselves.",Man's Search for Meaning,Viktor Frankl,1946,Man's Search for Meaning - Viktor Frankl,Creativity,Transformation
Suffering ceases to be suffering at the moment it finds a meaning.,Man's Search for Meaning,Viktor E. Frankl,1946,Man's Search for Meaning - Viktor E. Frankl,Suffering,Meaning
"If there is meaning in life at all, then there must be meaning in suffering.",Man’s Search for Meaning,Viktor E. Frankl,1946,Man’s Search for Meaning - Viktor E. Frankl,Suffering,Purpose
We cannot solve our problems with the same thinking we used when we created them.,Reflections,Albert Einstein,1946,Reflections - Albert Einstein,Conflict,Change
"When we are no longer able to change a situation, we are challenged to change ourselves.",Man’s Search for Meaning,Viktor E. Frankl,1946,Man’s Search for Meaning - Viktor E. Frankl,Conflict,Acceptance
"It is difficult, when faced with a situation you cannot control, to admit you can do nothing.",Man’s Search for Meaning,Viktor E. Frankl,1946,Man’s Search for Meaning - Viktor E. Frankl,Truth,Acceptance
"The power of humor is not to escape reality, but to face it more gently.",Reflections,Viktor Frankl,1946,Reflections - Viktor Frankl,Humor,Survival
A held hand can sometimes hold back despair.,Reflections,Viktor Frankl,1946,Reflections - Viktor Frankl,Affection,Survival
"When we are no longer able to change a situation, we are challenged to change ourselves.",Man's Search for Meaning,Viktor Frankl,1946,Man's Search for Meaning - Viktor Frankl,Change,Adaptation
Peace cannot be kept by force; it can only be achieved by understanding.,Reflections,Albert Einstein,1947,Reflections - Albert Einstein,Conflict,Peace
"Love is a fire. But whether it is going to warm your hearth or burn down your house, you can never tell.",Interview,Joan Crawford,1947,Interview - Joan Crawford,Love,Passion
Drawing is like making an expressive gesture with the advantage of permanence.,Reflections,Henri Matisse,1947,Reflections - Henri Matisse,Creativity,Drawing
"We write to taste life twice, in the moment and in retrospect.",Reflections,Anaïs Nin,1947,Reflections - Anaïs Nin,Creativity,Memory
Conflict is the beginning of consciousness.,Reflections,M. Esther Harding,1947,Reflections - M. Esther Harding,Conflict,Awareness
The meaning of life is to find your gift. The purpose of life is to give it away.,Reflections,Pablo Picasso,1948,Reflections - Pablo Picasso,Giving,Purpose
Fellowship is life’s chiefest joy.,The Inklings,C.S. Lewis,1948,The Inklings - C.S. Lewis,Togetherness,Fellowship
There is no place where God is not.,Reflections,A.W. Tozer,1948,Reflections - A.W. Tozer,God,Omnipresence
"In the stillness, God speaks loudest.",Reflections,A.W. Tozer,1948,Reflections - A.W. Tozer,God,Stillness
Attachment is the great fabricator of illusions; reality can be attained only by someone who is detached.,Reflections,Simone Weil,1949,Reflections - Simone Weil,Ego/Self,Attachment
"The further a society drifts from the truth, the more it will hate those who speak it.",Reflections,George Orwell,1949,Reflections - George Orwell,Truth,Dissent
Don't watch the clock; do what it does. Keep going.,Reflections,Sam Levenson,1950,Reflections - Sam Levenson,Fortitude,Focus
"To fear love is to fear life, and those who fear life are already three parts dead.",Man and the State,Bertrand Russell,1950,Man and the State - Bertrand Russell,Love,Fear
Success seems to be largely a matter of hanging on after others have let go.,Reflections,William Feather,1950,Reflections - William Feather,Fortitude,Persistence
"The true meaning of life is to plant trees, under whose shade you do not expect to sit.",Reflections,Nelson Henderson,1950,Reflections - Nelson Henderson,Generosity,Legacy
"You are a soul carrying a body, not a body carrying a soul.",Teachings,Pierre Teilhard de Chardin,1950,Teachings - Pierre Teilhard de Chardin,Spirit/Soul,Essence
Art washes away from the soul the dust of everyday life.,Reflections,Pablo Picasso,1950,Reflections - Pablo Picasso,Creativity,Healing
Every human being is a part of the whole called by us universe.,Ethics,Albert Einstein,1950,Ethics - Albert Einstein,Togetherness,Wholeness
Even miracles take a little time.,Cinderella,Fairy Godmother,1950,Cinderella - Fairy Godmother,Healing,Time
It is when we are most lost that we sometimes find our truest friends.,Reflections,C.S. Lewis,1950,Reflections - C.S. Lewis,Suffering,Friendship
Pain is the price we pay for being alive.,Reflections,Edith Hamilton,1950,Reflections - Edith Hamilton,Suffering,Aliveness
"When you point one finger, there are three fingers pointing back to you.",Reflections,Unknown,1950,Reflections - Unknown,Conflict,Blame
Truth has no special time of its own. Its hour is now—always.,Reflections,Albert Schweitzer,1950,Reflections - Albert Schweitzer,Truth,Timelessness
God never hurries. There are no deadlines against which He must work.,Reflections,A.W. Tozer,1950,Reflections - A.W. Tozer,God,Timing
Only through grace are we enabled to live above our fears.,Reflections,A.W. Tozer,1950,Reflections - A.W. Tozer,Grace,Courage
"Like a welcome summer rain, humor may suddenly cleanse and cool the earth, the air, and you.",Reflections,Langston Hughes,1950,Reflections - Langston Hughes,Humor,Renewal
A day without laughter is a day wasted.,Reflections,Charlie Chaplin,1950,Reflections - Charlie Chaplin,Humor,Daily Life
A kiss is a secret told to the mouth instead of the ear.,Reflections,Ingrid Bergman,1950,Reflections - Ingrid Bergman,Affection,Intimacy
To be held is to be reminded you are not alone.,Reflections,Carl Jung,1950,Reflections - Carl Jung,Affection,Belonging
I have nothing to offer you but my own confusion.,Journals,Jack Kerouac,1950,Journals - Jack Kerouac,Honesty,Vulnerability
The giving of love is an education in itself.,Interview,Eleanor Roosevelt,1951,Interview - Eleanor Roosevelt,Love,Learning
Love is what you've been through with somebody.,Interview,James Thurber,1951,Interview - James Thurber,Love,Experience
"The only way to make sense out of change is to plunge into it, move with it, and join the dance.",The Wisdom of Insecurity,Alan Watts,1951,The Wisdom of Insecurity - Alan Watts,Acceptance,Change
Real generosity toward the future lies in giving all to the present.,The Rebel,Albert Camus,1951,The Rebel - Albert Camus,Generosity,Presence
Real generosity toward the future lies in giving all to the present.,The Rebel,Albert Camus,1951,The Rebel - Albert Camus,Generosity,Time
The only way to deal with an unfree world is to become so absolutely free that your very existence is an act of rebellion.,Reflections,Albert Camus,1951,Reflections - Albert Camus,Creativity,Freedom
"The only way to make sense out of change is to plunge into it, move with it, and join the dance.",Reflections,Alan Watts,1951,Reflections - Alan Watts,Healing,Change
We cannot be more sensitive to pleasure without being more sensitive to pain.,Reflections,Alan Watts,1951,Reflections - Alan Watts,Suffering,Sensitivity
You become strong by doing the things you think you cannot do.,Reflections,Eleanor Roosevelt,1951,Reflections - Eleanor Roosevelt,Suffering,Strength
Never be afraid to raise your voice for honesty and truth and compassion against injustice and lying and greed.,Reflections,William Faulkner,1951,Reflections - William Faulkner,Truth,Justice
"God is not a being among other beings, but Being itself.",Reflections,Paul Tillich,1951,Reflections - Paul Tillich,God,Ontology
God’s silence is more powerful than human eloquence.,Reflections,Abraham Joshua Heschel,1951,Reflections - Abraham Joshua Heschel,God,Mystery
Gratitude is a quality similar to electricity: it must be produced and discharged and used up in order to exist at all.,Interview,William Faulkner,1952,Interview - William Faulkner,Gratitude,Action
Be honest in your praise and fearless in your criticism.,Notes to Writers,John Steinbeck,1952,Notes to Writers - John Steinbeck,Honesty,Critique
"Humility is not thinking less of yourself, it is thinking of yourself less.",Mere Christianity,C.S. Lewis,1952,Mere Christianity - C.S. Lewis,Ego/Self,Humility
You do not have a soul. You are a soul. You have a body.,Letters,C.S. Lewis (attributed),1952,Letters - C.S. Lewis (attributed),Spirit/Soul,Identity
A writer should write what he has to say and not speak it.,Reflections,Ernest Hemingway,1952,Reflections - Ernest Hemingway,Creativity,Discipline
The camera is an instrument that teaches people how to see without a camera.,Reflections,Dorothea Lange,1952,Reflections - Dorothea Lange,Creativity,Photography
Peace is not the absence of conflict but the presence of creative alternatives for responding to conflict.,Reflections,Dorothy Thompson,1952,Reflections - Dorothy Thompson,Conflict,Resolution
"We can ignore God, but we cannot escape Him.",Mere Christianity,C.S. Lewis,1952,Mere Christianity - C.S. Lewis,God,Presence
Every grace carries responsibility.,Reflections,Dorothy Day,1952,Reflections - Dorothy Day,Grace,Responsibility
"In the depth of winter, I finally learned that within me there lay an invincible summer.",Reflections,Albert Camus,1952,Reflections - Albert Camus,Resilience,Inner Strength
The best thing to hold onto in life is each other.,Interview,Audrey Hepburn,1953,Interview - Audrey Hepburn,Love,Companionship
Kindness makes a fellow feel good whether it’s being done to him or by him.,Reflections,Frank A. Clark,1953,Reflections - Frank A. Clark,Kindness,Reciprocity
"Man is not what he thinks he is, he is what he hides.",Reflections,André Malraux,1953,Reflections - André Malraux,Ego/Self,Shadow
"It is not the mountain we conquer, but ourselves.",Reflections,Edmund Hillary,1953,Reflections - Edmund Hillary,Nature/Natural,Challenge
A writer is someone for whom writing is more difficult than it is for other people.,Reflections,Thomas Mann,1953,Reflections - Thomas Mann,Creativity,Struggle
Every child is an artist. The problem is how to remain an artist once we grow up.,Reflections,Pablo Picasso,1953,Reflections - Pablo Picasso,Creativity,Childhood
Understanding is a two-way street.,Reflections,Eleanor Roosevelt,1953,Reflections - Eleanor Roosevelt,Conflict,Communication
There is no coming to consciousness without pain.,Reflections,Carl Jung,1953,Reflections - Carl Jung,Transformation,Suffering
The first duty of love is to listen.,Sermon,Paul Tillich,1954,Sermon - Paul Tillich,Love,Listening
"Love cannot be forced, love cannot be coaxed and teased. It comes out of heaven, unasked and unsought.",The Story of My Life,Pearl S. Buck,1954,The Story of My Life - Pearl S. Buck,Love,Surrender
"Until we accept our shadow, we project it onto others.",Archetypes and the Collective Unconscious,Carl Jung,1954,Archetypes and the Collective Unconscious - Carl Jung,Acceptance,Shadow
There is no exercise better for the heart than reaching down and lifting people up.,Reflections,John Holmes,1954,Reflections - John Holmes,Kindness,Uplifting
"Until you make the unconscious conscious, it will direct your life and you will call it fate.",Reflections,Carl Jung,1954,Reflections - Carl Jung,Ego/Self,Awareness
"Self-knowledge is not only the beginning of wisdom, it is the key to liberation.",Reflections,Jiddu Krishnamurti,1954,Reflections - Jiddu Krishnamurti,Ego/Self,Liberation
You are not what has happened to you. You are what you choose to become.,Reflections,Carl Jung,1954,Reflections - Carl Jung,Ego/Self,Choice
An essential aspect of creativity is not being afraid to fail.,Reflections,Edwin Land,1954,Reflections - Edwin Land,Creativity,Risk
Dance first. Think later. It's the natural order.,Reflections,Samuel Beckett,1954,Reflections - Samuel Beckett,Creativity,Movement
Even the smallest person can change the course of the future—with others.,Fellowship of the Ring,J.R.R. Tolkien,1954,Fellowship of the Ring - J.R.R. Tolkien,Togetherness,Courage
There is no coming to consciousness without pain.,Reflections,Carl Jung,1954,Reflections - Carl Jung,Suffering,Awareness
"We are all broken, that’s how the light gets in.",Reflections,Ernest Hemingway,1954,Reflections - Ernest Hemingway,Suffering,Light
"Humor is a prelude to faith, and laughter is the beginning of prayer.",Reflections,Reinhold Niebuhr,1954,Reflections - Reinhold Niebuhr,Humor,Spirituality
In three words I can sum up everything I've learned about life: it goes on.,Reflections,Robert Frost,1954,Reflections - Robert Frost,Life,Endurance
We are not human beings having a spiritual experience; we are spiritual beings having a human experience—together.,Reflections,Pierre Teilhard de Chardin,1955,Reflections - Pierre Teilhard de Chardin,Togetherness,Spirituality
Love is the affinity which links and draws together the elements of the world.,The Phenomenon of Man,Pierre Teilhard de Chardin,1955,The Phenomenon of Man - Pierre Teilhard de Chardin,Love,Unity
You cannot swim for new horizons until you have courage to lose sight of the shore.,Interview,William Faulkner,1955,Interview - William Faulkner,Acceptance,Risk
The truth does not change according to our ability to stomach it.,Personal Letters,Flannery O’Connor,1955,Personal Letters - Flannery O’Connor,Acceptance,Truth
The truth does not change according to our ability to stomach it.,Letters,Flannery O’Connor,1955,Letters - Flannery O’Connor,Honesty,Courage
Nothing is impossible. The word itself says ‘I’m possible!’,Reflections,Audrey Hepburn,1955,Reflections - Audrey Hepburn,Fortitude,Optimism
"The heart that gives, gathers.",Reflections,Marianne Moore,1955,Reflections - Marianne Moore,Giving,Return
The first product of self-knowledge is humility.,Reflections,Flannery O’Connor,1955,Reflections - Flannery O’Connor,Ego/Self,Humility
We are not human beings having a spiritual experience. We are spiritual beings having a human experience.,The Phenomenon of Man,Pierre Teilhard de Chardin,1955,The Phenomenon of Man - Pierre Teilhard de Chardin,Ego/Self,Identity
Joy is the infallible sign of the presence of God.,Reflections,Pierre Teilhard de Chardin,1955,Reflections - Pierre Teilhard de Chardin,Spirit/Soul,Joy
The sea does not reward those who are too anxious.,Gift from the Sea,Anne Morrow Lindbergh,1955,Gift from the Sea - Anne Morrow Lindbergh,Nature/Natural,Trust
Art enables us to find ourselves and lose ourselves at the same time.,No Man Is an Island,Thomas Merton,1955,No Man Is an Island - Thomas Merton,Creativity,Self
A candle loses nothing by lighting another candle.,Reflections,James Keller,1955,Reflections - James Keller,Togetherness,Generosity
We do not find the meaning of life by ourselves alone—we find it with one another.,Reflections,Thomas Merton,1955,Reflections - Thomas Merton,Togetherness,Meaning
Love is what makes the ride worthwhile.,Reflections,Franklin P. Jones,1955,Reflections - Franklin P. Jones,Togetherness,Experience
The truth does not change according to our ability to stomach it emotionally.,Reflections,Flannery O’Connor,1955,Reflections - Flannery O’Connor,Conflict,Truth
Whoever is careless with the truth in small matters cannot be trusted with important matters.,Reflections,Albert Einstein,1955,Reflections - Albert Einstein,Truth,Integrity
Truth does not change according to our ability to stomach it.,Reflections,Flannery O’Connor,1955,Reflections - Flannery O’Connor,Truth,Courage
God doesn’t want something from us. He simply wants us.,Reflections,C.S. Lewis,1955,Reflections - C.S. Lewis,God,Relationship
"In every moment of genuine love, God is present.",Reflections,Thomas Merton,1955,Reflections - Thomas Merton,God,Love
Grace is the badge of the soul set free.,Reflections,Thomas Merton,1955,Reflections - Thomas Merton,Grace,Freedom
Grace is the final form of love.,Reflections,Reinhold Niebuhr,1955,Reflections - Reinhold Niebuhr,Grace,Love
"The healing begins with a touch that says, “You’re safe.”",Reflections,Carl Jung (paraphrased),1955,Reflections - Carl Jung (paraphrased),Affection,Healing
The privilege of a lifetime is to become who you truly are.,Reflections,Carl Jung,1955,Reflections - Carl Jung,Identity,Authenticity
We are not human beings having a spiritual experience. We are spiritual beings having a human experience.,Reflections,Pierre Teilhard de Chardin,1955,Reflections - Pierre Teilhard de Chardin,Spirit,Embodiment
"Blessed are the cracked, for they let in the light.",Reflections,Groucho Marx (attributed),1955,Reflections - Groucho Marx (attributed),Humor,Imperfection
"You can’t go back and change the beginning, but you can start where you are and change the ending.",Reflections,C.S. Lewis,1955,Reflections - C.S. Lewis,Change,Redemption
Love is the only sane and satisfactory answer to the problem of human existence.,The Art of Loving,Erich Fromm,1956,The Art of Loving - Erich Fromm,Love,Purpose
Love means to commit yourself without guarantee.,The Art of Loving,Erich Fromm,1956,The Art of Loving - Erich Fromm,Love,Commitment
Lying is done with words and also with silence.,The Fall,Albert Camus,1956,The Fall - Albert Camus,Honesty,Omission
"Truth is like the sun. You can shut it out for a time, but it ain’t going away.",Interview,Elvis Presley,1956,Interview - Elvis Presley,Honesty,Persistence
We become what we think about.,The Strangest Secret,Earl Nightingale,1956,The Strangest Secret - Earl Nightingale,Ego/Self,Thought
"There is a light in the soul which, if allowed to shine, can illuminate the whole world.",Reflections,Radhakrishnan,1956,Reflections - Radhakrishnan,Spirit/Soul,Illumination
Those who contemplate the beauty of the earth find reserves of strength that will endure as long as life lasts.,Reflections,Rachel Carson,1956,Reflections - Rachel Carson,God,Nature
"Where love reigns, there is no will to power; and where the will to power is paramount, love is lacking.",Civilization in Transition,Carl Jung,1957,Civilization in Transition - Carl Jung,Love,Power
"I believe in God, only I spell it Nature.",Reflections,Frank Lloyd Wright,1957,Reflections - Frank Lloyd Wright,Nature/Natural,Divinity
"Music is the divine way to tell beautiful, poetic things to the heart.",Reflections,Pablo Casals,1957,Reflections - Pablo Casals,Creativity,Music
"Life’s most persistent and urgent question is, ‘What are you doing for others?’",Reflections,Martin Luther King Jr.,1957,Reflections - Martin Luther King Jr.,Togetherness,Service
"It’s not the load that breaks you down, it’s the way you carry it.",Reflections,Lena Horne,1957,Reflections - Lena Horne,Recovery,Burden
"I believe in God, only I spell it Nature.",Reflections,Frank Lloyd Wright,1957,Reflections - Frank Lloyd Wright,God,Nature
God is the beyond in our midst.,Reflections,Paul Tillich,1957,Reflections - Paul Tillich,God,Mystery
"We do not see things as they are, we see them as we are.",Reflections,Anaïs Nin,1958,Reflections - Anaïs Nin,Conflict,Perception
"Truth is like the sun. You can shut it out for a time, but it ain’t going away.",Reflections,Elvis Presley,1958,Reflections - Elvis Presley,Truth,Persistence
Humor is hope’s last weapon.,Reflections,Jacques Barzun,1958,Reflections - Jacques Barzun,Humor,Resilience
To find humor is to find perspective.,Reflections,Alan Watts,1958,Reflections - Alan Watts,Humor,Clarity
"Sometimes we spend so much time and energy focusing on what we don’t have that we fail to see, appreciate, and use what we do have.",The Magic of Thinking Big,David J. Schwartz,1959,The Magic of Thinking Big - David J. Schwartz,Gratitude,Focus
Affection is the humblest love; it lives with us like a cat.,The Four Loves,C.S. Lewis,1960,The Four Loves - C.S. Lewis,Affection,Everyday Love
"If I create from the heart, nearly everything works; if from the head, almost nothing.",Reflections,Marc Chagall,1960,Reflections - Marc Chagall,Creativity,Heart
To love at all is to be vulnerable. Love anything and your heart will be wrung and possibly broken.,The Four Loves,C.S. Lewis,1960,The Four Loves - C.S. Lewis,Love,Vulnerability
You know you're in love when you can't fall asleep because reality is finally better than your dreams.,Interview,Dr. Seuss,1960,Interview - Dr. Seuss,Love,Euphoria
Feeling gratitude and not expressing it is like wrapping a present and not giving it.,Column,William Arthur Ward,1960,Column - William Arthur Ward,Gratitude,Giving
"When the going gets tough, the tough get going.",Public Sayings,Joseph P. Kennedy,1960,Public Sayings - Joseph P. Kennedy,Fortitude,Tenacity
The measure of a life is not its duration but its donation.,Reflections,Corrie Ten Boom,1960,Reflections - Corrie Ten Boom,Giving,Legacy
A warm smile is the universal language of kindness.,Reflections,William Arthur Ward,1960,Reflections - William Arthur Ward,Kindness,Expression
To be an artist is to believe in life.,Reflections,Henry Moore,1960,Reflections - Henry Moore,Creativity,Belief
"To the world you may be one person, but to one person you may be the world.",Reflections,Dr. Seuss,1960,Reflections - Dr. Seuss,Togetherness,Love
Those who do not know how to weep with their whole heart don’t know how to laugh either.,Reflections,Golda Meir,1960,Reflections - Golda Meir,Suffering,Emotion
"In marriage, being the right person is as important as finding the right person.",Reflections,Wilferd Arlan Peterson,1960,Reflections - Wilferd Arlan Peterson,Conflict,Marriage
The beginning of love is the will to let those we love be perfectly themselves.,The Road Less Traveled,Thomas Merton,1960,The Road Less Traveled - Thomas Merton,Conflict,Acceptance
"If you think nobody cares if you're alive, try missing a couple of car payments.",Reflections,Earl Wilson,1960,Reflections - Earl Wilson,Humor,Modern Life
Humor is the affectionate communication of insight.,Reflections,Leo Rosten,1960,Reflections - Leo Rosten,Humor,Wisdom
Laughter is the closest distance between two people.,Reflections,Victor Borge,1960,Reflections - Victor Borge,Humor,Connection
Affection is responsible for nine-tenths of whatever solid and durable happiness there is in our lives.,Reflections,C.S. Lewis,1960,Reflections - C.S. Lewis,Affection,Happiness
It is no measure of health to be well adjusted to a profoundly sick society.,Reflections,Jiddu Krishnamurti,1960,Reflections - Jiddu Krishnamurti,Society,Sanity
To love at all is to be vulnerable. Love anything and your heart will be wrung and possibly broken.,The Four Loves,C.S. Lewis,1960,The Four Loves - C.S. Lewis,Love,Risk
"It's not the load that breaks you down, it’s the way you carry it.",Reflections,Lena Horne,1960,Reflections - Lena Horne,Strength,Burden
Pride makes us artificial; humility makes us real.,Reflections,Thomas Merton,1961,Reflections - Thomas Merton,Ego/Self,Pride
Love is the condition in which the happiness of another person is essential to your own.,Stranger in a Strange Land,Robert A. Heinlein,1961,Stranger in a Strange Land - Robert A. Heinlein,Love,Selflessness
"God gave you a gift of 86,400 seconds today. Have you used one to say “thank you”?",Newspaper Column,William Arthur Ward,1961,Newspaper Column - William Arthur Ward,Gratitude,Awareness
Joy is the simplest form of gratitude.,The Thankful Heart,Karl Barth,1961,The Thankful Heart - Karl Barth,Gratitude,Emotion
"The curious paradox is that when I accept myself just as I am, then I can change.",On Becoming a Person,Carl Rogers,1961,On Becoming a Person - Carl Rogers,Acceptance,Self
People are just as wonderful as sunsets if you let them be.,Love and Will,Carl Rogers,1961,Love and Will - Carl Rogers,Acceptance,Perception
"I am not what happened to me, I am what I choose to become.","Memories, Dreams, Reflections",Carl Jung,1961,"Memories, Dreams, Reflections - Carl Jung",Acceptance,Agency
"I am not what happened to me, I am what I choose to become.","Memories, Dreams, Reflections",Carl Jung,1961,"Memories, Dreams, Reflections - Carl Jung",Fortitude,Agency
The privilege of a lifetime is to become who you truly are.,Reflections,Carl Jung,1961,Reflections - Carl Jung,Ego/Self,True Self
"Music is the divine way to tell beautiful, poetic things to the heart.",Reflections,Pablo Casals,1961,Reflections - Pablo Casals,Spirit/Soul,Expression
I write to discover what I know.,Reflections,Flannery O’Connor,1961,Reflections - Flannery O’Connor,Creativity,Discovery
We find ourselves only through the mirror of those who truly see us.,Reflections,Carl Rogers,1961,Reflections - Carl Rogers,Togetherness,Self-Awareness
There is no coming to consciousness without pain.,"Memories, Dreams, Reflections",Carl Jung,1961,"Memories, Dreams, Reflections - Carl Jung",Healing,Awareness
"In suffering, we find our truest selves.",Reflections,Thomas Merton,1961,Reflections - Thomas Merton,Suffering,Identity
Every act of conscious learning requires the willingness to suffer an injury to one’s self-esteem.,Reflections,Thomas Szasz,1961,Reflections - Thomas Szasz,Conflict,Growth
"The curious paradox is that when I accept myself just as I am, then I can change.",Reflections,Carl Rogers,1961,Reflections - Carl Rogers,Conflict,Acceptance
Our ideas of God tell us more about ourselves than about Him.,Reflections,Thomas Merton,1961,Reflections - Thomas Merton,God,Projection
True affection does not rush.,Reflections,Carl Rogers,1961,Reflections - Carl Rogers,Affection,Patience
"We don't see things as they are, we see them as we are.",Reflections,Anaïs Nin,1961,Reflections - Anaïs Nin,Perception,Subjectivity
Gratitude is an opener of locked-up blessings.,The Dynamic Laws of Prosperity,Catherine Ponder,1962,The Dynamic Laws of Prosperity - Catherine Ponder,Gratitude,Blessing
"Not everything that is faced can be changed, but nothing can be changed until it is faced.",The Cross of Redemption,James Baldwin,1962,The Cross of Redemption - James Baldwin,Acceptance,Confrontation
The difference between a successful person and others is not lack of strength... but lack of will.,Reflections,Vince Lombardi,1962,Reflections - Vince Lombardi,Fortitude,Determination
Those who contemplate the beauty of the earth find reserves of strength.,Silent Spring,Rachel Carson,1962,Silent Spring - Rachel Carson,Nature/Natural,Beauty
Creativity is seeing what others see and thinking what no one else ever thought.,Reflections,Albert Szent-Györgyi,1962,Reflections - Albert Szent-Györgyi,Creativity,Vision
"Art is not freedom from discipline, but disciplined freedom.",Reflections,John F. Kennedy,1962,Reflections - John F. Kennedy,Creativity,Freedom
Not everything that is faced can be changed. But nothing can be changed until it is faced.,Reflections,James Baldwin,1962,Reflections - James Baldwin,Conflict,Confrontation
Faith is taking the first step even when you don’t see the whole staircase.,Reflections,Martin Luther King Jr.,1962,Reflections - Martin Luther King Jr.,God,Faith
A well-developed sense of humor is the pole that adds balance to your steps as you walk the tightrope of life.,Reflections,William Arthur Ward,1962,Reflections - William Arthur Ward,Humor,Balance
Faith is taking the first step even when you don’t see the whole staircase.,Reflections,Martin Luther King Jr.,1962,Reflections - Martin Luther King Jr.,Faith,Action
Love is the only force capable of transforming an enemy into a friend.,Strength to Love,Martin Luther King Jr.,1963,Strength to Love - Martin Luther King Jr.,Love,Transformation
Love cures people—both the ones who give it and the ones who receive it.,Interview,Karl Menninger,1963,Interview - Karl Menninger,Love,Healing
There can be no deep disappointment where there is not deep love.,Strength to Love,Martin Luther King Jr.,1963,Strength to Love - Martin Luther King Jr.,Love,Disappointment
"As we express our gratitude, we must never forget that the highest appreciation is not to utter words, but to live by them.",Thanksgiving Address,John F. Kennedy,1963,Thanksgiving Address - John F. Kennedy,Gratitude,Integrity
To hide feelings when you are near crying is the secret of dignity.,The Bell Jar,Sylvia Plath,1963,The Bell Jar - Sylvia Plath,Honesty,Emotion
Do not pray for easy lives. Pray to be stronger men.,Speech,John F. Kennedy,1963,Speech - John F. Kennedy,Fortitude,Strength
Every man must decide whether he will walk in the light of creative altruism or in the darkness of destructive selfishness.,Strength to Love,Martin Luther King Jr.,1963,Strength to Love - Martin Luther King Jr.,Giving,Altruism
The best thing to do with the best things in life is to give them away.,Reflections,Dorothy Day,1963,Reflections - Dorothy Day,Giving,Gratitude
The worst enemy to creativity is self-doubt.,Reflections,Sylvia Plath,1963,Reflections - Sylvia Plath,Creativity,Block
We are tied together in the single garment of destiny.,Reflections,Martin Luther King Jr.,1963,Reflections - Martin Luther King Jr.,Togetherness,Destiny
Love cures people—both the ones who give it and the ones who receive it.,Reflections,Karl Menninger,1963,Reflections - Karl Menninger,Togetherness,Healing
Injustice anywhere is a threat to justice everywhere.,Letter from Birmingham Jail,Martin Luther King Jr.,1963,Letter from Birmingham Jail - Martin Luther King Jr.,Suffering,Injustice
To be grateful is to recognize the grace of life.,Reflections,Thomas Merton,1963,Reflections - Thomas Merton,Grace,Gratitude
"Next to power without honor, the most dangerous thing in the world is power without humor.",Reflections,Eric Sevareid,1963,Reflections - Eric Sevareid,Humor,Power
"I took a deep breath and listened to the old brag of my heart: I am, I am, I am.",The Bell Jar,Sylvia Plath,1963,The Bell Jar - Sylvia Plath,Identity,Vitality
Gratitude is riches. Complaint is poverty.,Notes to Myself,Doris Day,1964,Notes to Myself - Doris Day,Gratitude,Wealth
"When ‘I’ is replaced by ‘we’, even illness becomes wellness.",Reflections,Malcolm X,1964,Reflections - Malcolm X,Togetherness,Healing
Normal is an illusion. What is normal for the spider is chaos for the fly.,Reflections,Morticia Addams (Charles Addams),1964,Reflections - Morticia Addams (Charles Addams),Perspective,Identity
Love doesn’t make the world go round. Love is what makes the ride worthwhile.,Column,Franklin P. Jones,1965,Column - Franklin P. Jones,Love,Meaning
It is discouraging how many people are shocked by honesty and how few by deceit.,Diaries,Noël Coward,1965,Diaries - Noël Coward,Honesty,Culture
You will discover that you have two hands: one for helping yourself and one for helping others.,Reflections,Audrey Hepburn,1965,Reflections - Audrey Hepburn,Giving,Helpfulness
Our lives begin to end the day we become silent about things that matter.,Reflections,Martin Luther King Jr.,1965,Reflections - Martin Luther King Jr.,Togetherness,Integrity
"In the end, we will remember not the words of our enemies, but the silence of our friends.",Reflections,Martin Luther King Jr.,1965,Reflections - Martin Luther King Jr.,Togetherness,Loyalty
Tell the children the truth.,Autobiography,Malcolm X,1965,Autobiography - Malcolm X,Truth,Legacy
"What you are is God's gift to you, what you become is your gift to God.",Reflections,Hans Urs von Balthasar,1965,Reflections - Hans Urs von Balthasar,God,Calling
To laugh at yourself is to love yourself.,Reflections,Mickey Rooney,1965,Reflections - Mickey Rooney,Humor,Self-Love
Comedy is simply a funny way of being serious.,Reflections,Peter Ustinov,1965,Reflections - Peter Ustinov,Humor,Philosophy
The first duty of love is to listen—and the second is to hold.,Reflections,Paul Tillich,1965,Reflections - Paul Tillich,Affection,Listening
There is no honesty like the honesty of pain.,Writings,Anne Sexton,1966,Writings - Anne Sexton,Honesty,Emotion
I have decided to stick with love. Hate is too great a burden to bear.,Speech in Atlanta,Martin Luther King Jr.,1967,Speech in Atlanta - Martin Luther King Jr.,Love,Choice
"You don’t have to see the whole staircase, just take the first step.",Speech,Martin Luther King Jr.,1967,Speech - Martin Luther King Jr.,Fortitude,Initiative
There is no greater loan than a sympathetic ear.,Reflections,Frank Tyger,1967,Reflections - Frank Tyger,Kindness,Listening
Honesty and transparency make you vulnerable. Be honest and transparent anyway.,The Paradoxical Commandments,Kent M. Keith,1968,The Paradoxical Commandments - Kent M. Keith,Honesty,Vulnerability
I will persist until I succeed.,The Greatest Salesman in the World,Og Mandino,1968,The Greatest Salesman in the World - Og Mandino,Fortitude,Determination
"When truth is replaced by silence, the silence is a lie.",Reflections,Yevgeny Yevtushenko,1968,Reflections - Yevgeny Yevtushenko,Truth,Silence
There is no greater agony than bearing an untold story inside you.,I Know Why the Caged Bird Sings,Maya Angelou,1969,I Know Why the Caged Bird Sings - Maya Angelou,Spirit/Soul,Expression
There is no greater agony than bearing an untold story inside you.,I Know Why the Caged Bird Sings,Maya Angelou,1969,I Know Why the Caged Bird Sings - Maya Angelou,Healing,Expression
There is no greater agony than bearing an untold story inside you.,I Know Why the Caged Bird Sings,Maya Angelou,1969,I Know Why the Caged Bird Sings - Maya Angelou,Suffering,Expression
There is no greater agony than bearing an untold story inside you.,Reflections,Maya Angelou,1969,Reflections - Maya Angelou,Expression,Silence
Don’t look for God in the sky; look within your own soul.,Reflections,Osho,1970,Reflections - Osho,God,Soul
"In the beginner’s mind there are many possibilities, but in the expert’s there are few.","Zen Mind, Beginner’s Mind",Shunryu Suzuki,1970,"Zen Mind, Beginner’s Mind - Shunryu Suzuki",Creativity,Openness
Creativity involves breaking out of expected patterns in order to look at things in a different way.,Reflections,Edward de Bono,1970,Reflections - Edward de Bono,Creativity,Pattern
The first step toward change is awareness. The second step is acceptance.,Reflections,Nathaniel Branden,1970,Reflections - Nathaniel Branden,Recovery,Change
"God is a verb, not a noun.",Reflections,Buckminster Fuller,1970,Reflections - Buckminster Fuller,God,Action
We are all just walking each other home.,Reflections,Ram Dass,1970,Reflections - Ram Dass,Togetherness,Companionship
"Don’t ask what the world needs. Ask what makes you come alive, and go do it.",Reflections,Howard Thurman,1970,Reflections - Howard Thurman,Purpose,Passion
"To write is to descend into the self, to trace the shape of the soul’s shadow.",Reflections,Clarice Lispector,1970,Reflections - Clarice Lispector,Writing,Reflection
An attitude of gratitude brings great things.,Collected Quotes,Yogi Bhajan,1971,Collected Quotes - Yogi Bhajan,Gratitude,Attitude
"Being honest may not get you a lot of friends, but it’ll always get you the right ones.",Reflections,John Lennon,1971,Reflections - John Lennon,Honesty,Friendship
Ego is the voice that tells us we are separate.,Reflections,Ram Dass,1971,Reflections - Ram Dass,Ego/Self,Separation
"The spirit is the true self, not the body or the ego.",Teachings,Ram Dass,1971,Teachings - Ram Dass,Spirit/Soul,Essence
We are all just walking each other home.,Reflections,Ram Dass,1971,Reflections - Ram Dass,Togetherness,Journey
"There is no pit so deep, that God’s love is not deeper still.",Reflections,Corrie ten Boom,1971,Reflections - Corrie ten Boom,God,Mercy
No circumstance is greater than God’s ability to redeem it.,Reflections,Corrie ten Boom,1971,Reflections - Corrie ten Boom,God,Redemption
Grace is the face love wears when it meets imperfection.,Reflections,Joseph R. Cooke,1971,Reflections - Joseph R. Cooke,Grace,Compassion
There is no pit so deep that God's grace is not deeper still.,Reflections,Corrie ten Boom,1971,Reflections - Corrie ten Boom,Grace,Hope
Touch is the first language we speak.,Reflections,Ashley Montagu,1971,Reflections - Ashley Montagu,Affection,Primal Connection
Hands are love’s oldest instrument.,Reflections,Ashley Montagu,1971,Reflections - Ashley Montagu,Affection,Expression
"To speak gratitude is courteous and pleasant, to enact gratitude is generous and noble, but to live gratitude is to touch heaven.",Sermon,Johannes A. Gaertner,1972,Sermon - Johannes A. Gaertner,Gratitude,Living
Honesty is the pulse beat of moral character.,Reflections,Ezra Taft Benson,1972,Reflections - Ezra Taft Benson,Honesty,Character
There is no exercise better for the heart than reaching down and lifting people up.,Reflections,John Holmes,1972,Reflections - John Holmes,Togetherness,Generosity
"When humor goes, there goes civilization.",Reflections,Erma Bombeck,1972,Reflections - Erma Bombeck,Humor,Culture
"Real affection shows up, quietly, consistently.",Reflections,Leo Buscaglia,1972,Reflections - Leo Buscaglia,Affection,Loyalty
Some things have to be believed to be seen.,Reflections,Madeleine L’Engle,1972,Reflections - Madeleine L’Engle,Faith,Vision
"It is not the answer that enlightens, but the question.",Reflections,Eugene Ionesco,1972,Reflections - Eugene Ionesco,Wisdom,Inquiry
Love is the ultimate expression of the will to live.,The Denial of Death,Ernest Becker,1973,The Denial of Death - Ernest Becker,Love,Vitality
Self is only that which is aware of itself as awareness.,I Am That,Nisargadatta Maharaj,1973,I Am That - Nisargadatta Maharaj,Ego/Self,Awareness
"The self is not something one finds, it is something one creates.",Reflections,Thomas Szasz,1973,Reflections - Thomas Szasz,Ego/Self,Creation
"You are not in the universe, you are the universe experiencing itself.",Reflections,Alan Watts,1973,Reflections - Alan Watts,Nature/Natural,Consciousness
"You didn't come into this world. You came out of it, like a wave from the ocean.",Reflections,Alan Watts,1973,Reflections - Alan Watts,Nature/Natural,Emergence
"It’s not the load that breaks you down, it’s the way you carry it.",Reflections,Lena Horne,1973,Reflections - Lena Horne,Suffering,Burden
"The best jokes are dangerous, and dangerous because they are in some way truthful.",Reflections,Kurt Vonnegut,1973,Reflections - Kurt Vonnegut,Humor,Truth
Every act of conscious learning requires the willingness to suffer an injury to one’s self-esteem.,Reflections,Thomas Szasz,1973,Reflections - Thomas Szasz,Growth,Ego Risk
"I long, as does every human being, to be at home wherever I find myself.",Reflections,Maya Angelou,1973,Reflections - Maya Angelou,Belonging,Wholeness
We die to the past every moment. We must do it to keep alive.,Reflections,J. Krishnamurti,1973,Reflections - J. Krishnamurti,Change,Letting Go
"Don't seek, don't search, don't ask, don't knock, don't demand—relax. If you relax, it comes. If you relax, it is there.",The Book of Secrets,Osho,1974,The Book of Secrets - Osho,Acceptance,Stillness
The simple step of a courageous individual is not to take part in the lie.,Live Not by Lies,Aleksandr Solzhenitsyn,1974,Live Not by Lies - Aleksandr Solzhenitsyn,Honesty,Courage
A diamond is just a piece of coal that did well under pressure.,Personal Sayings,Henry Kissinger,1974,Personal Sayings - Henry Kissinger,Fortitude,Pressure
Don’t quit. Suffer now and live the rest of your life as a champion.,Reflections,Muhammad Ali,1974,Reflections - Muhammad Ali,Fortitude,Discipline
Every writer I know has trouble writing.,Reflections,Joseph Heller,1974,Reflections - Joseph Heller,Creativity,Struggle
Every act of conscious learning requires the willingness to suffer an injury to one’s self-esteem.,Reflections,Thomas Szasz,1974,Reflections - Thomas Szasz,Truth,Learning
"Speak the truth, even if your voice shakes.",Reflections,Maggie Kuhn,1975,Reflections - Maggie Kuhn,Honesty,Bravery
"Every time you speak the truth, you become more yourself.",Journal,Adrienne Rich,1975,Journal - Adrienne Rich,Honesty,Identity
You must speak the truth even if your voice trembles.,Interview,Maggie Kuhn,1975,Interview - Maggie Kuhn,Honesty,Courage
"Kindness is more important than wisdom, and the recognition of this is the beginning of wisdom.",Reflections,Theodore Isaac Rubin,1975,Reflections - Theodore Isaac Rubin,Kindness,Wisdom
"The moment you know yourself, you have known the most precious thing in existence.",Reflections,Osho,1975,Reflections - Osho,Ego/Self,Self-Knowledge
The ego seeks to divide and separate. Spirit seeks to unify and heal.,A Course in Miracles,Helen Schucman,1975,A Course in Miracles - Helen Schucman,Ego/Self,Separation
"The self is made, not found.",Reflections,Barbara Myerhoff,1975,Reflections - Barbara Myerhoff,Ego/Self,Construct
Ego judges and punishes. Spirit forgives and heals.,A Course in Miracles,Helen Schucman,1975,A Course in Miracles - Helen Schucman,Ego/Self,Dualism
The ego always seeks to divide and control. The spirit seeks to unify and heal.,A Course in Miracles,Helen Schucman,1975,A Course in Miracles - Helen Schucman,Ego/Self,Control
The soul thinks in images.,Archetypes of the Soul,James Hillman,1975,Archetypes of the Soul - James Hillman,Spirit/Soul,Imagination
The silence of nature is very real. It surrounds you… you can feel it.,Reflections,Ted Trueblood,1975,Reflections - Ted Trueblood,Nature/Natural,Silence
A dream you dream alone is only a dream. A dream you dream together is reality.,Reflections,John Lennon,1975,Reflections - John Lennon,Togetherness,Vision
"When you forgive, you in no way change the past—but you sure do change the future.",Reflections,Bernard Meltzer,1975,Reflections - Bernard Meltzer,Healing,Forgiveness
Suffering is part of our training program for becoming wise.,Reflections,Ram Dass,1975,Reflections - Ram Dass,Suffering,Wisdom
To love is to suffer. To avoid suffering one must not love. But then one suffers from not loving.,Reflections,Woody Allen,1975,Reflections - Woody Allen,Suffering,Love
"Truth without love is brutality, and love without truth is hypocrisy.",Reflections,Warren Wiersbe,1975,Reflections - Warren Wiersbe,Truth,Balance
"Truth is not something outside to be discovered, it is something inside to be realized.",Reflections,Osho,1975,Reflections - Osho,Truth,Inner Realization
He who kneels before God can stand before anyone.,Reflections,Unknown,1975,Reflections - Unknown,God,Strength
You know you’re getting old when the candles cost more than the cake.,Reflections,Bob Hope,1975,Reflections - Bob Hope,Humor,Aging
"If you think education is expensive, try ignorance.",Reflections,Derek Bok,1975,Reflections - Derek Bok,Humor,Wisdom
Laughter creates a space where transformation begins.,Reflections,Ram Dass,1975,Reflections - Ram Dass,Humor,Healing
"Let us always meet each other with a smile, for the smile is the beginning of love.",Reflections,Mother Teresa,1975,Reflections - Mother Teresa,Affection,Smiling
One kind touch can melt a thousand hardened thoughts.,Reflections,Ram Dass,1975,Reflections - Ram Dass,Affection,Healing
Our similarities bring us to a common ground; our differences allow us to be fascinated by each other.,Reflections,Tom Robbins,1976,Reflections - Tom Robbins,Togetherness,Diversity
Love is friendship that has caught fire.,Speech,Ann Landers,1976,Speech - Ann Landers,Love,Friendship
The creative adult is the child who survived.,Reflections,Ursula K. Le Guin,1976,Reflections - Ursula K. Le Guin,Creativity,Childhood
Writing is thinking on paper.,Reflections,William Zinsser,1976,Reflections - William Zinsser,Creativity,Writing
All healing is essentially the release from fear.,A Course in Miracles,Foundation for Inner Peace,1976,A Course in Miracles - Foundation for Inner Peace,Healing,Fear
The ego seeks to divide and separate. Spirit seeks to unify and heal.,Reflections,A Course in Miracles,1976,Reflections - A Course in Miracles,Conflict,Ego
"Love is an act of endless forgiveness, a tender look which becomes a habit.",Personal Notes,Peter Ustinov,1977,Personal Notes - Peter Ustinov,Love,Habit
"You can cage the singer, but not the song.",Reflections,Harry Belafonte,1977,Reflections - Harry Belafonte,Spirit/Soul,Freedom
A cloud does not know why it moves in just such a direction.,Reflections,Richard Bach,1977,Reflections - Richard Bach,Nature/Natural,Uncertainty
"One love, one heart, let’s get together and feel all right.",One Love,Bob Marley,1977,One Love - Bob Marley,Togetherness,Unity
"You can kiss your family and friends goodbye and put miles between you, but at the same time, you carry them with you.",Reflections,Richard Bach,1977,Reflections - Richard Bach,Togetherness,Memory
The only mystery in life is why the kamikaze pilots wore helmets.,Reflections,Al McGuire,1977,Reflections - Al McGuire,Humor,Dark Irony
Acceptance is not submission; it is acknowledgment of the facts of a situation.,The Road Less Traveled,M. Scott Peck,1978,The Road Less Traveled - M. Scott Peck,Acceptance,Reality
Love is the will to extend one's self for the purpose of nurturing one's own or another's spiritual growth.,The Road Less Traveled,M. Scott Peck,1978,The Road Less Traveled - M. Scott Peck,Love,Growth
"We come to love not by finding a perfect person, but by learning to see an imperfect person perfectly.",The Road Less Traveled,M. Scott Peck,1978,The Road Less Traveled - M. Scott Peck,Love,Acceptance
"Reality is that which, when you stop believing in it, doesn't go away.",How to Build a Universe That Doesn’t Fall Apart Two Days Later,Philip K. Dick,1978,How to Build a Universe That Doesn’t Fall Apart Two Days Later - Philip K. Dick,Acceptance,Reality
Every lie is two lies—the lie we tell others and the lie we tell ourselves to justify it.,The Road Less Traveled,M. Scott Peck,1978,The Road Less Traveled - M. Scott Peck,Honesty,Self-Deception
"Too often we underestimate the power of a touch, a smile, a kind word...",Reflections,Leo Buscaglia,1978,Reflections - Leo Buscaglia,Kindness,Simple Acts
"Every happening, great and small, is a parable whereby God speaks to us.",Reflections,Malcolm Muggeridge,1978,Reflections - Malcolm Muggeridge,God,Everyday
Love is not a matter of what happens in life. It's a matter of what's happening in your heart.,Public Statement,Ken Keyes Jr.,1979,Public Statement - Ken Keyes Jr.,Love,Inner Life
"Honesty is the cornerstone of all success, without which confidence and ability to perform shall cease to exist.",Leadership Reflections,Mary Kay Ash,1979,Leadership Reflections - Mary Kay Ash,Honesty,Success
"Give, but give until it hurts.",Public Speech,Mother Teresa,1979,Public Speech - Mother Teresa,Giving,Sacrifice
"Let us live for the beauty of our own reality, and share that beauty with others.",Reflections,Charles Bukowski,1979,Reflections - Charles Bukowski,Togetherness,Authenticity
"A day without sunshine is like, you know, night.",Reflections,Steve Martin,1979,Reflections - Steve Martin,Humor,Absurdism
We touch people’s lives simply by being kind.,Reflections,Leo Buscaglia,1979,Reflections - Leo Buscaglia,Affection,Kindness
"To rest your hand in another’s is to say, “I will not let go.”",Reflections,Fred Rogers,1979,Reflections - Fred Rogers,Affection,Reassurance
We hold others as we would wish to be remembered.,Reflections,Leo Buscaglia,1979,Reflections - Leo Buscaglia,Affection,Legacy
Affection does not ask; it offers.,Reflections,Ram Dass,1980,Reflections - Ram Dass,Affection,Generosity
You don’t drown by falling in the water; you drown by staying there.,Reflections,Edwin Louis Cole,1980,Reflections - Edwin Louis Cole,Suffering,Recovery
Love is the ultimate outlaw. It just won’t adhere to any rules.,Still Life with Woodpecker,Tom Robbins,1980,Still Life with Woodpecker - Tom Robbins,Love,Freedom
Character consists of what you do on the third and fourth tries.,Reflections,James A. Michener,1980,Reflections - James A. Michener,Fortitude,Character
"Kind words can be short and easy to speak, but their echoes are truly endless.",Collected Sayings,Mother Teresa,1980,Collected Sayings - Mother Teresa,Kindness,Speech
Service to others is the rent you pay for your room here on earth.,Speeches,Muhammad Ali,1980,Speeches - Muhammad Ali,Giving,Service
"Every one of us is, in the cosmic perspective, precious. Yet we are also not central to the universe.",Cosmos,Carl Sagan,1980,Cosmos - Carl Sagan,Ego/Self,Perspective
"Nature does not ask permission. She acts, and we adjust.",Reflections,Wendell Berry,1980,Reflections - Wendell Berry,Nature/Natural,Change
Writing is an exploration. You start from nothing and learn as you go.,Reflections,E.L. Doctorow,1980,Reflections - E.L. Doctorow,Creativity,Writing
"To practice any art, no matter how well or badly, is a way to make your soul grow.",Reflections,Kurt Vonnegut,1980,Reflections - Kurt Vonnegut,Creativity,Soul
We can do no great things—only small things with great love.,Reflections,Mother Teresa,1980,Reflections - Mother Teresa,Togetherness,Service
"Just for today, I will try to live through this day only.",Just for Today,Narcotics Anonymous,1980,Just for Today - Narcotics Anonymous,Recovery,Present
"In recovery, your worst day clean is better than your best day using.",Reflections,Narcotics Anonymous,1980,Reflections - Narcotics Anonymous,Recovery,Sobriety
It is only through suffering that we can learn compassion.,Reflections,Mother Teresa,1980,Reflections - Mother Teresa,Suffering,Compassion
Suffering is not holding you. You are holding suffering.,Reflections,Osho,1980,Reflections - Osho,Suffering,Non-Attachment
"It is not differences that divide us. It is our inability to recognize, accept, and celebrate those differences.",Reflections,Audre Lorde,1980,Reflections - Audre Lorde,Conflict,Diversity
"If you judge people, you have no time to love them.",Reflections,Mother Teresa,1980,Reflections - Mother Teresa,Conflict,Judgment
God never gives someone a gift they are not capable of receiving.,Reflections,Mother Teresa,1980,Reflections - Mother Teresa,God,Grace
God speaks in the silence of the heart. Listening is the beginning of prayer.,Reflections,Mother Teresa,1980,Reflections - Mother Teresa,God,Prayer
"If God brings you to it, He will bring you through it.",Reflections,Anonymous,1980,Reflections - Anonymous,God,Strength
Don't worry about the world ending today. It's already tomorrow in Australia.,Reflections,Charles Schulz,1980,Reflections - Charles Schulz,Humor,Perspective
"If you can laugh at it, you can live with it.",Reflections,Erma Bombeck,1980,Reflections - Erma Bombeck,Humor,Endurance
"In silence, affection speaks the loudest.",Reflections,Fred Rogers,1980,Reflections - Fred Rogers,Affection,Wordless Love
The most faithful kind of affection is the one that expects no recognition.,Reflections,Saint Teresa of Calcutta,1980,Reflections - Saint Teresa of Calcutta,Affection,Humility
"The quieter you become, the more you can hear.",Reflections,Ram Dass,1980,Reflections - Ram Dass,Stillness,Perception
"Do things for people not because of who they are or what they do in return, but because of who you are.",Reflections,Harold S. Kushner,1981,Reflections - Harold S. Kushner,Kindness,Character
"We can't help everyone, but everyone can help someone.",Reflections,Ronald Reagan,1981,Reflections - Ronald Reagan,Giving,Contribution
The hardest thing to learn in life is which bridge to cross and which to burn.,Reflections,David Russell,1981,Reflections - David Russell,Ego/Self,Discernment
"To live a creative life, we must lose our fear of being wrong.",Reflections,Joseph Chilton Pearce,1981,Reflections - Joseph Chilton Pearce,Creativity,Risk
"Life is hard. After all, it kills you.",Reflections,Katharine Hepburn,1981,Reflections - Katharine Hepburn,Humor,Mortality
The miracle of affection is how little it demands to work wonders.,Reflections,Fred Rogers,1981,Reflections - Fred Rogers,Affection,Simplicity
Some people never go crazy. What truly horrible lives they must lead.,Reflections,Charles Bukowski,1981,Reflections - Charles Bukowski,Madness,Humor
Love is an endless act of forgiveness. Forgiveness is the key to action and freedom.,Column,Maya Angelou,1982,Column - Maya Angelou,Love,Forgiveness
"Love is a fruit in season at all times, and within reach of every hand.",Interview,Mother Teresa,1982,Interview - Mother Teresa,Love,Abundance
Wear gratitude like a cloak and it will feed every corner of your life.,Tao of Pooh,Benjamin Hoff (quoting Rumi),1982,Tao of Pooh - Benjamin Hoff (quoting Rumi),Gratitude,Nourishment
Whatever is in me is stronger than what is out there to defeat me.,Journal,Elie Wiesel,1982,Journal - Elie Wiesel,Acceptance,Strength
What you get by achieving your goals is not as important as what you become by achieving your goals.,Reflections,Zig Ziglar,1982,Reflections - Zig Ziglar,Fortitude,Growth
Give your hands to serve and your hearts to love.,Speeches,Mother Teresa,1982,Speeches - Mother Teresa,Giving,Compassion
It is not how much we give but how much love we put into giving.,Speeches,Mother Teresa,1982,Speeches - Mother Teresa,Giving,Love
Enlightenment is the ego’s ultimate disappointment.,Reflections,Chögyam Trungpa,1982,Reflections - Chögyam Trungpa,Ego/Self,Realization
"You can't use up creativity. The more you use, the more you have.",Reflections,Maya Angelou,1982,Reflections - Maya Angelou,Creativity,Abundance
"When we lose God, it is not God who is lost.",Reflections,Frederick Buechner,1982,Reflections - Frederick Buechner,God,Perception
We must risk delight. We must embrace grace.,Reflections,Jack Gilbert,1982,Reflections - Jack Gilbert,Grace,Delight
To love and be loved is to feel the sun from both sides.,Reader’s Digest,David Viscott,1983,Reader’s Digest - David Viscott,Love,Mutuality
"We must let go of the life we have planned, so as to accept the one that is waiting for us.",Journal,Joseph Campbell,1983,Journal - Joseph Campbell,Acceptance,Surrender
"Truth without love is brutality, and love without truth is hypocrisy.",Reflections,Warren Wiersbe,1983,Reflections - Warren Wiersbe,Honesty,Balance
"Tough times never last, but tough people do.",Reflections,Robert H. Schuller,1983,Reflections - Robert H. Schuller,Fortitude,Endurance
I’m still standing.,Lyrics,Elton John,1983,Lyrics - Elton John,Fortitude,Survival
Grace is the sea that washes guilt from the shore.,Reflections,Frederick Buechner,1983,Reflections - Frederick Buechner,Grace,Cleansing
Gentle hands teach the world it doesn’t need to fear love.,Reflections,Henri Nouwen,1983,Reflections - Henri Nouwen,Affection,Safety
Spirituality is not a religion; it is a way of life.,Reflections,Anthony de Mello,1984,Reflections - Anthony de Mello,Spirit/Soul,Practice
Love’s greatest gift is its ability to make everything it touches sacred.,The Sacred Path of the Warrior,Chögyam Trungpa,1984,The Sacred Path of the Warrior - Chögyam Trungpa,Love,Sacredness
"The root of joy is gratefulness... It is not joy that makes us grateful, it is gratitude that makes us joyful.","Gratefulness, the Heart of Prayer",David Steindl-Rast,1984,"Gratefulness, the Heart of Prayer - David Steindl-Rast",Gratitude,Origin
"Gratitude is the ability to experience life as a gift, to respond with wonder and delight to its many blessings.","Gratefulness, the Heart of Prayer",David Steindl-Rast,1984,"Gratefulness, the Heart of Prayer - David Steindl-Rast",Gratitude,Wonder
The greatest source of happiness is the ability to be grateful at all times.,Reflections,Zig Ziglar,1984,Reflections - Zig Ziglar,Gratitude,Consistency
The first step toward change is awareness. The second step is acceptance.,Personal Growth Seminar,Nathaniel Branden,1984,Personal Growth Seminar - Nathaniel Branden,Acceptance,Awareness
I accept myself unconditionally right now.,Mirror Work,Louise Hay,1984,Mirror Work - Louise Hay,Acceptance,Affirmation
Self-acceptance is my refusal to be in an adversarial relationship with myself.,Interview,Nathaniel Branden,1984,Interview - Nathaniel Branden,Acceptance,Self-Awareness
Let us not be satisfied with just giving money. Money is not enough. People need your hearts to love them.,Speeches,Mother Teresa,1984,Speeches - Mother Teresa,Generosity,Heart
Self-importance is our greatest enemy. Think about it—what weakens us is feeling offended by the deeds and misdeeds of our fellow man.,The Fire from Within,Carlos Castaneda,1984,The Fire from Within - Carlos Castaneda,Ego/Self,Offense
"Nature holds the key to our aesthetic, intellectual, cognitive and even spiritual satisfaction.",Reflections,E.O. Wilson,1984,Reflections - E.O. Wilson,Nature/Natural,Fulfillment
A blank piece of paper is God’s way of telling us how hard it is to be God.,Reflections,Sidney Sheldon,1984,Reflections - Sidney Sheldon,Creativity,Challenge
"It is not our differences that divide us. It is our inability to recognize, accept, and celebrate those differences.",Reflections,Audre Lorde,1984,Reflections - Audre Lorde,Togetherness,Diversity
All suffering is caused by ignorance. People inflict pain on others in the selfish pursuit of their own happiness or satisfaction.,Reflections,Dalai Lama XIV,1984,Reflections - Dalai Lama XIV,Suffering,Ignorance
"Love is not a victory march, it’s a cold and it’s a broken hallelujah.",Hallelujah (song lyric),Leonard Cohen,1984,Hallelujah (song lyric) - Leonard Cohen,Conflict,Love
"A lie may take care of the present, but it has no future.",Reflections,Croft M. Pentz,1984,Reflections - Croft M. Pentz,Truth,Consequence
To forgive is to set a prisoner free and discover that the prisoner was you—with God.,Reflections,Lewis B. Smedes,1984,Reflections - Lewis B. Smedes,God,Forgiveness
Laughter is the brush that sweeps away the cobwebs of your heart.,Reflections,Mort Walker,1984,Reflections - Mort Walker,Humor,Emotion
The skin remembers the touch of those who meant love.,Reflections,Audre Lorde,1984,Reflections - Audre Lorde,Affection,Memory
Rain is grace; rain is the sky descending to the earth.,Reflections,John Updike,1985,Reflections - John Updike,Nature/Natural,Grace
"If you judge people, you have no time to love them.",Interview,Mother Teresa,1985,Interview - Mother Teresa,Love,Acceptance
Thankfulness expands the heart and opens the path to peace.,Meditations,Henri Nouwen,1985,Meditations - Henri Nouwen,Gratitude,Peace
Perseverance is failing 19 times and succeeding the 20th.,Interview,Julie Andrews,1985,Interview - Julie Andrews,Fortitude,Grit
"What keeps us alive, what allows us to endure? I think it is the hope of loving or being loved.",Reflections,Maya Angelou,1985,Reflections - Maya Angelou,Spirit/Soul,Hope
Spirituality is the art of keeping the inner fire alive.,Reflections,Henri Nouwen,1985,Reflections - Henri Nouwen,Spirit/Soul,Fire
"Look at the trees, look at the birds, look at the clouds… everything is simply happy.",Reflections,Osho,1985,Reflections - Osho,Nature/Natural,Joy
Everything in nature invites us constantly to be what we are.,Reflections,Gretel Ehrlich,1985,Reflections - Gretel Ehrlich,Nature/Natural,Authenticity
"We don’t make mistakes, just happy little accidents.",Reflections,Bob Ross,1985,Reflections - Bob Ross,Creativity,Mistakes
Creativity is the greatest rebellion in existence.,Reflections,Osho,1985,Reflections - Osho,Creativity,Rebellion
A non-writing writer is a monster courting insanity.,Letters to a Young Novelist,Julio Cortázar,1985,Letters to a Young Novelist - Julio Cortázar,Creativity,Writing
"Your intuition knows what to write, so get out of the way.",Reflections,Ray Bradbury,1985,Reflections - Ray Bradbury,Creativity,Intuition
Don't think. Thinking is the enemy of creativity.,Reflections,Ray Bradbury,1985,Reflections - Ray Bradbury,Creativity,Flow
"We are each of us angels with only one wing, and we can only fly by embracing one another.",Reflections,Luciano De Crescenzo,1985,Reflections - Luciano De Crescenzo,Togetherness,Support
"None of us, including me, ever do great things. But we can all do small things with great love, and together we can do something wonderful.",Reflections,Mother Teresa,1985,Reflections - Mother Teresa,Togetherness,Compassion
Let no one ever come to you without leaving better and happier.,Reflections,Mother Teresa,1985,Reflections - Mother Teresa,Togetherness,Uplift
We live in a world that is connected in ways we cannot always see. The thread is love.,Reflections,Henri Nouwen,1985,Reflections - Henri Nouwen,Togetherness,Interconnection
It takes both sunshine and rain for a flower to grow.,Reflections,Anonymous,1985,Reflections - Anonymous,Healing,Balance
Recovery didn’t open the gates of heaven and let me in. Recovery opened the gates of hell and let me out.,Reflections,Anonymous (AA),1985,Reflections - Anonymous (AA),Recovery,Freedom
"The opposite of love is not hate, it's indifference.",The Unbearable Lightness of Being,Elie Wiesel,1985,The Unbearable Lightness of Being - Elie Wiesel,Conflict,Emotion
An enemy is one whose story you have not heard.,Reflections,Gene Knudsen Hoffman,1985,Reflections - Gene Knudsen Hoffman,Conflict,Empathy
Sometimes the hardest person to forgive is yourself.,Reflections,Fred Rogers,1985,Reflections - Fred Rogers,Conflict,Guilt
"God, in His infinite wisdom, understands what we do not yet know we need.",Reflections,Henri Nouwen,1985,Reflections - Henri Nouwen,God,Providence
You breathe grace when you stop trying to earn your next breath.,Reflections,Henri Nouwen,1985,Reflections - Henri Nouwen,Grace,Surrender
You can’t have everything. Where would you put it?,Reflections,Steven Wright,1985,Reflections - Steven Wright,Humor,Absurdism
I'm writing a book. I've got the page numbers done.,Reflections,Steven Wright,1985,Reflections - Steven Wright,Humor,Creativity
"Love is not only something you feel, it is something you do.",Reflections,David Wilkerson,1985,Reflections - David Wilkerson,Affection,Action
The real question is not whether life exists after death. The real question is whether you are alive before death.,Reflections,Osho,1985,Reflections - Osho,Presence,Awareness
You don’t drown by falling in the water; you drown by staying there.,Reflections,Edwin Louis Cole,1986,Reflections - Edwin Louis Cole,Fortitude,Recovery
"Happiness cannot be traveled to, owned, earned... it is the spiritual experience of living every minute with love, grace, and gratitude.",Daily Reflections,Denis Waitley,1986,Daily Reflections - Denis Waitley,Gratitude,Happiness
You do not have to be good. You only have to let the soft animal of your body love what it loves.,Wild Geese,Mary Oliver,1986,Wild Geese - Mary Oliver,Acceptance,Permission
The ego lives by comparisons. The spirit lives by unity.,Reflections,Henri Nouwen,1986,Reflections - Henri Nouwen,Ego/Self,Comparison
"The ache for home lives in all of us, the safe place where we can go and not be questioned.",Reflections,Maya Angelou,1986,Reflections - Maya Angelou,Togetherness,Home
"I have found that among its other benefits, giving liberates the soul of the giver.",Reflections,Maya Angelou,1986,Reflections - Maya Angelou,Togetherness,Giving
Recovery is a process of rediscovery.,Reflections,Melody Beattie,1986,Reflections - Melody Beattie,Recovery,Identity
"Even when we doubt, God believes in us.",Reflections,Henri Nouwen,1986,Reflections - Henri Nouwen,God,Trust
God is most glorified in us when we are most satisfied in Him.,Reflections,John Piper,1986,Reflections - John Piper,God,Joy
"Grace is the celebration of life, relentlessly hounding all the non-celebrants.",Reflections,Robert Farrar Capon,1986,Reflections - Robert Farrar Capon,Grace,Joy
"Grace is God loving, God stooping, God coming to the rescue.",Reflections,John Stott,1986,Reflections - John Stott,Grace,Rescue
"Through humor, you can soften some of the worst blows that life delivers.",Reflections,Bill Cosby,1986,Reflections - Bill Cosby,Humor,Coping
The hands that touch gently change the world quietly.,Reflections,Henri Nouwen,1986,Reflections - Henri Nouwen,Affection,Service
"Where words fail, hands offer truth.",Reflections,Henri Nouwen,1986,Reflections - Henri Nouwen,Affection,Compassion
To give affection is to become someone’s sanctuary.,Reflections,Henri Nouwen,1986,Reflections - Henri Nouwen,Affection,Safety
You do not have to be good. You only have to let the soft animal of your body love what it loves.,Wild Geese,Mary Oliver,1986,Wild Geese - Mary Oliver,Acceptance,Embodiment
"The ache for home lives in all of us, the safe place where we can go as we are and not be questioned.",Reflections,Maya Angelou,1986,Reflections - Maya Angelou,Belonging,Safety
You may have to fight a battle more than once to win it.,Speech,Margaret Thatcher,1987,Speech - Margaret Thatcher,Fortitude,Struggle
"You may encounter many defeats, but you must not be defeated.",Speech,Maya Angelou,1987,Speech - Maya Angelou,Fortitude,Resilience
Champions keep playing until they get it right.,Interview,Billie Jean King,1987,Interview - Billie Jean King,Fortitude,Excellence
"The miracle is this—the more we share, the more we have.",Reflections,Leonard Nimoy,1987,Reflections - Leonard Nimoy,Generosity,Abundance
To heal is to touch with love that which we previously touched with fear.,Reflections,Stephen Levine,1987,Reflections - Stephen Levine,Healing,Love
What happens when people open their hearts? They get better.,Norwegian Wood,Haruki Murakami,1987,Norwegian Wood - Haruki Murakami,Healing,Openness
What happens when people open their hearts? They get better.,Norwegian Wood,Haruki Murakami,1987,Norwegian Wood - Haruki Murakami,Suffering,Vulnerability
"When someone shows you who they are, believe them the first time.",Reflections,Maya Angelou,1987,Reflections - Maya Angelou,Conflict,Trust
"God does not expect us to do everything, but He does expect us to do something.",Reflections,Charles Swindoll,1987,Reflections - Charles Swindoll,God,Action
"Without grace, we turn our wounds into weapons.",Reflections,Henri Nouwen,1987,Reflections - Henri Nouwen,Grace,Healing
"If at first you don’t succeed, then skydiving definitely isn’t for you.",Reflections,Steven Wright,1987,Reflections - Steven Wright,Humor,Failure
Humor is a universal solvent against bitterness.,Reflections,Henri Nouwen,1987,Reflections - Henri Nouwen,Humor,Healing
"Laughter gives us distance. It allows us to step back from an event, deal with it, and then move on.",Reflections,Bob Newhart,1987,Reflections - Bob Newhart,Humor,Perspective
"Peace is not something you wish for; it's something you make, something you do, something you are, and something you give away.",Reflections,Robert Fulghum,1988,Reflections - Robert Fulghum,Togetherness,Peace
One is loved because one is loved. No reason is needed for loving.,The Alchemist,Paulo Coelho,1988,The Alchemist - Paulo Coelho,Love,Unconditional
"Love recognizes no barriers. It jumps hurdles, leaps fences, penetrates walls to arrive at its destination full of hope.",Interview,Maya Angelou,1988,Interview - Maya Angelou,Love,Resilience
"I have seen the soul of the world, and it is love.",The Alchemist,Paulo Coelho,1988,The Alchemist - Paulo Coelho,Spirit/Soul,Love
The spiritual life does not remove us from the world but leads us deeper into it.,Reflections,Henri Nouwen,1988,Reflections - Henri Nouwen,Spirit/Soul,Engagement
The goal of life is to make your heartbeat match the beat of the universe.,Reflections,Joseph Campbell,1988,Reflections - Joseph Campbell,Nature/Natural,Harmony
Apology is the superglue of life. It can repair just about anything.,Reflections,Lynn Johnston,1988,Reflections - Lynn Johnston,Conflict,Reconciliation
Conflict is growth trying to happen.,Reflections,Harville Hendrix,1988,Reflections - Harville Hendrix,Conflict,Transformation
"When you can't go back, you have to worry only about the best way of moving forward.",The Alchemist,Paulo Coelho,1988,The Alchemist - Paulo Coelho,Journey,Next Step
We are made to persist. That’s how we find out who we are.,Reflections,Tobias Wolff,1989,Reflections - Tobias Wolff,Fortitude,Identity
Trust is the glue of life. It’s the most essential ingredient in effective communication.,Reflections,Stephen Covey,1989,Reflections - Stephen Covey,Truth,Trust
Grace is the final answer to despair.,Reflections,Henri Nouwen,1989,Reflections - Henri Nouwen,Grace,Hope
The presence of God is not an achievement; it is a grace.,Reflections,Brennan Manning,1990,Reflections - Brennan Manning,God,Grace
"God’s promises are like the stars; the darker the night, the brighter they shine.",Reflections,David Nicholas,1990,Reflections - David Nicholas,God,Hope
"Gratitude turns denial into acceptance, chaos to order, confusion to clarity.",The Language of Letting Go,Melody Beattie,1990,The Language of Letting Go - Melody Beattie,Gratitude,Transformation
"When we stop denying reality, we find clarity.",The Language of Letting Go,Melody Beattie,1990,The Language of Letting Go - Melody Beattie,Acceptance,Clarity
Generosity is the most natural outward expression of an inner attitude of compassion.,Journal,Dalai Lama XIV,1990,Journal - Dalai Lama XIV,Generosity,Compassion
Ego is the biggest enemy of humans.,Reflections,Sri Sathya Sai Baba,1990,Reflections - Sri Sathya Sai Baba,Ego/Self,Hindrance
To touch the soul of another is to walk on holy ground.,Reflections,Stephen R. Covey,1990,Reflections - Stephen R. Covey,Spirit/Soul,Connection
Nature is not a place to visit. It is home.,Reflections,Gary Snyder,1990,Reflections - Gary Snyder,Nature/Natural,Belonging
The natural world is the larger sacred community to which we belong.,Reflections,Thomas Berry,1990,Reflections - Thomas Berry,Nature/Natural,Sacredness
"Nature has no need to hurry, for she knows all is already well.",Reflections,Dan Millman,1990,Reflections - Dan Millman,Nature/Natural,Trust
"The muse visits during the act of creation, not before.",Reflections,Roger Ebert,1990,Reflections - Roger Ebert,Creativity,Inspiration
The most potent muse of all is our own inner child.,Reflections,Stephen Nachmanovitch,1990,Reflections - Stephen Nachmanovitch,Creativity,Inner Child
To love and be loved is to feel the sun from both sides.,Reflections,David Viscott,1990,Reflections - David Viscott,Togetherness,Mutuality
"Every time you are tempted to react in the same old way, ask if you want to be a prisoner of the past or a pioneer of the future.",Reflections,Deepak Chopra,1990,Reflections - Deepak Chopra,Recovery,Change
"Just when the caterpillar thought the world was over, it became a butterfly.",Reflections,Anonymous,1990,Reflections - Anonymous,Healing,Transformation
"In the process of letting go you will lose many things from the past, but you will find yourself.",Reflections,Deepak Chopra,1990,Reflections - Deepak Chopra,Healing,Identity
To be human is to suffer. It is our universal bond.,Reflections,Maya Angelou,1990,Reflections - Maya Angelou,Suffering,Humanity
Truth fears no questions.,Reflections,Unknown,1990,Reflections - Unknown,Truth,Inquiry
"God does not call the qualified, He qualifies the called.",Reflections,Unknown,1990,Reflections - Unknown,God,Calling
The will of God will never take you where the grace of God will not protect you.,Reflections,Unknown,1990,Reflections - Unknown,Grace,Protection
Grace flows best through those who know they need it.,Reflections,Brennan Manning,1990,Reflections - Brennan Manning,Grace,Humility
A hug is a handshake from the heart.,Reflections,Unknown,1990,Reflections - Unknown,Affection,Warmth
We are made whole by each other's warmth.,Reflections,Maya Angelou,1990,Reflections - Maya Angelou,Affection,Completion
"The truth will set you free, but first it will piss you off.",Reflections,Gloria Steinem,1990,Reflections - Gloria Steinem,Truth,Disruption
We don’t grow by striving; we grow by receiving grace.,Reflections,Leanne Payne,1991,Reflections - Leanne Payne,Grace,Growth
Pain is not a punishment; pleasure is not a reward.,Reflections,Pema Chödrön,1991,Reflections - Pema Chödrön,Suffering,Neutrality
Love is stronger than justice.,Song Lyrics,Sting,1991,Song Lyrics - Sting,Love,Power
Gratitude is the seed that sprouts peace and joy.,Teachings,Thich Nhat Hanh,1991,Teachings - Thich Nhat Hanh,Gratitude,Seeds
We can never obtain peace in the outer world until we make peace with ourselves.,Public Talk,Dalai Lama XIV,1991,Public Talk - Dalai Lama XIV,Acceptance,Inner Peace
Love and kindness are never wasted. They always make a difference.,Teachings,Helen James,1991,Teachings - Helen James,Kindness,Effect
Suffering is a kind of mud we must sit in to become lotus flowers.,Reflections,Thich Nhat Hanh,1991,Reflections - Thich Nhat Hanh,Suffering,Growth
"Before you criticize someone, walk a mile in their shoes. That way, when you do, you're a mile away and you have their shoes.",Reflections,Jack Handey,1991,Reflections - Jack Handey,Humor,Satire
Humor is one of the best ingredients of survival.,Reflections,Aung San Suu Kyi,1991,Reflections - Aung San Suu Kyi,Humor,Strength
Love is not something you feel. It is something you do.,The Five Love Languages,Gary Chapman,1992,The Five Love Languages - Gary Chapman,Love,Action
Gratitude turns what we have into enough.,A Return to Love,Marianne Williamson,1992,A Return to Love - Marianne Williamson,Gratitude,Contentment
There is a crack in everything. That’s how the light gets in.,Anthem,Leonard Cohen,1992,Anthem - Leonard Cohen,Acceptance,Imperfection
Your playing small does not serve the world. There is nothing enlightened about shrinking.,A Return to Love,Marianne Williamson,1992,A Return to Love - Marianne Williamson,Acceptance,Self-Worth
There is a crack in everything. That’s how the light gets in.,Anthem,Leonard Cohen,1992,Anthem - Leonard Cohen,Acceptance,Imperfection
Acceptance is observation of life and suspension of judgment about whether what is happening is good or bad.,Real Magic,Wayne Dyer,1992,Real Magic - Wayne Dyer,Acceptance,Nonjudgment
"We are all broken, that’s how the light gets in.",The Crack in Everything,Leonard Cohen,1992,The Crack in Everything - Leonard Cohen,Acceptance,Brokenness
The practice of forgiveness is our most important contribution to the healing of the world.,A Return to Love,Marianne Williamson,1992,A Return to Love - Marianne Williamson,Acceptance,Forgiveness
It takes two to lie: one to lie and one to listen.,The Simpsons,Homer Simpson,1992,The Simpsons - Homer Simpson,Honesty,Humor
You give yourself away when you serve others.,Reflections,Marianne Williamson,1992,Reflections - Marianne Williamson,Giving,Purpose
"As we let our own light shine, we unconsciously give other people permission to do the same.",Inaugural Speech (quoted),Marianne Williamson,1992,Inaugural Speech (quoted) - Marianne Williamson,Generosity,Inspiration
"When we practice loving kindness, we are the first to profit.",Teachings,Thich Nhat Hanh,1992,Teachings - Thich Nhat Hanh,Kindness,Benefit
The soul is the truth of who we are.,Reflections,Marianne Williamson,1992,Reflections - Marianne Williamson,Spirit/Soul,Identity
The spiritual journey is the unlearning of fear and the acceptance of love.,Reflections,Marianne Williamson,1992,Reflections - Marianne Williamson,Spirit/Soul,Healing
"Even when we are physically alone, our soul is always in community.",Reflections,Thomas Moore,1992,Reflections - Thomas Moore,Spirit/Soul,Communion
"Spirituality is the recognition that we are all one in essence, connected by the same source.",Reflections,Deepak Chopra,1992,Reflections - Deepak Chopra,Spirit/Soul,Unity
The soul needs love as much as the body needs air.,Reflections,Thomas Moore,1992,Reflections - Thomas Moore,Spirit/Soul,Love
The soul is never lost. Only forgotten.,Reflections,Clarissa Pinkola Estés,1992,Reflections - Clarissa Pinkola Estés,Spirit/Soul,Memory
The wind plays its own music through the trees.,Reflections,Mary Oliver,1992,Reflections - Mary Oliver,Nature/Natural,Sound
"The creative process is a process of surrender, not control.",Reflections,Julia Cameron,1992,Reflections - Julia Cameron,Creativity,Surrender
"In every community, there is work to be done. In every heart, there is the power to do it.",Reflections,Marianne Williamson,1992,Reflections - Marianne Williamson,Togetherness,Community
Each of us is a thread in the fabric of one another’s lives.,Reflections,Fred Rogers,1992,Reflections - Fred Rogers,Togetherness,Belonging
Happiness is only real when shared.,Into the Wild,Christopher McCandless,1992,Into the Wild - Christopher McCandless,Togetherness,Happiness
There is a crack in everything. That’s how the light gets in.,Anthem,Leonard Cohen,1992,Anthem - Leonard Cohen,Healing,Imperfection
The practice of forgiveness is our most important contribution to the healing of the world.,Reflections,Marianne Williamson,1992,Reflections - Marianne Williamson,Healing,Forgiveness
"Suffering, failure, loneliness, sorrow, discouragement, and death will be part of your journey... but the Kingdom of God will conquer all these horrors.",The Return of the Prodigal Son,Henri Nouwen,1992,The Return of the Prodigal Son - Henri Nouwen,Suffering,Redemption
"There’s a crack in everything, that’s how the light gets in.",Anthem,Leonard Cohen,1992,Anthem - Leonard Cohen,Suffering,Light
"We are not held back by the love we didn’t receive in the past, but by the love we’re not extending in the present.",Reflections,Marianne Williamson,1992,Reflections - Marianne Williamson,Conflict,Forgiveness
"We each carry the world in our hearts—its sorrow, its joy, and all its unresolved questions.",Reflections,Henri Nouwen,1992,Reflections - Henri Nouwen,Conflict,Inner Burden
Only those who risk telling the truth know how dangerous it can be.,Reflections,Vaclav Havel,1992,Reflections - Vaclav Havel,Truth,Courage
"There is a crack in everything, that’s how the light gets in.",Anthem,Leonard Cohen,1992,Anthem - Leonard Cohen,God,Brokenness
God does not change—our awareness of Him does.,Reflections,Thomas Keating,1992,Reflections - Thomas Keating,God,Perception
Faith is seeing light with your heart when all your eyes see is darkness.,Reflections,Barbara Johnson,1992,Reflections - Barbara Johnson,God,Faith
"The image of God is not found in power, but in vulnerability.",Reflections,Henri Nouwen,1992,Reflections - Henri Nouwen,God,Identity
God dances with those who dare to be still.,Reflections,Clarissa Pinkola Estés,1992,Reflections - Clarissa Pinkola Estés,God,Stillness
The spiritual journey is the unlearning of fear and the acceptance of love from God.,A Return to Love,Marianne Williamson,1992,A Return to Love - Marianne Williamson,God,Transformation
The desire for God is written in the human heart.,Catechism of the Catholic Church,Catholic Church,1992,Catechism of the Catholic Church - Catholic Church,God,Longing
Grace is the divine assistance given to humans for their regeneration or sanctification.,Catechism,Catholic Church,1992,Catechism - Catholic Church,Grace,Doctrine
The planet is fine. The people are f****d.,Reflections,George Carlin,1992,Reflections - George Carlin,Humor,Environmental Irony
Nothing lifts the soul quite like shared laughter.,Reflections,Maya Angelou,1992,Reflections - Maya Angelou,Humor,Fellowship
"To touch the soul, sometimes all you need is to hold the hand.",Reflections,Jean Vanier,1992,Reflections - Jean Vanier,Affection,Tenderness
Affection is a slow-burning flame that warms without demanding.,Reflections,Thomas Moore,1992,Reflections - Thomas Moore,Affection,Steady Love
"Love touches not just the heart, but the skin and soul.",Reflections,Clarissa Pinkola Estés,1992,Reflections - Clarissa Pinkola Estés,Affection,Depth
Even a resting hand on the shoulder can anchor a storm-tossed mind.,Reflections,Thomas Moore,1992,Reflections - Thomas Moore,Affection,Grounding
The soul speaks through the fingertips.,Reflections,Thomas Moore,1992,Reflections - Thomas Moore,Affection,Soulful Gesture
"There’s a crack in everything, that’s how the light gets in.",Anthem,Leonard Cohen,1992,Anthem - Leonard Cohen,Imperfection,Grace
"You do not need to know where you are going, only that you are on your way.",Reflections,Clarissa Pinkola Estés,1992,Reflections - Clarissa Pinkola Estés,Journey,Faith
The crack is how the story gets in.,Reflections,Leonard Cohen (variation),1992,Reflections - Leonard Cohen (variation),Story,Wounding
Let gratitude be the pillow upon which you kneel to say your nightly prayer.,The Book of Delights,Maya Angelou,1993,The Book of Delights - Maya Angelou,Gratitude,Prayer
"There’s a calmness to a life lived in gratitude, a quiet joy.",Journal,Ralph H. Blum,1993,Journal - Ralph H. Blum,Gratitude,Calm
"The truth will set you free, but first it will piss you off.",Interview,Gloria Steinem,1993,Interview - Gloria Steinem,Acceptance,Truth
"I have found that among its other benefits, giving liberates the soul of the giver.",Reflections,Maya Angelou,1993,Reflections - Maya Angelou,Giving,Freedom
"The soul is like a wild animal—tough, resilient, and shy.",The Hidden Life of the Soul,Parker Palmer,1993,The Hidden Life of the Soul - Parker Palmer,Spirit/Soul,Nature
"The most authentic thing about us is our capacity to create, to overcome, to endure, to transform.",Reflections,Ben Okri,1993,Reflections - Ben Okri,Spirit/Soul,Creativity
"We are not put on this earth for ourselves, but are placed here for each other.",Reflections,Woodrow Kroll,1993,Reflections - Woodrow Kroll,Togetherness,Purpose
"The truth will set you free. But first, it will break your heart.",Reflections,Gloria Steinem,1993,Reflections - Gloria Steinem,Healing,Truth
The greatest conflicts are not between two people but between one person and himself.,Reflections,Garth Brooks,1993,Reflections - Garth Brooks,Conflict,Inner Struggle
Even pain has its purpose; we must only be willing to feel it.,Reflections,Anne Lamott,1994,Reflections - Anne Lamott,Suffering,Purpose
"You can't stop the waves, but you can learn to surf.","Wherever You Go, There You Are",Jon Kabat-Zinn,1994,"Wherever You Go, There You Are - Jon Kabat-Zinn",Acceptance,Adaptability
"The oak fought the wind and was broken, the willow bent when it must and survived.",Parables,Robert Jordan,1994,Parables - Robert Jordan,Fortitude,Endurance
Give cheerfully and freely. It is the energy behind the giving that matters.,The Seven Spiritual Laws of Success,Deepak Chopra,1994,The Seven Spiritual Laws of Success - Deepak Chopra,Giving,Attitude
The most fundamental aggression to ourselves is to remain ignorant by not having the courage and the respect to look at ourselves honestly.,Start Where You Are,Pema Chödrön,1994,Start Where You Are - Pema Chödrön,Ego/Self,Honesty
To live soulfully is to embrace the mystery and hold the questions sacred.,Reflections,Thomas Moore,1994,Reflections - Thomas Moore,Spirit/Soul,Mystery
"You can't stop the waves, but you can learn to surf.",Reflections,Jon Kabat-Zinn,1994,Reflections - Jon Kabat-Zinn,Healing,Resilience
"Sometimes you climb out of bed in the morning and you think, I’m not going to make it, but you laugh inside — remembering all the times you’ve felt that way.",Reflections,Charles Bukowski,1994,Reflections - Charles Bukowski,Suffering,Endurance
"A caress, well-timed, can speak louder than any speech.",Reflections,Maya Angelou,1994,Reflections - Maya Angelou,Affection,Communication
"You own everything that happened to you. Tell your stories. If people wanted you to write warmly about them, they should’ve behaved better.",Bird by Bird,Anne Lamott,1994,Bird by Bird - Anne Lamott,Honesty,Storytelling
"Love and compassion are necessities, not luxuries. Without them, humanity cannot survive.",Public Talk,Dalai Lama XIV,1995,Public Talk - Dalai Lama XIV,Love,Compassion
"Gratitude unlocks the fullness of life. It turns what we have into enough, and more.",Simple Abundance,Sarah Ban Breathnach,1995,Simple Abundance - Sarah Ban Breathnach,Gratitude,Fulfillment
Gratitude is a form of wisdom. It transforms memory into hope.,Interview,John S. Kavanaugh,1995,Interview - John S. Kavanaugh,Gratitude,Transformation
When we choose not to focus on what is missing from our lives but are grateful for the abundance that’s present—we experience heaven on earth.,The Abundance Book,Sarah Ban Breathnach,1995,The Abundance Book - Sarah Ban Breathnach,Gratitude,Fulfillment
"What you resist not only persists, but will grow in size.",Conversations with God,Neale Donald Walsch,1995,Conversations with God - Neale Donald Walsch,Acceptance,Resistance
You cannot accept others until you accept yourself.,Interview,Maya Angelou,1995,Interview - Maya Angelou,Acceptance,Self
"Every experience, no matter how bad it seems, holds within it a blessing of some kind. The goal is to find it.",Conversations with God,Neale Donald Walsch,1995,Conversations with God - Neale Donald Walsch,Acceptance,Experience
Perseverance is the hard work you do after you get tired of doing the hard work you already did.,Commencement Speech,Newt Gingrich,1995,Commencement Speech - Newt Gingrich,Fortitude,Grit
Storms make trees take deeper roots.,Personal Sayings,Dolly Parton,1995,Personal Sayings - Dolly Parton,Fortitude,Growth
Be kind whenever possible. It is always possible.,Public Talk,Dalai Lama XIV,1995,Public Talk - Dalai Lama XIV,Kindness,Possibility
"If you want others to be happy, practice compassion. If you want to be happy, practice compassion.",Public Talk,Dalai Lama XIV,1995,Public Talk - Dalai Lama XIV,Kindness,Reciprocity
"When we give cheerfully and accept gratefully, everyone is blessed.",Reflections,Maya Angelou,1995,Reflections - Maya Angelou,Giving,Reciprocity
"When we give joyfully, and receive gratefully, everyone is blessed.",Reflections,Sarah Ban Breathnach,1995,Reflections - Sarah Ban Breathnach,Giving,Joy
"The greatest enemy of knowledge is not ignorance, it is the illusion of knowledge.",The Demon-Haunted World,Carl Sagan,1995,The Demon-Haunted World - Carl Sagan,Ego/Self,Illusion
Real growth begins when we stop trying to prove we're right and start trying to understand.,Reflections,Thich Nhat Hanh,1995,Reflections - Thich Nhat Hanh,Ego/Self,Growth
What you are looking for is already in you. You are already everything you are seeking.,Reflections,Thich Nhat Hanh,1995,Reflections - Thich Nhat Hanh,Ego/Self,Completion
"Inside us there is something that has no name, that something is what we are.",Blindness,José Saramago,1995,Blindness - José Saramago,Spirit/Soul,Essence
"Nature has been for me, for as long as I remember, a source of solace, inspiration, adventure, and delight.",Reflections,Lorraine Anderson,1995,Reflections - Lorraine Anderson,Nature/Natural,Solace
Creativity is allowing yourself to make mistakes. Art is knowing which ones to keep.,Reflections,Scott Adams,1995,Reflections - Scott Adams,Creativity,Process
There’s no such thing as writer’s block. That was invented by people in California who couldn’t write.,Reflections,Terry Pratchett,1995,Reflections - Terry Pratchett,Creativity,Humor
A friend is someone who knows the song in your heart and can sing it back to you when you forget the words.,Reflections,Donna Roberts,1995,Reflections - Donna Roberts,Togetherness,Friendship
"Grief is not a disorder, a disease or a sign of weakness. It is an emotional, physical and spiritual necessity.",Reflections,Earl Grollman,1995,Reflections - Earl Grollman,Suffering,Grief
Resentment is like setting yourself on fire and hoping the other person dies of smoke inhalation.,Reflections,Nelson Mandela,1995,Reflections - Nelson Mandela,Conflict,Resentment
"God dwells within you, as you.",Conversations with God,Neale Donald Walsch,1995,Conversations with God - Neale Donald Walsch,God,Immanence
"If you want to find God, hang out in the space between your thoughts.",Reflections,Alan Cohen,1995,Reflections - Alan Cohen,God,Awareness
Grace is the fruit of acceptance of your humanity.,Reflections,Thomas Keating,1995,Reflections - Thomas Keating,Grace,Self-Acceptance
"To succeed in life, you need three things: a wishbone, a backbone, and a funny bone.",Reflections,Reba McEntire,1995,Reflections - Reba McEntire,Humor,Wisdom
Laughing together is a small resurrection.,Reflections,Anne Lamott,1995,Reflections - Anne Lamott,Humor,Community
To love someone is to touch them gently with the soul.,Reflections,Unknown,1995,Reflections - Unknown,Affection,Soulful Presence
To offer affection without condition is the work of saints.,Reflections,Jack Kornfield,1995,Reflections - Jack Kornfield,Affection,Unconditional Love
"The hand placed with care says: I see you, I hear you, I love you.",Reflections,Ram Dass,1995,Reflections - Ram Dass,Affection,Presence
To accept is to say yes to life.,Reflections,Joan Borysenko,1996,Reflections - Joan Borysenko,Acceptance,Life
"Honesty is more than not lying. It is truth telling, truth speaking, truth living, and truth loving.",Ethics,James E. Faust,1996,Ethics - James E. Faust,Honesty,Ethics
"We tell lies when we are afraid... afraid of what we don't know, afraid of what others will think.",Essays,Tad Williams,1996,Essays - Tad Williams,Honesty,Fear
"Courage doesn’t always roar. Sometimes courage is the quiet voice at the end of the day saying, ‘I will try again tomorrow.’",Reflections,Mary Anne Radmacher,1996,Reflections - Mary Anne Radmacher,Fortitude,Quiet Strength
"The soul’s path is quiet, unhurried, and eternal.",Reflections,Clarissa Pinkola Estés,1996,Reflections - Clarissa Pinkola Estés,Spirit/Soul,Timelessness
What we have in common is more powerful than what sets us apart.,Reflections,Bill Clinton,1996,Reflections - Bill Clinton,Togetherness,Commonality
"Healing may not be so much about getting better, as about letting go of everything that isn’t you.",Reflections,Rachel Naomi Remen,1996,Reflections - Rachel Naomi Remen,Healing,Letting Go
Recovery begins from the darkest moment.,Reflections,John Major,1996,Reflections - John Major,Recovery,Hope
"People in their pain want others to hurt as well, so they feel less alone.",Reflections,David Foster Wallace,1996,Reflections - David Foster Wallace,Suffering,Projection
Pain nourishes courage. You can’t be brave if you’ve only had wonderful things happen to you.,Reflections,Mary Tyler Moore,1996,Reflections - Mary Tyler Moore,Suffering,Courage
"Honesty is more than not lying. It is truth telling, truth speaking, truth living, and truth loving.",Reflections,James E. Faust,1996,Reflections - James E. Faust,Truth,Integrity
We can’t climb up to grace—it descends.,Reflections,Peter Kreeft,1996,Reflections - Peter Kreeft,Grace,Descent
I'm not great at the advice. Can I interest you in a sarcastic comment?,Friends,Chandler Bing,1996,Friends - Chandler Bing,Humor,Sarcasm
The first gift we ever received was a hand that held us.,Reflections,Rachel Naomi Remen,1996,Reflections - Rachel Naomi Remen,Affection,Beginnings
Love expressed in physical care transcends language.,Reflections,Rachel Naomi Remen,1996,Reflections - Rachel Naomi Remen,Affection,Nonverbal Love
"Sometimes, the only medicine we need is to be held.",Reflections,Naomi Remen,1996,Reflections - Naomi Remen,Affection,Healing
Love is a choice you make from moment to moment.,The Path to Love,Deepak Chopra,1997,The Path to Love - Deepak Chopra,Love,Practice
"The most important thing in life is to learn how to give out love, and to let it come in.",Tuesdays with Morrie,Mitch Albom,1997,Tuesdays with Morrie - Mitch Albom,Love,Openness
Gratitude for the present moment is the most important spiritual practice.,The Power of Now,Eckhart Tolle,1997,The Power of Now - Eckhart Tolle,Gratitude,Presence
It is through gratitude for the present moment that the spiritual dimension of life opens up.,The Power of Now,Eckhart Tolle,1997,The Power of Now - Eckhart Tolle,Gratitude,Awareness
"Accept—then act. Whatever the present moment contains, accept it as if you had chosen it.",The Power of Now,Eckhart Tolle,1997,The Power of Now - Eckhart Tolle,Acceptance,Presence
To realize that you are not your thoughts is when you begin to awaken spiritually.,The Power of Now,Eckhart Tolle,1997,The Power of Now - Eckhart Tolle,Acceptance,Identity
All you need is to accept this moment fully. Then you are at peace in the here and now.,The Power of Now,Eckhart Tolle,1997,The Power of Now - Eckhart Tolle,Acceptance,Present
One of the deepest longings of the human soul is to be seen.,Anam Cara,John O’Donohue,1997,Anam Cara - John O’Donohue,Acceptance,Belonging
Telling the truth and making someone cry is better than telling a lie and making someone smile.,Personal Sayings,Paulo Coelho,1997,Personal Sayings - Paulo Coelho,Honesty,Consequence
"As we work to create light for others, we naturally light our own way.",Reflections,Mary Anne Radmacher,1997,Reflections - Mary Anne Radmacher,Kindness,Impact
Remember there's no such thing as a small act of kindness. Every act creates a ripple.,Reflections,Scott Adams,1997,Reflections - Scott Adams,Kindness,Ripple Effect
"The ego says, “I shouldn’t have to suffer,” and that thought makes you suffer so much more.",The Power of Now,Eckhart Tolle,1997,The Power of Now - Eckhart Tolle,Ego/Self,Suffering
"To know yourself as the Being underneath the thinker, the stillness underneath the mental noise, is freedom.",The Power of Now,Eckhart Tolle,1997,The Power of Now - Eckhart Tolle,Ego/Self,Presence
Your soul knows the geography of your destiny.,Anam Cara,John O’Donohue,1997,Anam Cara - John O’Donohue,Spirit/Soul,Destiny
A soul awakened to its own beauty can never go back to sleep.,Reflections,John O’Donohue,1997,Reflections - John O’Donohue,Spirit/Soul,Awakening
Every soul is a story unfolding in the light of eternity.,Reflections,John O’Donohue,1997,Reflections - John O’Donohue,Spirit/Soul,Story
Forgive yourself for not knowing what you didn’t know before you learned it.,Reflections,Maya Angelou,1997,Reflections - Maya Angelou,Healing,Forgiveness
Turn your wounds into wisdom.,Reflections,Oprah Winfrey,1997,Reflections - Oprah Winfrey,Suffering,Wisdom
"Do not resist your pain. Surrender to it, and you will see it dissolve.",The Power of Now,Eckhart Tolle,1997,The Power of Now - Eckhart Tolle,Suffering,Surrender
Clarity affords focus.,Reflections,Thomas Leonard,1997,Reflections - Thomas Leonard,Truth,Focus
You cannot find truth by seeking it with your mind.,The Power of Now,Eckhart Tolle,1997,The Power of Now - Eckhart Tolle,Truth,Presence
"The presence of God is not an escape from life, but the fullness of life itself.",Reflections,Dallas Willard,1997,Reflections - Dallas Willard,God,Presence
"Grace is not opposed to effort, it is opposed to earning.",Reflections,Dallas Willard,1997,Reflections - Dallas Willard,Grace,Spiritual Growth
Grace is the experience of being loved when you are unlovable.,Reflections,Philip Yancey,1997,Reflections - Philip Yancey,Grace,Love
Humor is the whisper of the divine in absurd times.,Reflections,Frederick Buechner,1997,Reflections - Frederick Buechner,Humor,Divinity
The warmth of one hand in another can stop a storm inside.,Reflections,John O’Donohue,1997,Reflections - John O’Donohue,Affection,Peace
"There are hands that never heal, and there are hands that always do.",Reflections,John O’Donohue,1997,Reflections - John O’Donohue,Affection,Presence
"Gratitude bestows reverence, allowing us to encounter everyday epiphanies.",The Sacred Depths of Nature,Ursula Goodenough,1998,The Sacred Depths of Nature - Ursula Goodenough,Gratitude,Reverence
Be present in all things and thankful for all things.,Sermons,Maya Angelou,1998,Sermons - Maya Angelou,Gratitude,Presence
You can’t lie to your soul.,Interview,Irvine Welsh,1998,Interview - Irvine Welsh,Honesty,Self
"I never lie, because I don’t fear anyone. You only lie when you’re afraid.",Interview,John Gotti,1998,Interview - John Gotti,Honesty,Fear
"Our spirits are not separate from the world, they are woven into it.",Reflections,John O’Donohue,1998,Reflections - John O’Donohue,Spirit/Soul,Unity
"Compassion is the wish to see others free from suffering, born from our deep connection.",The Art of Happiness,Dalai Lama,1998,The Art of Happiness - Dalai Lama,Togetherness,Compassion
Our wounds are often the openings into the best and most beautiful part of us.,Reflections,David Richo,1998,Reflections - David Richo,Healing,Self-Discovery
Integrity is telling myself the truth. And honesty is telling the truth to other people.,Reflections,Spencer Johnson,1998,Reflections - Spencer Johnson,Truth,Integrity
The truth needs no rehearsal.,Reflections,Barbara Kingsolver,1998,Reflections - Barbara Kingsolver,Truth,Simplicity
God is not a distant sky-father but the ground of being.,Reflections,John Shelby Spong,1998,Reflections - John Shelby Spong,God,Immanence
"God has entrusted us with life—not to control it, but to live it.",Reflections,Parker Palmer,1998,Reflections - Parker Palmer,God,Surrender
"Sometimes we don’t need to understand, we just need to trust God.",Reflections,Charles Stanley,1998,Reflections - Charles Stanley,God,Trust
"Where touch is welcome, healing begins.",Reflections,Naomi Shihab Nye,1998,Reflections - Naomi Shihab Nye,Affection,Openness
We are not here to fit into the world; we are here to create a new one.,The Invitation,Oriah Mountain Dreamer,1999,The Invitation - Oriah Mountain Dreamer,Acceptance,Purpose
We accept the love we think we deserve.,The Perks of Being a Wallflower,Stephen Chbosky,1999,The Perks of Being a Wallflower - Stephen Chbosky,Love,Self-Worth
"Love is like the wind, you can't see it but you can feel it.",A Walk to Remember,Nicholas Sparks,1999,A Walk to Remember - Nicholas Sparks,Love,Intangibility
Gratitude is a spiritual practice that connects us to our source.,Yoga Journal,Jack Kornfield,1999,Yoga Journal - Jack Kornfield,Gratitude,Spirituality
Honesty is a very expensive gift. Don’t expect it from cheap people.,Interviews,Warren Buffett,1999,Interviews - Warren Buffett,Honesty,Value
"Be honest about what you’re feeling. It may scare you, but it will free you.",Reflections,Iyanla Vanzant,1999,Reflections - Iyanla Vanzant,Honesty,Emotion
To give is to invest in humanity.,Reflections,Oprah Winfrey,1999,Reflections - Oprah Winfrey,Giving,Humanity
The soul is the part of us that never forgets why we came.,Reflections,Oriah Mountain Dreamer,1999,Reflections - Oriah Mountain Dreamer,Spirit/Soul,Purpose
To walk in nature is to witness a thousand miracles.,Reflections,Mary Davis,1999,Reflections - Mary Davis,Nature/Natural,Wonder
Art should disturb the comfortable and comfort the disturbed.,Reflections,Cesar A. Cruz,1999,Reflections - Cesar A. Cruz,Creativity,Impact
Hope is being able to see that there is light despite all of the darkness.,Reflections,Desmond Tutu,1999,Reflections - Desmond Tutu,Healing,Hope
"Healing takes courage, and we all have courage, even if we have to dig a little to find it.",Reflections,Tori Amos,1999,Reflections - Tori Amos,Conflict,Courage
"You do not need to know where you are going, if you know God is leading.",Reflections,Unknown,1999,Reflections - Unknown,God,Trust
I do not understand the mystery of grace—only that it meets us where we are and does not leave us where it found us.,Reflections,Anne Lamott,1999,Reflections - Anne Lamott,Grace,Mystery
"The trouble with having an open mind, of course, is that people will insist on coming along and trying to put things in it.",Reflections,Terry Pratchett,1999,Reflections - Terry Pratchett,Humor,Intelligence
"There’s nothing like a good friend, except maybe a good friend with chocolate.",Reflections,Linda Grayson,1999,Reflections - Linda Grayson,Humor,Friendship
Love that is held in the hands becomes memory in the bones.,Reflections,John O’Donohue,1999,Reflections - John O’Donohue,Affection,Memory
A poet is someone who can pour light into a cup and raise it to nourish your soul.,Reflections,John O’Donohue,1999,Reflections - John O’Donohue,Creativity,Nourishment
"I want to know if you can sit with pain, mine or your own, without moving to hide it or fade it or fix it.",The Invitation,Oriah Mountain Dreamer,1999,The Invitation - Oriah Mountain Dreamer,Intimacy,Witnessing
Be thankful for what you have; you'll end up having more.,Daily Reflections,Oprah Winfrey,2000,Daily Reflections - Oprah Winfrey,Gratitude,Increase
"Understanding is the first step to acceptance, and only with acceptance can there be recovery.",Harry Potter and the Goblet of Fire,J.K. Rowling,2000,Harry Potter and the Goblet of Fire - J.K. Rowling,Acceptance,Understanding
In each of us there is a silence as vast as the universe.,Reflections,Gunilla Norris,2000,Reflections - Gunilla Norris,Spirit/Soul,Silence
You become what you create.,Reflections,Deepak Chopra,2000,Reflections - Deepak Chopra,Creativity,Identity
The worst thing you write is better than the best thing you didn't write.,Reflections,Unknown,2000,Reflections - Unknown,Creativity,Action
We are all connected. What unites us is far greater than what divides us.,Reflections,Unknown,2000,Reflections - Unknown,Togetherness,Unity
"The moment we choose to love we begin to move toward freedom, to act in ways that liberate ourselves and others.",All About Love,bell hooks,2000,All About Love - bell hooks,Togetherness,Love
The soul always knows what to do to heal itself. The challenge is to silence the mind.,Reflections,Caroline Myss,2000,Reflections - Caroline Myss,Healing,Inner Wisdom
Sometimes we must yield to the pain in order to emerge on the other side.,Reflections,bell hooks,2000,Reflections - bell hooks,Healing,Transformation
"Recovery is about progression, not perfection.",Reflections,Anonymous,2000,Reflections - Anonymous,Recovery,Growth
"Some pain you can distance yourself from, but a certain pain belongs to you.",Reflections,Louise Glück,2000,Reflections - Louise Glück,Suffering,Ownership
"Grief is praise, because it is the natural way love honors what it misses.",Reflections,Martín Prechtel,2000,Reflections - Martín Prechtel,Suffering,Grief
"Conflict is inevitable, but combat is optional.",Reflections,Max Lucado,2000,Reflections - Max Lucado,Conflict,Choice
The only thing more dangerous than a lie is a half-truth.,Reflections,Unknown,2000,Reflections - Unknown,Truth,Deception
Real eyes realize real lies.,Reflections,Unknown,2000,Reflections - Unknown,Truth,Awareness
"Without honesty, there is no foundation for love.",Reflections,Bell Hooks,2000,Reflections - Bell Hooks,Truth,Relationships
We are not abandoned. We are not alone. God is with us.,Reflections,Max Lucado,2000,Reflections - Max Lucado,God,Presence
The will of God will never take you where the grace of God will not protect you.,Reflections,Unknown,2000,Reflections - Unknown,God,Grace
God is never late. We’re just impatient.,Reflections,Joyce Meyer,2000,Reflections - Joyce Meyer,God,Timing
"Nothing you confess could make me love you less, says God.",Reflections,Max Lucado,2000,Reflections - Max Lucado,God,Mercy
Grace is the voice that calls us to change and then gives us the power to pull it off.,Reflections,Max Lucado,2000,Reflections - Max Lucado,Grace,Transformation
Grace makes beauty out of ugly things.,Reflections,Bono,2000,Reflections - Bono,Grace,Redemption
Grace finds us where we are but does not leave us as it found us.,Reflections,Unknown,2000,Reflections - Unknown,Grace,Change
Behind every great man is a woman rolling her eyes.,Reflections,Jim Carrey,2000,Reflections - Jim Carrey,Humor,Relationships
Humor tells us we’re not alone in our foolishness.,Reflections,Anne Lamott,2000,Reflections - Anne Lamott,Humor,Common Humanity
A gentle touch speaks louder than a thousand words.,Reflections,Unknown,2000,Reflections - Unknown,Affection,Comfort
The body remembers touch long after it forgets words.,Reflections,Naomi Remen,2000,Reflections - Naomi Remen,Affection,Memory
You cannot touch with anger and expect to heal.,Reflections,bell hooks,2000,Reflections - bell hooks,Affection,Intention
Our capacity for tenderness defines our humanity.,Reflections,Dalai Lama,2000,Reflections - Dalai Lama,Affection,Humanity
Love lingers in the softness of remembered touch.,Reflections,John O’Donohue,2000,Reflections - John O’Donohue,Affection,Remembrance
Each person you meet is an aspect of yourself calling to be loved.,Reflections,Thich Nhat Hanh (paraphrased),2000,Reflections - Thich Nhat Hanh (paraphrased),Unity,Relational Self
The greatest gift you can give to others is the gift of unconditional love and acceptance.,Daily Reflections,Brian Tracy,2001,Daily Reflections - Brian Tracy,Acceptance,Unconditional
Acceptance is the answer to all my problems today.,Alcoholics Anonymous,Big Book (4th Edition),2001,Alcoholics Anonymous - Big Book (4th Edition),Acceptance,Recovery
"Lies run sprints, but the truth runs marathons.",Interview,Michael Jackson,2001,Interview - Michael Jackson,Honesty,Endurance
What we say reveals who we are. What we hide reveals what we fear.,Essays,David Whyte,2001,Essays - David Whyte,Honesty,Revelation
"When you are kind to others, it not only changes you, it changes the world.",Reflections,Harold Kushner,2001,Reflections - Harold Kushner,Kindness,Transformation
Ego is just the absence of humility.,Reflections,Wayne Dyer,2001,Reflections - Wayne Dyer,Ego/Self,Ego
The ego is the false self born out of fear and defensiveness.,Reflections,John O’Donohue,2001,Reflections - John O’Donohue,Ego/Self,Fear
Don’t try to steer the river.,Reflections,Deepak Chopra,2001,Reflections - Deepak Chopra,Ego/Self,Surrender
"Spring is nature’s way of saying, “Let’s party!”",Reflections,Robin Williams,2001,Reflections - Robin Williams,Nature/Natural,Renewal
"A river cuts through rock not because of its power, but because of its persistence.",Reflections,Jim Watkins,2001,Reflections - Jim Watkins,Nature/Natural,Persistence
What keeps life fascinating is the constant creativity of the soul.,Reflections,Deepak Chopra,2001,Reflections - Deepak Chopra,Creativity,Soul
"A story is a letter the author writes to himself, to tell himself things he would be unable to discover otherwise.",Reflections,Carlos Ruiz Zafón,2001,Reflections - Carlos Ruiz Zafón,Creativity,Storytelling
The strength of the team is each individual member. The strength of each member is the team.,Reflections,Phil Jackson,2001,Reflections - Phil Jackson,Togetherness,Teamwork
Tears are words the heart can’t express.,Reflections,Unknown,2001,Reflections - Unknown,Suffering,Emotion
It takes two people to make a lie work: the person who tells it and the one who believes it.,Reflections,Jodi Picoult,2001,Reflections - Jodi Picoult,Conflict,Deception
Telling the truth and making someone cry is better than telling a lie and making someone smile.,Reflections,Paulo Coelho,2001,Reflections - Paulo Coelho,Truth,Emotional Honesty
God comes to you disguised as your life.,Reflections,Paula D’Arcy,2001,Reflections - Paula D’Arcy,God,Everyday
"God’s timing may not be our timing, but it is always perfect.",Reflections,Charles Stanley,2001,Reflections - Charles Stanley,God,Timing
Your potential is the gift God gave you. What you do with it is your gift to Him.,Reflections,T.D. Jakes,2001,Reflections - T.D. Jakes,God,Purpose
Grace is when God gives us what we don’t deserve.,Reflections,Joyce Meyer,2001,Reflections - Joyce Meyer,Grace,Undeserved Favor
They say money talks. Mine just waves goodbye.,Reflections,Unknown,2001,Reflections - Unknown,Humor,Finance
Even the smallest gesture of care plants a seed of belonging.,Reflections,Thich Nhat Hanh,2001,Reflections - Thich Nhat Hanh,Affection,Belonging
Touch is the poetry of presence.,Reflections,Naomi Shihab Nye,2001,Reflections - Naomi Shihab Nye,Affection,Awareness
There is a divine warmth in shared silence.,Reflections,Richard Rohr,2001,Reflections - Richard Rohr,Affection,Silent Presence
"Courage doesn’t always roar. Sometimes it’s the quiet voice at the end of the day saying, “I will try again tomorrow.”",Reflections,Mary Anne Radmacher,2001,Reflections - Mary Anne Radmacher,Courage,Endurance
The soul always knows what to do to heal itself. The challenge is to silence the mind.,Reflections,Caroline Myss,2001,Reflections - Caroline Myss,Healing,Intuition
Gratitude is the ability to experience life as a gift.,Interview,John Ortberg,2002,Interview - John Ortberg,Gratitude,Perspective
You cannot change what you refuse to confront.,The War of Art,Steven Pressfield,2002,The War of Art - Steven Pressfield,Acceptance,Courage
The truth needs no rehearsal.,Reflections,Barbara Kingsolver,2002,Reflections - Barbara Kingsolver,Honesty,Clarity
A hero is an ordinary individual who finds the strength to persevere and endure in spite of overwhelming obstacles.,Interviews,Christopher Reeve,2002,Interviews - Christopher Reeve,Fortitude,Heroism
"What you do makes a difference, and you have to decide what kind of difference you want to make.",Reflections,Jane Goodall,2002,Reflections - Jane Goodall,Kindness,Impact
Don’t believe everything you think.,Reflections,Byron Katie,2002,Reflections - Byron Katie,Ego/Self,Discernment
You are the sky. Everything else—it’s just the weather.,Teachings,Pema Chödrön,2002,Teachings - Pema Chödrön,Ego/Self,Detachment
The soul always knows what to do to heal itself. The challenge is to silence the mind.,Reflections,Caroline Myss,2002,Reflections - Caroline Myss,Spirit/Soul,Healing
The soul should have its own sabbath—a time apart to dream and heal.,Reflections,Sue Monk Kidd,2002,Reflections - Sue Monk Kidd,Spirit/Soul,Rest
There is no power for change greater than a community discovering what it cares about.,Reflections,Margaret J. Wheatley,2002,Reflections - Margaret J. Wheatley,Togetherness,Change
"When the Japanese mend broken objects, they aggrandize the damage by filling the cracks with gold. They believe that when something’s suffered damage and has a history, it becomes more beautiful.",Reflections,Barbara Bloom,2002,Reflections - Barbara Bloom,Healing,Kintsugi
You cannot protect yourself from sadness without protecting yourself from happiness.,Reflections,Jonathan Safran Foer,2002,Reflections - Jonathan Safran Foer,Suffering,Balance
The soul always knows what to do to heal itself. The challenge is to silence the mind.,Reflections,Caroline Myss,2002,Reflections - Caroline Myss,Suffering,Healing
Every person in your life is a mirror,Reflections,Byron Katie,2002,Reflections - Byron Katie,Conflict,Reflection
You can’t hate someone whose story you know.,Reflections,Margaret J. Wheatley,2002,Reflections - Margaret J. Wheatley,Conflict,Empathy
"Lies run sprints, but the truth runs marathons.",Reflections,Michael Jackson,2002,Reflections - Michael Jackson,Truth,Endurance
You are never too lost to be found by God.,Reflections,Rick Warren,2002,Reflections - Rick Warren,God,Redemption
"God has a plan for your life, and it's better than any plan you could imagine.",Reflections,Rick Warren,2002,Reflections - Rick Warren,God,Purpose
God’s light is not blinding—it’s revealing.,Reflections,Eugene Peterson,2002,Reflections - Eugene Peterson,God,Illumination
Grace is God’s refusal to give up on us.,Reflections,Eugene Peterson,2002,Reflections - Eugene Peterson,Grace,Faithfulness
"Grace is what God gives us because He loves us, not because we have earned it.",Reflections,Joyce Meyer,2002,Reflections - Joyce Meyer,Grace,Gift
Embrace is not escape. It is entry.,Reflections,Parker J. Palmer,2002,Reflections - Parker J. Palmer,Affection,Presence
Every moment is a poem if you hold it right.,Reflections,Dana Faulds,2002,Reflections - Dana Faulds,Poetry,Presence
Stop trying to ‘fix’ yourself; you’re not broken.,Radical Acceptance,Tara Brach,2003,Radical Acceptance - Tara Brach,Acceptance,Wholeness
To love is to recognize yourself in another.,Stillness Speaks,Eckhart Tolle,2003,Stillness Speaks - Eckhart Tolle,Love,Reflection
"To be brave is to love someone unconditionally, without expecting anything in return.",Letter to Son,Madonna,2003,Letter to Son - Madonna,Love,Courage
"Gratitude makes sense of our past, brings peace for today, and creates a vision for tomorrow.",The Magic of Gratitude,Melody Beattie,2003,The Magic of Gratitude - Melody Beattie,Gratitude,Perspective
"Acceptance is not a one-time act, it is a daily practice.",Reflections,Tara Brach,2003,Reflections - Tara Brach,Acceptance,Practice
You don’t need to fix yourself to be whole.,Radical Acceptance,Tara Brach,2003,Radical Acceptance - Tara Brach,Acceptance,Wholeness
"The ego says, “Once everything falls into place, I’ll feel peace.” The spirit says, “Find peace, and everything will fall into place.”",Stillness Speaks,Eckhart Tolle,2003,Stillness Speaks - Eckhart Tolle,Acceptance,Ego
Integrity is telling myself the truth. And honesty is telling the truth to other people.,Reflections,Spencer Johnson,2003,Reflections - Spencer Johnson,Honesty,Integrity
Better to get hurt by the truth than comforted with a lie.,Reflections,Khaled Hosseini,2003,Reflections - Khaled Hosseini,Honesty,Pain
Honesty is spiritual power.,Reflections,Deepak Chopra,2003,Reflections - Deepak Chopra,Honesty,Power
"The ego relies on the familiar. It is reluctant to experience the unknown, which is the very essence of life.",Reflections,Deepak Chopra,2003,Reflections - Deepak Chopra,Ego/Self,Comfort
"The less you identify with your ego, the more peace you will feel.",Stillness Speaks,Eckhart Tolle,2003,Stillness Speaks - Eckhart Tolle,Ego/Self,Peace
Humility is not denying your strengths. It's being honest about your weaknesses.,Reflections,Rick Warren,2003,Reflections - Rick Warren,Ego/Self,Honesty
You were born an original. Don't die a copy.,Reflections,John Mason,2003,Reflections - John Mason,Creativity,Authenticity
Only when we join together will our light be strong enough to guide the way.,Reflections,Desmond Tutu,2003,Reflections - Desmond Tutu,Togetherness,Light
"Healing takes courage, and we all have courage, even if we have to dig a little to find it.",Reflections,Tori Amos,2003,Reflections - Tori Amos,Healing,Courage
You cannot go so far that God cannot reach you.,Reflections,Max Lucado,2003,Reflections - Max Lucado,God,Grace
"God is always doing 10,000 things in your life, and you may be aware of three of them.",Reflections,John Piper,2003,Reflections - John Piper,God,Providence
Grace is the only thing stronger than guilt.,Reflections,Rick Warren,2003,Reflections - Rick Warren,Grace,Mercy
Grace enters with the breath of forgiveness and leaves behind the silence of peace.,Reflections,John O’Donohue,2003,Reflections - John O’Donohue,Grace,Forgiveness
There is nothing small about grace—it reshapes worlds.,Reflections,John Eldredge,2003,Reflections - John Eldredge,Grace,Magnitude
Some people graduate with honors. I am just honored to graduate.,Reflections,Unknown,2003,Reflections - Unknown,Humor,Academics
Sometimes the most spiritual thing you can do is give someone a blanket.,Reflections,Anne Lamott,2003,Reflections - Anne Lamott,Affection,Care
Touch brings us back into the body of love.,Reflections,Tara Brach,2003,Reflections - Tara Brach,Affection,Embodiment
The most radical thing you can do is be tender.,Reflections,Anne Lamott,2003,Reflections - Anne Lamott,Affection,Resistance
One moment of affection can eclipse a lifetime of distance.,Reflections,Anne Lamott,2003,Reflections - Anne Lamott,Affection,Reconnection
There is something wonderfully bold and liberating about saying yes to our entire imperfect and messy life.,Reflections,Tara Brach,2003,Reflections - Tara Brach,Acceptance,Wholeness
You don’t love someone because they’re perfect. You love them in spite of the fact that they’re not.,My Sister's Keeper,Jodi Picoult,2004,My Sister's Keeper - Jodi Picoult,Love,Imperfection
The struggle ends when gratitude begins.,The Power of Intention,Wayne Dyer,2004,The Power of Intention - Wayne Dyer,Gratitude,Peace
"There are things we can’t change, and we just have to accept that. Otherwise, we’ll never find peace.",Interview,Haruki Murakami,2004,Interview - Haruki Murakami,Acceptance,Peace
A river cuts through rock not because of its power but because of its persistence.,Reflections,Jim Watkins,2004,Reflections - Jim Watkins,Fortitude,Persistence
There is no failure in falling—only in not rising again.,Poems,Paulo Coelho,2004,Poems - Paulo Coelho,Fortitude,Recovery
Every act of kindness is a piece of love we leave behind.,Reflections,Paul Williams,2004,Reflections - Paul Williams,Kindness,Legacy
You have to know who you are before you can know who you aren't.,Reflections,John C. Maxwell,2004,Reflections - John C. Maxwell,Ego/Self,Identity
"Stillness is the language God speaks, and everything else is a bad translation.",Reflections,Eckhart Tolle,2004,Reflections - Eckhart Tolle,Spirit/Soul,Stillness
The soul is the way we feel God.,Reflections,Joan Chittister,2004,Reflections - Joan Chittister,Spirit/Soul,Experience
We need each other. That is the truth of our existence.,Reflections,Desmond Tutu,2004,Reflections - Desmond Tutu,Togetherness,Belonging
You don’t have to control your thoughts. You just have to stop letting them control you.,Reflections,Dan Millman,2004,Reflections - Dan Millman,Healing,Mindfulness
"Don’t raise your voice, improve your argument.",Reflections,Desmond Tutu,2004,Reflections - Desmond Tutu,Conflict,Communication
"You don’t have to tell everything you know, but let what you do say be true.",Reflections,Dee Ann Stewart,2004,Reflections - Dee Ann Stewart,Truth,Discernment
"When you focus on being a blessing, God makes sure that you are always blessed in abundance.",Reflections,Joel Osteen,2004,Reflections - Joel Osteen,God,Blessing
Sometimes God calms the storm. Sometimes He lets the storm rage and calms His child.,Reflections,Unknown,2004,Reflections - Unknown,God,Peace
There is no greater discovery than seeing God as the author of your story.,Reflections,Ravi Zacharias,2004,Reflections - Ravi Zacharias,God,Purpose
Grace demands nothing but what it gives.,Reflections,Marilynne Robinson,2004,Reflections - Marilynne Robinson,Grace,Generosity
The difference between mercy and grace? Mercy gave the prodigal son a second chance. Grace gave him a feast.,Reflections,Max Lucado,2004,Reflections - Max Lucado,Grace,Comparison
Love made visible is touch.,Reflections,Richard Rohr,2004,Reflections - Richard Rohr,Affection,Incarnation
Touch is prayer made physical.,Reflections,Barbara Brown Taylor,2004,Reflections - Barbara Brown Taylor,Affection,Sacred Contact
Pain is inevitable. Suffering is optional.,Reflections,Haruki Murakami,2004,Reflections - Haruki Murakami,Suffering,Agency
"True generosity is an offering; given freely and out of pure love. No strings attached, no expectations.",Reflections,Suze Orman,2005,Reflections - Suze Orman,Generosity,Purity
God doesn’t give us what we can handle; He helps us handle what we are given.,Reflections,Anonymous,2005,Reflections - Anonymous,God,Support
Acknowledging the good that you already have in your life is the foundation for all abundance.,A New Earth,Eckhart Tolle,2005,A New Earth - Eckhart Tolle,Gratitude,Abundance
"Give thanks not just on Thanksgiving Day, but every day of your life.",Daily Devotions,Catherine Pulsifer,2005,Daily Devotions - Catherine Pulsifer,Gratitude,Practice
Acceptance is the key to be truly free.,A New Earth,Eckhart Tolle,2005,A New Earth - Eckhart Tolle,Acceptance,Freedom
"What you deny or ignore, you delay. What you accept and face, you conquer.",The Slight Edge,Jeff Olson,2005,The Slight Edge - Jeff Olson,Acceptance,Transformation
A lie begins in the soul before it’s ever spoken with the tongue.,Reflections,John Piper,2005,Reflections - John Piper,Honesty,Inner Life
What a liberation to realize that the 'voice in my head' is not who I am.,A New Earth,Eckhart Tolle,2005,A New Earth - Eckhart Tolle,Ego/Self,Inner Voice
"Let go of your attachment to being right, and suddenly your mind is more open.",Reflections,Ralph Marston,2005,Reflections - Ralph Marston,Ego/Self,Openness
Our soul is a fire that needs tending lest it flicker and die.,Reflections,Parker J. Palmer,2005,Reflections - Parker J. Palmer,Spirit/Soul,Maintenance
The world always seems brighter when you’ve just made something that wasn’t there before.,Reflections,Neil Gaiman,2005,Reflections - Neil Gaiman,Creativity,Joy
I am because we are.,Ubuntu Philosophy,Desmond Tutu,2005,Ubuntu Philosophy - Desmond Tutu,Togetherness,Identity
"Love is not about how much you say “I love you,” but how much you prove that it’s true.",Reflections,Unknown,2005,Reflections - Unknown,Togetherness,Action
Addiction is the only prison where the locks are on the inside.,Reflections,Unknown,2005,Reflections - Unknown,Recovery,Addiction
Sometimes we must be broken to become whole.,Reflections,Richard Rohr,2005,Reflections - Richard Rohr,Healing,Transformation
"Healing is a journey, not a destination.",Reflections,Unknown,2005,Reflections - Unknown,Healing,Journey
Man is not made for comfort. He is made for greatness.,Reflections,Pope Benedict XVI,2005,Reflections - Pope Benedict XVI,Suffering,Calling
"Pain makes you stronger, fear makes you braver, heartbreak makes you wiser.",Reflections,Unknown,2005,Reflections - Unknown,Suffering,Strength
One of the most sincere forms of respect is actually listening to what another has to say.,Reflections,Bryant H. McGill,2005,Reflections - Bryant H. McGill,Conflict,Listening
"Emotions are like waves: we can’t stop them from coming, but we can choose which ones to surf.",Reflections,Jonatan Mårtensson,2005,Reflections - Jonatan Mårtensson,Conflict,Emotion
Sometimes silence is the best answer.,Reflections,Dalai Lama,2005,Reflections - Dalai Lama,Conflict,Restraint
One lie is enough to question all truths.,Reflections,Unknown,2005,Reflections - Unknown,Truth,Distrust
"Only the truth of who you are, if realized, will set you free.",A New Earth,Eckhart Tolle,2005,A New Earth - Eckhart Tolle,Truth,Identity
"Where there is truth, there is freedom.",Reflections,Desmond Tutu,2005,Reflections - Desmond Tutu,Truth,Liberation
"If people don’t trust you, they won’t listen to you.",Reflections,Marcus Buckingham,2005,Reflections - Marcus Buckingham,Truth,Leadership
"God's grace is not a reward for the righteous, it is a gift for the broken.",Reflections,Timothy Keller,2005,Reflections - Timothy Keller,God,Grace
"The moment God is figured out with nice neat lines and definitions, we are no longer dealing with God.",Reflections,Rob Bell,2005,Reflections - Rob Bell,God,Mystery
The beauty you see in others is the reflection of God in you.,Reflections,Wayne Dyer,2005,Reflections - Wayne Dyer,God,Perception
The greatest act of grace is forgiveness.,Reflections,T.D. Jakes,2005,Reflections - T.D. Jakes,Grace,Forgiveness
You are loved more than you will ever know by someone who died to know you.,Reflections,Unknown,2005,Reflections - Unknown,Grace,Love
God has a sense of humor—just look at your life.,Reflections,Unknown,2005,Reflections - Unknown,Humor,Divine Irony
There are no small acts of affection. Every gesture plants a seed.,Reflections,Sharon Salzberg,2005,Reflections - Sharon Salzberg,Affection,Impact
"When we dare to touch someone in their pain, we embody compassion.",Reflections,Thich Nhat Hanh,2005,Reflections - Thich Nhat Hanh,Affection,Compassion
Keep some room in your heart for the unimaginable.,Reflections,Mary Oliver,2005,Reflections - Mary Oliver,Wonder,Openness
I wanted the world to know I existed. That’s all. Just to know.,The Book Thief,Markus Zusak,2005,The Book Thief - Markus Zusak,Visibility,Longing
God is not a distant observer; He is the breath in our lungs.,Reflections,N.T. Wright,2006,Reflections - N.T. Wright,God,Immanence
"Gratitude opens the door to the power, the wisdom, the creativity of the universe.",The Gratitude Effect,Deepak Chopra,2006,The Gratitude Effect - Deepak Chopra,Gratitude,Openness
Gratitude is the great multiplier.,Reflections,Rhonda Byrne,2006,Reflections - Rhonda Byrne,Gratitude,Expansion
"God accepts us where we are, but He never intends to leave us there.",Sermon,Max Lucado,2006,Sermon - Max Lucado,Acceptance,Divine
Honest communication is built on truth and integrity and upon respect of the one for the other.,The Speed of Trust,Stephen M.R. Covey,2006,The Speed of Trust - Stephen M.R. Covey,Honesty,Communication
Even small lies can erode big trust.,The Speed of Trust,Stephen M.R. Covey,2006,The Speed of Trust - Stephen M.R. Covey,Honesty,Trust
"Tell the truth, or someone will tell it for you.",Reflections,Stephanie Klein,2006,Reflections - Stephanie Klein,Honesty,Consequence
Persistence and resilience only come from having been given the chance to work through difficult problems.,Commencement Speech,Gever Tulley,2006,Commencement Speech - Gever Tulley,Fortitude,Resilience
Pain is inevitable. Suffering is optional.,Reflections,Haruki Murakami,2006,Reflections - Haruki Murakami,Fortitude,Pain
Freedom lies in being bold—but boldness must be grounded in self-awareness.,Reflections,Robert Greene,2006,Reflections - Robert Greene,Ego/Self,Freedom
"You were never created to live depressed, defeated, guilty, condemned, ashamed or unworthy. You were created to be victorious.",Reflections,Joel Osteen,2006,Reflections - Joel Osteen,Recovery,Identity
Pain is inevitable. Suffering is optional.,Reflections,Haruki Murakami,2006,Reflections - Haruki Murakami,Suffering,Choice
"Tell the truth, or someone will tell it for you.",Reflections,Stephanie Klein,2006,Reflections - Stephanie Klein,Truth,Vulnerability
A lie is just a great story that someone ruined with the truth.,Reflections,Barney Stinson (How I Met Your Mother),2006,Reflections - Barney Stinson (How I Met Your Mother),Truth,Irony
God’s mercy is bigger than any mistake you’ve made.,Reflections,T.D. Jakes,2006,Reflections - T.D. Jakes,God,Mercy
God is in the interruptions.,Reflections,Peter Scazzero,2006,Reflections - Peter Scazzero,God,Attention
Grace isn’t a little prayer you chant before receiving a meal. It’s a way to live.,Reflections,Jackie Windspear,2006,Reflections - Jackie Windspear,Grace,Lifestyle
Grace is not a license to sin but a key to freedom.,Reflections,John Bevere,2006,Reflections - John Bevere,Grace,Liberty
The kindness of touch is a liturgy of grace.,Reflections,Barbara Brown Taylor,2006,Reflections - Barbara Brown Taylor,Affection,Sacredness
Loving touch is where God lives in the body.,Reflections,Richard Rohr,2006,Reflections - Richard Rohr,Affection,Embodiment
To love someone is to let your affection arrive before your advice.,Reflections,Anne Lamott,2006,Reflections - Anne Lamott,Affection,Priorities
Life is not about waiting for the storm to pass but learning to dance in the rain.,Reflections,Vivian Greene,2006,Reflections - Vivian Greene,Resilience,Joy
"Hope begins in the dark, the stubborn hope that if you just show up and try to do the right thing, the dawn will come.",Reflections,Anne Lamott,2006,Reflections - Anne Lamott,Hope,Persistence
Community is much more than belonging to something; it's about doing something together that makes belonging matter.,Reflections,Brian Solis,2007,Reflections - Brian Solis,Togetherness,Community
The miracle of gratitude is that it shifts your perception to such an extent that it changes the world you see.,Teachings,Robert Holden,2007,Teachings - Robert Holden,Gratitude,Perception
You don't have to control your thoughts. You just have to stop letting them control you.,The Happiness Trap,Russ Harris,2007,The Happiness Trap - Russ Harris,Acceptance,Mind
Nothing is more confining than the prison we don’t know we’re in.,The Untethered Soul,Michael A. Singer,2007,The Untethered Soul - Michael A. Singer,Acceptance,Awareness
Your relationship with yourself sets the tone for every other relationship you have.,Self-Care Writings,Robert Holden,2007,Self-Care Writings - Robert Holden,Acceptance,Relationships
It takes strength and courage to admit the truth.,Interview,Rick Riordan,2007,Interview - Rick Riordan,Honesty,Courage
The human capacity for burden is like bamboo—far more flexible than you'd ever believe at first glance.,The Art of Happiness,Jodi Picoult,2007,The Art of Happiness - Jodi Picoult,Fortitude,Flexibility
"You are not your thoughts, you are the awareness behind them.",The Untethered Soul,Michael A. Singer,2007,The Untethered Soul - Michael A. Singer,Ego/Self,Awareness
You cannot transcend what you do not accept.,The Untethered Soul,Michael A. Singer,2007,The Untethered Soul - Michael A. Singer,Ego/Self,Transcendence
Your true self is not defined by the story your ego keeps telling you.,Reflections,Michael A. Singer,2007,Reflections - Michael A. Singer,Ego/Self,Self-Liberation
You are not the voice of the mind—you are the one who hears it.,The Untethered Soul,Michael A. Singer,2007,The Untethered Soul - Michael A. Singer,Ego/Self,Detachment
No amount of anxiety can change the future. No amount of regret can change the past.,Reflections,Karen Salmansohn,2007,Reflections - Karen Salmansohn,Healing,Presence
Suffering is nothing by itself. But suffering shared with the passion of Christ is a wonderful gift.,Come Be My Light,Mother Teresa,2007,Come Be My Light - Mother Teresa,Suffering,Christ
Pain is not your enemy. It is your messenger.,Reflections,Michael A. Singer,2007,Reflections - Michael A. Singer,Suffering,Message
Arguments drag out because one is too stubborn to forgive and the other is too proud to apologize.,Reflections,Unknown,2007,Reflections - Unknown,Conflict,Stubbornness
"Without trust, words become hollow noise.",Reflections,Unknown,2007,Reflections - Unknown,Truth,Communication
The face of God is seen in a moment of kindness.,Reflections,Desmond Tutu,2007,Reflections - Desmond Tutu,God,Goodness
"If you’re too busy to pray, you’re busier than God wants you to be.",Reflections,Wanda E. Brunstetter,2007,Reflections - Wanda E. Brunstetter,God,Prayer
"Grace doesn’t excuse sin, but it empowers righteousness.",Reflections,Bill Johnson,2007,Reflections - Bill Johnson,Grace,Empowerment
Grace is not something you earn. It's something you accept.,Reflections,Rob Bell,2007,Reflections - Rob Bell,Grace,Acceptance
The tenderness of touch opens doors that force never will.,Reflections,Thich Nhat Hanh,2007,Reflections - Thich Nhat Hanh,Affection,Gentleness
What we achieve inwardly will change outer reality.,The Chamber of Secrets Commencement Address,J.K. Rowling,2008,The Chamber of Secrets Commencement Address - J.K. Rowling,Acceptance,Inner Power
Rock bottom became the solid foundation on which I rebuilt my life.,Speech,J.K. Rowling,2008,Speech - J.K. Rowling,Fortitude,Renewal
What we achieve inwardly will change outer reality.,Commencement Address,J.K. Rowling,2008,Commencement Address - J.K. Rowling,Ego/Self,Inner Power
What brings us together is stronger than what drives us apart.,Reflections,Barack Obama,2008,Reflections - Barack Obama,Togetherness,Unity
Recovery is an acceptance that your life is in shambles and you have to change it.,Reflections,James Lee Curtis,2008,Reflections - James Lee Curtis,Recovery,Acceptance
Transparency is the antidote to hypocrisy.,Reflections,Dalai Lama,2008,Reflections - Dalai Lama,Truth,Transparency
"Truth makes you free, not comfortable.",Reflections,N.T. Wright,2008,Reflections - N.T. Wright,Truth,Liberation
The grace of God is wind in the sails of the weary.,Reflections,Beth Moore,2008,Reflections - Beth Moore,Grace,Strength
"Physical touch is not about need, it’s about knowing you’re not alone.",Reflections,Sue Johnson,2008,Reflections - Sue Johnson,Affection,Presence
To touch someone sincerely is to bless them.,Reflections,Barbara Brown Taylor,2008,Reflections - Barbara Brown Taylor,Affection,Blessing
"Every touch is a chance to say, “I am with you.”",Reflections,Sue Johnson,2008,Reflections - Sue Johnson,Affection,Bonding
Your nakedness is the truth of your soul in the light of your own seeing.,Reflections,David Whyte,2008,Reflections - David Whyte,Vulnerability,Seeing
Gratitude and attitude are not challenges; they are choices.,Interview,Robert Brault,2009,Interview - Robert Brault,Gratitude,Choice
Gratitude paints little smiley faces on everything it touches.,The Happiness Project,Gretchen Rubin,2009,The Happiness Project - Gretchen Rubin,Gratitude,Whimsy
Life becomes easier when you learn to accept the apology you never got.,Reflections,Robert Brault,2009,Reflections - Robert Brault,Acceptance,Forgiveness
"Honesty requires depth, because superficial truth can still be a form of deception.",Essays on Ethics,Jonathan Sacks,2009,Essays on Ethics - Jonathan Sacks,Honesty,Depth
Kindness begins with the understanding that we all struggle.,Reflections,Charles Glassman,2009,Reflections - Charles Glassman,Kindness,Empathy
Time spent among trees is never time wasted.,Reflections,Katrina Mayer,2009,Reflections - Katrina Mayer,Nature/Natural,Time
The most important things in life are the connections you make with others.,Reflections,Tom Ford,2009,Reflections - Tom Ford,Togetherness,Connection
"Scars are not injuries… a scar is a healing. After injury, a scar is what makes you whole.",Reflections,China Miéville,2009,Reflections - China Miéville,Healing,Wholeness
The mind replays what the heart can’t delete.,Reflections,Unknown,2009,Reflections - Unknown,Healing,Memory
"The truth may hurt for a little while, but a lie hurts forever.",Reflections,Unknown,2009,Reflections - Unknown,Truth,Pain
"To experience God is to understand that He is not what you think, but far more than you can imagine.",Reflections,Richard Rohr,2009,Reflections - Richard Rohr,God,Transcendence
God doesn’t hide from us—He hides for us to seek.,Reflections,Bill Johnson,2009,Reflections - Bill Johnson,God,Seeking
Grace flows through cracks of surrender.,Reflections,Richard Rohr,2009,Reflections - Richard Rohr,Grace,Surrender
"You didn’t earn grace, and you can’t lose it.",Reflections,Francis Chan,2009,Reflections - Francis Chan,Grace,Assurance
Let your presence be your most affectionate act.,Reflections,Thich Nhat Hanh,2009,Reflections - Thich Nhat Hanh,Affection,Mindfulness
Create with the heart; build with the mind.,Reflections,Criss Jami,2010,Reflections - Criss Jami,Creativity,Balance
Acceptance doesn’t mean resignation; it means understanding that something is what it is and there’s got to be a way through it.,The Gifts of Imperfection,Brené Brown,2010,The Gifts of Imperfection - Brené Brown,Acceptance,Resilience
A loving silence often has far more power to heal and to connect than the most well-intentioned words.,The Gift of Imperfection,Brené Brown,2010,The Gift of Imperfection - Brené Brown,Love,Presence
Gratitude is the antidote to entitlement.,The Gifts of Imperfection,Brené Brown,2010,The Gifts of Imperfection - Brené Brown,Gratitude,Humility
"When you are grateful, fear disappears and abundance appears.",Interview,Tony Robbins,2010,Interview - Tony Robbins,Gratitude,Mindset
"No matter how bad things get, you can always be grateful for something.",Interviews,Nick Vujicic,2010,Interviews - Nick Vujicic,Gratitude,Resilience
"To be fully seen by somebody, then, and be loved anyhow—this is a human offering that can border on miraculous.",The Gifts of Imperfection,Brené Brown,2010,The Gifts of Imperfection - Brené Brown,Acceptance,Love
To be accepted as we are means to risk being truly seen.,The Gifts of Imperfection,Brené Brown,2010,The Gifts of Imperfection - Brené Brown,Acceptance,Vulnerability
"You teach people how to treat you by what you allow, what you stop, and what you reinforce.",Interview,Tony Gaskins,2010,Interview - Tony Gaskins,Acceptance,Boundaries
The only thing more exhausting than having a false self is maintaining it.,The Gifts of Imperfection,Brené Brown,2010,The Gifts of Imperfection - Brené Brown,Ego/Self,Authenticity
"The soul is a sacred space, not a problem to be solved.",Reflections,Jeff Brown,2010,Reflections - Jeff Brown,Spirit/Soul,Sacredness
A wise soul opens its hands even when it is trembling.,Reflections,Mark Nepo,2010,Reflections - Mark Nepo,Spirit/Soul,Courage
Art must be life—it must belong to everybody.,Reflections,Marina Abramović,2010,Reflections - Marina Abramović,Creativity,Universality
The desire to create is one of the deepest yearnings of the human soul.,Reflections,Dieter F. Uchtdorf,2010,Reflections - Dieter F. Uchtdorf,Creativity,Yearning
There is no greater joy than to share what you love with those you love.,Reflections,Unknown,2010,Reflections - Unknown,Togetherness,Joy
The beauty of life is not in the things we see or do. It is in the people we meet.,Reflections,Unknown,2010,Reflections - Unknown,Togetherness,Encounter
The journey of healing is not a straight line.,Reflections,Unknown,2010,Reflections - Unknown,Healing,Process
No one heals in a straight line.,Reflections,Unknown,2010,Reflections - Unknown,Healing,Process
"You were born to be real, not to be perfect.",Reflections,Unknown,2010,Reflections - Unknown,Healing,Authenticity
Your illness does not define you. Your strength and courage does.,Reflections,Unknown,2010,Reflections - Unknown,Healing,Strength
The wound you refuse to touch is the one that will never heal.,Reflections,Yehuda Berg,2010,Reflections - Yehuda Berg,Healing,Avoidance
"Sometimes pain is the teacher we require, a hidden gift wrapped in discomfort.",Reflections,Unknown,2010,Reflections - Unknown,Suffering,Lessons
"Let your pain shape you, not define you.",Reflections,Brené Brown,2010,Reflections - Brené Brown,Suffering,Identity
"Sometimes it’s not the people who change, it’s the mask that falls off.",Reflections,Unknown,2010,Reflections - Unknown,Conflict,Truth
Even the smallest lie can break the strongest trust.,Reflections,Unknown,2010,Reflections - Unknown,Truth,Trust
Honesty saves everyone's time.,Reflections,Unknown,2010,Reflections - Unknown,Truth,Efficiency
"Without trust, we’re all just actors on a stage.",Reflections,Brené Brown,2010,Reflections - Brené Brown,Truth,Authenticity
The first step in finding God is to stop looking elsewhere.,Reflections,Richard Rohr,2010,Reflections - Richard Rohr,God,Presence
"The closer you walk with God, the less room for anything to come between.",Reflections,Unknown,2010,Reflections - Unknown,God,Relationship
We meet God in the most unexpected places.,Reflections,Barbara Brown Taylor,2010,Reflections - Barbara Brown Taylor,God,Encounter
You are never too broken to be healed by grace.,Reflections,Matt Chandler,2010,Reflections - Matt Chandler,Grace,Healing
God’s grace often arrives in the form of uncomfortable blessings.,Reflections,Tim Keller,2010,Reflections - Tim Keller,Grace,Paradox
Grace doesn't always take the pain away—but it always brings you through it.,Reflections,Beth Moore,2010,Reflections - Beth Moore,Grace,Perseverance
"I'm not arguing, I'm just explaining why I'm right.",Reflections,Unknown,2010,Reflections - Unknown,Humor,Relationships
There’s no “I” in denial.,Reflections,Unknown,2010,Reflections - Unknown,Humor,Wordplay
"In humor, truth often slips past our defenses.",Reflections,George Saunders,2010,Reflections - George Saunders,Humor,Truth
Caring touch rewires the soul.,Reflections,Brene Brown,2010,Reflections - Brene Brown,Affection,Vulnerability
Hug often. Touch heals. Love speaks even in silence.,Reflections,Unknown,2010,Reflections - Unknown,Affection,Healing Touch
"We touch not to fix, but to remind.",Reflections,Tara Brach,2010,Reflections - Tara Brach,Affection,Mindfulness
"If you want to find happiness, find gratitude.",Interviews,Steve Maraboli,2011,Interviews - Steve Maraboli,Gratitude,Happiness
"You don't always need a plan. Sometimes you just need to breathe, trust, let go, and see what happens.",Reflections,Mandy Hale,2011,Reflections - Mandy Hale,Acceptance,Flow
People will accept your mistakes if you are honest about them.,Personal Reflections,Simon Sinek,2011,Personal Reflections - Simon Sinek,Honesty,Mistakes
"Life is not about how fast you run or how high you climb, but how well you bounce.",Reflections,Vivian Komori,2011,Reflections - Vivian Komori,Fortitude,Resilience
"We can’t always give big, but we can always give kindly.",Reflections,Bob Goff,2011,Reflections - Bob Goff,Giving,Intent
"We don’t heal in isolation, but in community.",Reflections,S. Kelley Harrell,2011,Reflections - S. Kelley Harrell,Togetherness,Healing
"To heal is to become whole again, not to become what you once were.",Reflections,Unknown,2011,Reflections - Unknown,Healing,Wholeness
It’s okay to be a glowstick: sometimes we have to break before we shine.,Reflections,Unknown,2011,Reflections - Unknown,Healing,Light
"I found out that the same power I had to destroy myself, I had to save myself.",Reflections,Joybell C.,2011,Reflections - Joybell C.,Recovery,Empowerment
"Sometimes we endure pain not because we are weak, but because we are strong enough to wait for healing.",Reflections,Unknown,2011,Reflections - Unknown,Suffering,Patience
"If you do not transform your pain, you will transmit it.",Falling Upward,Richard Rohr,2011,Falling Upward - Richard Rohr,Conflict,Cycles
Even a tiny crack in trust can become a canyon.,Reflections,Unknown,2011,Reflections - Unknown,Truth,Trust
"Trust, once lost, could not be easily found. Not in a year, perhaps not even in a lifetime.",Reflections,J.E.B. Spredemann,2011,Reflections - J.E.B. Spredemann,Truth,Fragility
"Where the will of God leads you, the grace of God will keep you.",Reflections,Unknown,2011,Reflections - Unknown,God,Grace
God’s grace flows best through cracks.,Reflections,Ann Voskamp,2011,Reflections - Ann Voskamp,God,Healing
Grace rewrites the story of our lives.,Reflections,Christine Caine,2011,Reflections - Christine Caine,Grace,Redemption
Grace is divine oxygen for the suffocating soul.,Reflections,Ann Voskamp,2011,Reflections - Ann Voskamp,Grace,Relief
Grace is not for the deserving but for the desperate.,Reflections,Tim Keller,2011,Reflections - Tim Keller,Grace,Desperation
Grace allows you to live gently with yourself.,Reflections,Tara Brach,2011,Reflections - Tara Brach,Grace,Self-Compassion
We are shaped as much by who holds us as by what we hold onto.,Reflections,Sue Johnson,2011,Reflections - Sue Johnson,Affection,Influence
The moon is a loyal companion. It never leaves.,Reflections,Tahereh Mafi,2011,Reflections - Tahereh Mafi,Presence,Constancy
The only thing more unthinkable than leaving was staying; the only thing more impossible than staying was leaving.,Wild,Cheryl Strayed,2012,Wild - Cheryl Strayed,Suffering,Conflict
What separates privilege from entitlement is gratitude.,Interview,Brené Brown,2012,Interview - Brené Brown,Gratitude,Privilege
"Sometimes you just have to accept that some people are only a part of your history, not your destiny.",Personal Sayings,Steve Maraboli,2012,Personal Sayings - Steve Maraboli,Acceptance,Relationships
It's not our job to fix people. It's our job to love them while they fix themselves.,Interview,Steve Maraboli,2012,Interview - Steve Maraboli,Acceptance,Love
Surrender is the inner transition from resistance to acceptance.,Letting Go,David R. Hawkins,2012,Letting Go - David R. Hawkins,Acceptance,Surrender
"Being yourself is all it takes. If you want someone to like you for who you are, then be yourself.",Daring Greatly,Brené Brown,2012,Daring Greatly - Brené Brown,Acceptance,Authenticity
Acceptance is the doorway to freedom.,Letting Go,David R. Hawkins,2012,Letting Go - David R. Hawkins,Acceptance,Liberation
To live a lie is to deny yourself the grace of authenticity.,Reflections,Brené Brown,2012,Reflections - Brené Brown,Honesty,Authenticity
"There is a strength in being real, in being honest, even when it’s uncomfortable.",Reflections,Brené Brown,2012,Reflections - Brené Brown,Honesty,Strength
A kind gesture can reach a wound that only compassion can heal.,Reflections,Steve Maraboli,2012,Reflections - Steve Maraboli,Kindness,Healing
The ego feeds on approval. The soul is nourished by authenticity.,Reflections,Danielle LaPorte,2012,Reflections - Danielle LaPorte,Ego/Self,Approval
Nature is the one song of praise that never stops singing.,Reflections,Richard Rohr,2012,Reflections - Richard Rohr,Nature/Natural,Praise
"When we share, we open the door for joy to walk in.",Reflections,Brené Brown,2012,Reflections - Brené Brown,Togetherness,Sharing
"Real connection is built through shared vulnerability, not perfection.",Daring Greatly,Brené Brown,2012,Daring Greatly - Brené Brown,Togetherness,Vulnerability
Sometimes the people around you won’t understand your journey. They don’t need to. It’s not for them.,Reflections,Joubert Botha,2012,Reflections - Joubert Botha,Recovery,Individual Path
Owning our story and loving ourselves through that process is the bravest thing we’ll ever do.,Daring Greatly,Brené Brown,2012,Daring Greatly - Brené Brown,Recovery,Self-Love
Pain is real. But so is hope.,Reflections,Unknown,2012,Reflections - Unknown,Healing,Duality
Grace means that all of your mistakes now serve a purpose instead of serving shame.,Reflections,Brené Brown,2012,Reflections - Brené Brown,Recovery,Grace
Let whatever you do today be enough.,Reflections,Unknown,2012,Reflections - Unknown,Healing,Self-Compassion
"Sometimes we just need someone to simply be there—not to fix anything, but to let us feel supported and not alone.",Reflections,Unknown,2012,Reflections - Unknown,Healing,Presence
The place of true healing is a fierce place. It’s a giant place. It’s a place of monstrous beauty and endless dark and glimmering light.,Tiny Beautiful Things,Cheryl Strayed,2012,Tiny Beautiful Things - Cheryl Strayed,Healing,Paradox
"When we deny our stories, they define us. When we own our stories, we get to write the ending.",Daring Greatly,Brené Brown,2012,Daring Greatly - Brené Brown,Recovery,Ownership
We repeat what we don’t repair.,Reflections,Christine Langley-Obaugh,2012,Reflections - Christine Langley-Obaugh,Recovery,Cycles
"Pain is a great teacher, but no one wants to attend its class.",Reflections,Unknown,2012,Reflections - Unknown,Suffering,Learning
The universe is not short on wake-up calls. We’re just quick to hit the snooze button.,Reflections,Brené Brown,2012,Reflections - Brené Brown,Suffering,Awareness
You cannot shame or belittle people into changing their behaviors.,Reflections,Brené Brown,2012,Reflections - Brené Brown,Conflict,Motivation
"Even when we know better, we don’t always do better. That’s the human condition.",Reflections,Brené Brown,2012,Reflections - Brené Brown,Conflict,Fallibility
Trust starts with truth and ends with truth.,Reflections,Santosh Kalwar,2012,Reflections - Santosh Kalwar,Truth,Trust
One honest word is better than a hundred insincere compliments.,Reflections,Unknown,2012,Reflections - Unknown,Truth,Sincerity
"Even when I cannot see Him, the wind still moves the leaves.",Reflections,Unknown,2012,Reflections - Unknown,God,Faith
God’s plans will always be greater and more beautiful than all your disappointments.,Reflections,Christine Caine,2012,Reflections - Christine Caine,God,Trust
Grace means that all of your mistakes now serve a purpose instead of serving shame.,Reflections,Brené Brown,2012,Reflections - Brené Brown,Grace,Redemption
You can’t out-sin grace.,Reflections,J.D. Greear,2012,Reflections - J.D. Greear,Grace,Limitlessness
"Let grace be your default, not your defense.",Reflections,Bob Goff,2012,Reflections - Bob Goff,Grace,Attitude
Grace rebuilds what guilt has torn down.,Reflections,Christine Caine,2012,Reflections - Christine Caine,Grace,Recovery
Grace is the echo of love when we least deserve it.,Reflections,Jason Gray,2012,Reflections - Jason Gray,Grace,Mercy
Grace is when you realize God is enough.,Reflections,Matt Chandler,2012,Reflections - Matt Chandler,Grace,Sufficiency
Grace is a divine pardon wrapped in eternal affection.,Reflections,Lisa Harper,2012,Reflections - Lisa Harper,Grace,Pardon
The problem with doing nothing is not knowing when you’re finished.,Reflections,Unknown,2012,Reflections - Unknown,Humor,Laziness
Humor doesn’t diminish the pain—it makes space for it.,Reflections,Brene Brown,2012,Reflections - Brene Brown,Humor,Vulnerability
"Affection is a presence, not a performance.",Reflections,Brene Brown,2012,Reflections - Brene Brown,Affection,Authenticity
"Affection is a rhythm, not a reaction.",Reflections,David Whyte,2012,Reflections - David Whyte,Affection,Natural Flow
"The path is not straight, and it is not safe. But it leads to the true you.",Reflections,Cheryl Strayed,2012,Reflections - Cheryl Strayed,Courage,Transformation
Grace means that all of your mistakes now serve a purpose instead of serving shame.,Reflections,Brené Brown,2012,Reflections - Brené Brown,Grace,Redemption
It is not joy that makes us grateful; it is gratitude that makes us joyful.,Living a Life of Awareness,David Steindl-Rast,2013,Living a Life of Awareness - David Steindl-Rast,Gratitude,Joy
Gratitude is not only a response to God in good times—it's a declaration of trust in the midst of suffering.,Daily Devotionals,Tim Keller,2013,Daily Devotionals - Tim Keller,Gratitude,Trust
I am no longer trying to become perfect. I have accepted the imperfect nature of my soul.,Reflections,Nayyirah Waheed,2013,Reflections - Nayyirah Waheed,Acceptance,Imperfection
I’m not rude. I’m honest. I just speak what’s on my mind without filtering it.,Journal,Rihanna,2013,Journal - Rihanna,Honesty,Bluntness
To be honest is to be human. To hide is to forget your own heart.,Poems,Nayyirah Waheed,2013,Poems - Nayyirah Waheed,Honesty,Humanity
Giving is not just about making a donation. It is about making a difference.,Interview,Kathy Calvin,2013,Interview - Kathy Calvin,Giving,Impact
Creativity doesn't wait for that perfect moment. It fashions its own perfect moments out of ordinary ones.,Reflections,Bruce Garrabrandt,2013,Reflections - Bruce Garrabrandt,Creativity,Spontaneity
Healing doesn’t mean the damage never existed. It means the damage no longer controls our lives.,Reflections,Akshay Dubey,2013,Reflections - Akshay Dubey,Healing,Freedom
Recovery is something that you have to work on every single day and it’s something that doesn’t get a day off.,Reflections,Demi Lovato,2013,Reflections - Demi Lovato,Recovery,Discipline
"Pain can change you, but that doesn’t mean it has to be a bad change.",Reflections,Unknown,2013,Reflections - Unknown,Suffering,Transformation
All that remains is the memory of what pain taught me.,Reflections,Nayyirah Waheed,2013,Reflections - Nayyirah Waheed,Suffering,Memory
"You can’t calm the storm, so stop trying. What you can do is calm yourself. The storm will pass.",Reflections,Timber Hawkeye,2013,Reflections - Timber Hawkeye,Conflict,Inner Peace
"Where there is clarity, confusion cannot exist.",Reflections,Mooji,2013,Reflections - Mooji,Truth,Clarity
Grace is not a thing. It is a person—and His name is Jesus.,Reflections,Judah Smith,2013,Reflections - Judah Smith,Grace,Personification
Grace covers what we cannot fix.,Reflections,Lisa Bevere,2013,Reflections - Lisa Bevere,Grace,Restoration
You are not too much. You have never been too much. You are exactly enough—by grace.,Reflections,Sarah Bessey,2013,Reflections - Sarah Bessey,Grace,Worthiness
Grace turns burdens into blessings.,Reflections,Sheila Walsh,2013,Reflections - Sheila Walsh,Grace,Transformation
Grace reminds us we are more than our worst moment.,Reflections,Tullian Tchividjian,2013,Reflections - Tullian Tchividjian,Grace,Redemption
"When grace takes hold, shame loses its grip.",Reflections,Ann Voskamp,2013,Reflections - Ann Voskamp,Grace,Shame
Humor is not the opposite of seriousness. It's the opposite of despair.,Reflections,Stephen Colbert,2013,Reflections - Stephen Colbert,Humor,Contrast
Affection is the echo of love made present.,Reflections,David Whyte,2013,Reflections - David Whyte,Affection,Echo
"Grace is not part of consciousness; it is the amount of light in our souls, not knowledge nor reason.",Reflections,Pope Francis,2014,Reflections - Pope Francis,Grace,Divine Light
Grace is not the reward of the righteous; it is the gift of the guilty.,Reflections,Steven Furtick,2014,Reflections - Steven Furtick,Grace,Forgiveness
"The more grateful I am, the more beauty I see.",Reflections,Mary Davis,2014,Reflections - Mary Davis,Gratitude,Perception
"Even in the trials of life, if we have eyes to see them, we can find things to be thankful for.",Conference Talk,Dieter F. Uchtdorf,2014,Conference Talk - Dieter F. Uchtdorf,Gratitude,Trials
Honesty is the fastest way to prevent a mistake from turning into a failure.,Leadership Reflections,James Altucher,2014,Leadership Reflections - James Altucher,Honesty,Prevention
Be the reason someone believes in the goodness of people.,Reflections,Karen Salmansohn,2014,Reflections - Karen Salmansohn,Kindness,Goodness
"When we listen with curiosity, we don't listen with the intent to reply. We listen for what's behind the words.",Reflections,Roy T. Bennett,2014,Reflections - Roy T. Bennett,Togetherness,Listening
Sometimes the smallest step in the right direction ends up being the biggest step of your life.,Reflections,Naeem Callaway,2014,Reflections - Naeem Callaway,Recovery,Progress
"You do not have to be fearless, just don't let fear stop you.",Reflections,Charlie Day,2014,Reflections - Charlie Day,Recovery,Courage
"When suffering knocks at your door and you say there is no seat for him, he tells you, ‘I am sorrow, and I need to sit with you.’",Reflections,Rupi Kaur,2014,Reflections - Rupi Kaur,Suffering,Presence
"Most misunderstandings in the world could be avoided if people would simply take the time to ask, “What else could this mean?”",Reflections,Shannon L. Alder,2014,Reflections - Shannon L. Alder,Conflict,Misunderstanding
Trust is built with consistency.,Reflections,Lincoln Chafee,2014,Reflections - Lincoln Chafee,Truth,Trust
Trust is earned when actions meet words.,Reflections,Chris Butler,2014,Reflections - Chris Butler,Truth,Alignment
The truth is not always in the middle. Sometimes it's just the truth.,Reflections,Neil deGrasse Tyson,2014,Reflections - Neil deGrasse Tyson,Truth,Objectivity
We don’t need to see the whole path. Just take the next step in faith with God.,Reflections,Christine Caine,2014,Reflections - Christine Caine,God,Faith
"When you see through the eyes of God, everything becomes sacred.",Reflections,Richard Rohr,2014,Reflections - Richard Rohr,God,Vision
Grace makes room for who you are becoming.,Reflections,Emily P. Freeman,2014,Reflections - Emily P. Freeman,Grace,Becoming
Grace is the invitation to begin again.,Reflections,Nadia Bolz-Weber,2014,Reflections - Nadia Bolz-Weber,Grace,Renewal
You cannot fall so far that grace cannot reach you.,Reflections,Sheila Walsh,2014,Reflections - Sheila Walsh,Grace,Hope
"You will be lost and unlost, over and over again. Relax, love the journey.",Reflections,Nayyirah Waheed,2014,Reflections - Nayyirah Waheed,Journey,Becoming
"When we focus on our gratitude, the tide of disappointment goes out and the tide of love rushes in.",The Gratitude Diaries,Janice Kaplan,2015,The Gratitude Diaries - Janice Kaplan,Gratitude,Perspective
"Being honest isn’t always easy, but it’s always worth it.",Leadership Reflections,Craig Groeschel,2015,Leadership Reflections - Craig Groeschel,Honesty,Value
"If you're honest, you won't be popular, but you'll be respected.",Journal,Naval Ravikant,2015,Journal - Naval Ravikant,Honesty,Respect
To shine your brightest light is to be who you truly are.,Reflections,Roy T. Bennett,2015,Reflections - Roy T. Bennett,Ego/Self,Authenticity
"A soulful life is not about fixing ourselves, but about finding the courage to bring our whole self to the world.",Reflections,Brené Brown,2015,Reflections - Brené Brown,Spirit/Soul,Wholeness
Holding space for someone is an act of love and connection.,Reflections,Heather Plett,2015,Reflections - Heather Plett,Togetherness,Presence
You are not broken. You are breaking through.,Reflections,Alex Myles,2015,Reflections - Alex Myles,Healing,Breakthrough
"The light in me honors the light in you, especially the light that’s been through the dark.",Reflections,Unknown,2015,Reflections - Unknown,Healing,Recognition
Healing begins the moment you allow yourself to feel.,Reflections,Yasmin Mogahed,2015,Reflections - Yasmin Mogahed,Healing,Emotion
"Healing comes in waves, and maybe today the wave hits the rocks. And that’s okay.",Reflections,Ijeoma Umebinyuo,2015,Reflections - Ijeoma Umebinyuo,Healing,Process
Sometimes the bravest thing you can do is ask for help.,Reflections,Demi Lovato,2015,Reflections - Demi Lovato,Recovery,Support
You can rise up from anything. You can completely recreate yourself.,Reflections,Unknown,2015,Reflections - Unknown,Recovery,Renewal
"Your pain is valid, even if others have it worse.",Reflections,Unknown,2015,Reflections - Unknown,Suffering,Validation
"The truth isn’t always easy, but it’s always necessary.",Reflections,Brené Brown,2015,Reflections - Brené Brown,Truth,Necessity
God’s love is not based on your performance. It’s based on His character.,Reflections,Louie Giglio,2015,Reflections - Louie Giglio,God,Love
Grace is the undeserved embrace of the Divine.,Reflections,Richard Rohr,2015,Reflections - Richard Rohr,Grace,Unconditional Love
"When you live by grace, the scoreboard disappears.",Reflections,Louie Giglio,2015,Reflections - Louie Giglio,Grace,Freedom
Grace allows us to live unfinished.,Reflections,Sarah Bessey,2015,Reflections - Sarah Bessey,Grace,Imperfection
Grace shows up in the dark.,Reflections,Tasha Cobbs,2015,Reflections - Tasha Cobbs,Grace,Presence
God’s grace meets us in the reality we deny.,Reflections,Curt Thompson,2015,Reflections - Curt Thompson,Grace,Acceptance
Grace is God’s refusal to let our sin define our identity.,Reflections,Paul David Tripp,2015,Reflections - Paul David Tripp,Grace,Identity
You are drenched in grace even when you feel dry.,Reflections,Emily Freeman,2015,Reflections - Emily Freeman,Grace,Awareness
Why be moody when you can shake that booty?,Reflections,Unknown,2015,Reflections - Unknown,Humor,Positivity
"I used to think I was indecisive, but now I’m not so sure.",Reflections,Unknown,2015,Reflections - Unknown,Humor,Self-Contradiction
A soft hand on a hard day changes everything.,Reflections,Unknown,2015,Reflections - Unknown,Affection,Relief
"Affection doesn’t cling—it rests, like a bird on a branch.",Reflections,David Whyte,2015,Reflections - David Whyte,Affection,Non-Attachment
A kiss on the forehead is a poem of protection.,Reflections,David Whyte,2015,Reflections - David Whyte,Affection,Safety
To be touched without being asked is to be recognized.,Reflections,Unknown,2015,Reflections - Unknown,Affection,Dignity
Sometimes I pretend to be normal. But it gets boring. So I go back to being me.,Reflections,Unknown,2015,Reflections - Unknown,Humor,Self-Acceptance
There is no need to rush. What is meant for you will arrive in time.,Reflections,Unknown,2015,Reflections - Unknown,Patience,Trust
Healing is not about changing who you are; it’s about changing your relationship to who you are.,Reflections,Suzanne Heyn,2016,Reflections - Suzanne Heyn,Healing,Identity
Let our lives be full of both thanks and giving.,Reflections,Amy Collette,2016,Reflections - Amy Collette,Gratitude,Generosity
Gratitude is a powerful catalyst for happiness. It's the spark that lights a fire of joy in your soul.,Reflections,Amy Collette,2016,Reflections - Amy Collette,Gratitude,Joy
Only by accepting ourselves fully can we begin to accept others.,The Road Back to You,Ian Cron,2016,The Road Back to You - Ian Cron,Acceptance,Others
"If you're not honest with yourself, how can you be honest with anyone else?",Reflections,Shane Parrish,2016,Reflections - Shane Parrish,Honesty,Self
"I’m thankful for my struggle, because without it I wouldn’t have stumbled across my strength.",Personal Writings,Alex Elle,2016,Personal Writings - Alex Elle,Fortitude,Gratitude
"Healing is an art. It takes time, it takes practice, it takes love.",Reflections,Maza Dohta,2016,Reflections - Maza Dohta,Healing,Patience
The only way to heal is to face what you fear.,Reflections,Lalah Delia,2016,Reflections - Lalah Delia,Healing,Courage
Sometimes healing means walking away.,Reflections,Najwa Zebian,2016,Reflections - Najwa Zebian,Healing,Boundaries
Shame dies when stories are told in safe places.,Reflections,Ann Voskamp,2016,Reflections - Ann Voskamp,Recovery,Vulnerability
"The ache will always be there, but it will teach you how to breathe again.",Reflections,Unknown,2016,Reflections - Unknown,Healing,Grief
You are allowed to be both a masterpiece and a work in progress simultaneously.,Reflections,Sophia Bush,2016,Reflections - Sophia Bush,Healing,Duality
"Suffering has a face, and it needs to be looked in the eye.",The Book of Joy,Desmond Tutu,2016,The Book of Joy - Desmond Tutu,Suffering,Witnessing
A good relationship is not one that is always peaceful. It’s one where conflict is handled with honesty and grace.,Reflections,Alain de Botton,2016,Reflections - Alain de Botton,Conflict,Relationships
Grace doesn’t rush. It waits with you.,Reflections,Sarah Clarkson,2016,Reflections - Sarah Clarkson,Grace,Patience
My therapist says I have a preoccupation with vengeance. We'll see about that.,Reflections,Unknown,2016,Reflections - Unknown,Humor,Therapy
Even the briefest hug can change the course of a day.,Reflections,Unknown,2016,Reflections - Unknown,Affection,Impact
Be messy and complicated and afraid and show up anyway.,Reflections,Glennon Doyle,2016,Reflections - Glennon Doyle,Authenticity,Courage
"When we are in love, we open to all that life has to offer with passion, excitement, and acceptance.",The Wisdom of Sundays,Oprah Winfrey,2017,The Wisdom of Sundays - Oprah Winfrey,Love,Aliveness
"Some things are not problems to be solved, they are truths to be accepted.",Personal Essays,Lysa TerKeurst,2017,Personal Essays - Lysa TerKeurst,Acceptance,Truth
Ego is the anesthesia that deadens the pain of stupidity.,Reflections,Rick Rigsby,2017,Reflections - Rick Rigsby,Ego/Self,Delusion
"By discovering nature, you discover yourself.",Reflections,Maxime Lagacé,2017,Reflections - Maxime Lagacé,Nature/Natural,Self
Recovery is hard. Regret is harder.,Reflections,Brittany Burgunder,2017,Reflections - Brittany Burgunder,Recovery,Choices
Healing doesn’t happen by pretending the pain isn’t there.,Reflections,Susan David,2017,Reflections - Susan David,Healing,Honesty
Let it hurt. Let it bleed. Let it heal. And let it go.,Reflections,Nikita Gill,2017,Reflections - Nikita Gill,Healing,Release
Being near someone with love in their eyes is a form of touch.,Reflections,Unknown,2017,Reflections - Unknown,Affection,Presence
I am learning to trust the journey even when I do not understand it.,Reflections,Morgan Harper Nichols,2018,Reflections - Morgan Harper Nichols,Acceptance,Trust
"Resolve to keep going, no matter how small the step.",Reflections,James Clear,2018,Reflections - James Clear,Fortitude,Habit
"When you show up with a generous heart, people feel safe to be themselves.",Reflections,Brené Brown,2018,Reflections - Brené Brown,Generosity,Vulnerability
"To know yourself, you must sacrifice the illusion that you already do.",Reflections,David Goggins,2018,Reflections - David Goggins,Ego/Self,Discipline
Pain travels through families until someone is ready to feel it.,Reflections,Stephi Wagner,2018,Reflections - Stephi Wagner,Healing,Generational
Keep taking time for yourself until you’re you again.,Reflections,Lalah Delia,2018,Reflections - Lalah Delia,Recovery,Self-Care
Healing happens when you sit with what hurts and choose to love yourself anyway.,Reflections,Cleo Wade,2018,Reflections - Cleo Wade,Healing,Self-Love
The human capacity for burden is like bamboo – far more flexible than you'd ever believe at first glance.,The Art of Gathering,Priya Parker,2018,The Art of Gathering - Priya Parker,Suffering,Resilience
You will not grow without pain. You will not improve without failure.,Reflections,Jordan Peterson,2018,Reflections - Jordan Peterson,Suffering,Growth
The most important conversations you’ll ever have are the ones you’ll have with yourself.,Reflections,David Goggins,2018,Reflections - David Goggins,Conflict,Internal Dialogue
Clarity is the kindness we give to confusion.,Reflections,Brené Brown,2018,Reflections - Brené Brown,Truth,Clarity
"You are carried by grace, not credentials.",Reflections,Bob Goff,2018,Reflections - Bob Goff,Grace,Identity
I'm not lazy. I'm just on energy-saving mode.,Reflections,Unknown,2018,Reflections - Unknown,Humor,Excuses
"Children remember love through hugs, not lectures.",Reflections,Unknown,2018,Reflections - Unknown,Affection,Parenting
"Acceptance is not giving up, it is acknowledging that there is more to be done.",Reflections,Morgan Harper Nichols,2019,Reflections - Morgan Harper Nichols,Acceptance,Resilience
A quiet mind is able to hear intuition over fear.,Reflections,Yung Pueblo,2019,Reflections - Yung Pueblo,Ego/Self,Listening
You were never meant to carry it all alone.,Reflections,Morgan Harper Nichols,2019,Reflections - Morgan Harper Nichols,Suffering,Support
Every lie we tell incurs a debt to the truth.,Chernobyl,Valery Legasov (HBO),2019,Chernobyl - Valery Legasov (HBO),Truth,Reckoning
The worst part of online dating is meeting.,Reflections,Unknown,2019,Reflections - Unknown,Humor,Romance
It’s okay to outgrow people who don’t grow. Growth is not betrayal.,Reflections,Thema Bryant,2020,Reflections - Thema Bryant,Recovery,Growth
Your suffering is not noble. It is a call to transform.,Reflections,Adrienne Maree Brown,2020,Reflections - Adrienne Maree Brown,Suffering,Awakening
The truth does not mind being questioned. A lie does.,Reflections,Unknown,2020,Reflections - Unknown,Truth,Examination
Let the presence of God wash over your anxiety like waves over sand.,Reflections,Unknown,2020,Reflections - Unknown,God,Presence
"In a world of noise, a quiet touch is a revolution.",Reflections,Unknown,2020,Reflections - Unknown,Affection,Stillness
"I told my computer I needed a break, and now it won’t stop sending me beaches.",Reflections,Internet Joke,2022,Reflections - Internet Joke,Humor,AI
One heart can’t beat well if the others it loves are starving.,Reflections,Aaron Sogoian,2024,Reflections - Aaron Sogoian,Togetherness,Empathy
"The painter tries to master color, the poet sound, the mystic silence.",Reflections,Aaron Sogoian,2025,Reflections - Aaron Sogoian,Creativity,Discipline
Every song has a soul if you listen with the right kind of silence.,Reflections,Aaron Sogoian,2025,Reflections - Aaron Sogoian,Creativity,Listening
The bonds we form are the threads from which we weave our lives.,Reflections,Aaron Sogoian,2025,Reflections - Aaron Sogoian,Togetherness,Bonds
"Life is easier when we walk it together, even if we don’t always walk in step.",Reflections,Aaron Sogoian,2025,Reflections - Aaron Sogoian,Togetherness,Journey
"To belong is to be seen, to be safe, and to be loved without needing to perform.",Reflections,Aaron Sogoian,2025,Reflections - Aaron Sogoian,Togetherness,Belonging
"Let each of us see each other as we are: necessary, sacred, and wonderfully incomplete.",Reflections,Aaron Sogoian,2025,Reflections - Aaron Sogoian,Togetherness,Acceptance