id,type,title,content,creator,year,status,rating_personal,rating_external,rating_avg,category,subcategory,tags,importance,revisit_flag,favorite,context,meaning,notes,source,external_link,added_by,created_at,updated_at,Top Awards,WatchedStatus,WantRank,Rating_Tech,Rating_Recommend,Rating_Personal2,Rating_Final
1,Quote,,He who gives liberally goes straight to heaven.,The Rig Veda - Hindu Scripture,-1500,,,,,Giving,Reward,,,,,,,,,,,,,,,,,,,
2,Quote,,It is not good for the man to be alone.,Genesis 2:18 - Bible,-1400,,,,,Togetherness,Companionship,,,,,,,,,,,,,,,,,,,
3,Quote,,The Lord is my shepherd; I shall not want.,Psalm 23:1 - David,-1000,,,,,God,Provision,,,,,,,,,,,,,,,,,,,
4,Quote,,"Be still, and know that I am God.",Psalm 46:10 - David,-1000,,,,,God,Stillness,,,,,,,,,,,,,,,,,,,
5,Quote,,"God is our refuge and strength, an ever-present help in trouble.",Psalm 46:1 - David,-1000,,,,,God,Refuge,,,,,,,,,,,,,,,,,,,
6,Quote,,God is the light by which we see light.,Psalm 36:9 - David,-1000,,,,,God,Illumination,,,,,,,,,,,,,,,,,,,
7,Quote,,In His hand is the life of every living thing and the breath of all mankind.,Job 12:10 - Job,-1000,,,,,God,Life,,,,,,,,,,,,,,,,,,,
8,Quote,,"You are a child of God. You are wonderfully made, dearly loved, and precious in His sight.",Psalm 139:14 - David,-1000,,,,,God,Identity,,,,,,,,,,,,,,,,,,,
9,Quote,,"A soft answer turns away wrath, but a harsh word stirs up anger.",Proverbs 15:1 - Solomon,-950,,,,,Conflict,Speech,,,,,,,,,,,,,,,,,,,
10,Quote,,"A heart at peace gives life to the body, but envy rots the bones.",Proverbs 14:30 - Solomon,-950,,,,,Conflict,Emotion,,,,,,,,,,,,,,,,,,,
11,Quote,,"A faithful witness does not lie, but a false witness breathes out lies.",Proverbs 14:5 - Solomon,-950,,,,,Truth,Witness,,,,,,,,,,,,,,,,,,,
12,Quote,,An honest answer is like a kiss on the lips.,Proverbs 24:26 - Solomon,-700,,,,,Honesty,Response,,,,,,,,,,,,,,,,,,,
13,Quote,,"A false witness will not go unpunished, and he who pours out lies will not go free.",Proverbs 19:5 - Solomon,-700,,,,,Honesty,Justice,,,,,,,,,,,,,,,,,,,
14,Quote,,"A full soul loathes a honeycomb, but to the hungry soul every bitter thing is sweet.",Proverbs 27:7 - Solomon,-700,,,,,Spirit/Soul,Desire,,,,,,,,,,,,,,,,,,,
15,Quote,,"As iron sharpens iron, so one person sharpens another.",Proverbs 27:17 - Bible,-700,,,,,Togetherness,Growth,,,,,,,,,,,,,,,,,,,
16,Quote,,Do not be afraid. I am with you.,Isaiah 41:10 - Isaiah,-700,,,,,God,Comfort,,,,,,,,,,,,,,,,,,,
17,Quote,,Know thyself and you will know the universe and the gods.,Temple Inscription - Ancient Greek Maxim,-600,,,,,Ego/Self,Insight,,,,,,,,,,,,,,,,,,,
18,Quote,,"Every truth has two sides; it is as well to look at both, before we commit ourselves to either.",Reflections - Aesop,-550,,,,,Truth,Duality,,,,,,,,,,,,,,,,,,,
19,Quote,,"United we stand, divided we fall.",Aesop’s Fables - Aesop,-550,,,,,Togetherness,Unity,,,,,,,,,,,,,,,,,,,
20,Quote,,In union there is strength.,Reflections - Aesop,-550,,,,,Togetherness,Solidarity,,,,,,,,,,,,,,,,,,,
21,Quote,,Knowing others is intelligence; knowing yourself is true wisdom.,Tao Te Ching - Laozi,-500,,,,,Ego/Self,Self-Knowledge,,,,,,,,,,,,,,,,,,,
22,Quote,,"Give thanks to the Lord, for he is good; his love endures forever.",Psalm 107:1 - King David,-500,,,,,Gratitude,Worship,,,,,,,,,,,,,,,,,,,
23,Quote,,"Being deeply loved by someone gives you strength, while loving someone deeply gives you courage.",Tao Te Ching - Laozi,-500,,,,,Love,Strength,,,,,,,,,,,,,,,,,,,
24,Quote,,"You yourself, as much as anybody in the entire universe, deserve your love and affection.",Dhammapada - Attributed to Buddha,-500,,,,,Love,Self-Love,,,,,,,,,,,,,,,,,,,
25,Quote,,Gratitude is the sign of noble souls.,Maxims - Aesop,-500,,,,,Gratitude,Nobility,,,,,,,,,,,,,,,,,,,
26,Quote,,"Let us rise up and be thankful, for if we didn’t learn a lot today, at least we learned a little.",Dhammapada - Attributed to Buddha,-500,,,,,Gratitude,Learning,,,,,,,,,,,,,,,,,,,
27,Quote,,True peace comes from accepting what is.,Meditations - Laozi,-500,,,,,Acceptance,Peace,,,,,,,,,,,,,,,,,,,
28,Quote,,"When I let go of what I am, I become what I might be.",Tao Te Ching - Laozi,-500,,,,,Acceptance,Potential,,,,,,,,,,,,,,,,,,,
29,Quote,,Life is a series of natural and spontaneous changes. Don’t resist them—that only creates sorrow. Let reality be reality.,Tao Te Ching - Laozi,-500,,,,,Acceptance,Change,,,,,,,,,,,,,,,,,,,
30,Quote,,"To believe in something, and not to live it, is dishonest.",The Wisdom of Confucius - Confucius,-500,,,,,Honesty,Belief,,,,,,,,,,,,,,,,,,,
31,Quote,,The honest man falls prey to no trap.,Tao Te Ching - Laozi,-500,,,,,Honesty,Simplicity,,,,,,,,,,,,,,,,,,,
32,Quote,,It does not matter how slowly you go as long as you do not stop.,Analects - Confucius,-500,,,,,Fortitude,Perseverance,,,,,,,,,,,,,,,,,,,
33,Quote,,"Endurance is one of the most difficult disciplines, but it is to the one who endures that the final victory comes.",Meditations - Buddha,-500,,,,,Fortitude,Endurance,,,,,,,,,,,,,,,,,,,
34,Quote,,"Our greatest glory is not in never falling, but in rising every time we fall.",Analects - Confucius,-500,,,,,Fortitude,Resilience,,,,,,,,,,,,,,,,,,,
35,Quote,,The man who moves a mountain begins by carrying away small stones.,Analects - Confucius,-500,,,,,Fortitude,Patience,,,,,,,,,,,,,,,,,,,
36,Quote,,"No act of kindness, no matter how small, is ever wasted.",The Lion and the Mouse - Aesop,-500,,,,,Kindness,Small Acts,,,,,,,,,,,,,,,,,,,
37,Quote,,"A generous heart, kind speech, and a life of service and compassion are the things which renew humanity.",Dhammapada - Attributed to Buddha,-500,,,,,Generosity,Renewal,,,,,,,,,,,,,,,,,,,
38,Quote,,Kindness in words creates confidence. Kindness in thinking creates profoundness. Kindness in giving creates love.,Tao Te Ching - Laozi,-500,,,,,Kindness,Layers,,,,,,,,,,,,,,,,,,,
39,Quote,,"Act of kindness, however small, is never wasted.",Fables - Aesop,-500,,,,,Kindness,Deeds,,,,,,,,,,,,,,,,,,,
40,Quote,,"If you light a lamp for someone else, it will also brighten your path.",Teachings - Buddha,-500,,,,,Kindness,Reciprocity,,,,,,,,,,,,,,,,,,,
41,Quote,,He who wishes to secure the good of others has already secured his own.,Reflections - Confucius,-500,,,,,Generosity,Benefit,,,,,,,,,,,,,,,,,,,
42,Quote,,"When I let go of what I am, I become what I might be.",Tao Te Ching - Laozi,-500,,,,,Ego/Self,Letting Go,,,,,,,,,,,,,,,,,,,
43,Quote,,He who conquers himself is the mightiest warrior.,Analects - Confucius,-500,,,,,Ego/Self,Mastery,,,,,,,,,,,,,,,,,,,
44,Quote,,The beginning of wisdom is the realization of one's own ignorance.,Reflections - Confucius,-500,,,,,Ego/Self,Wisdom,,,,,,,,,,,,,,,,,,,
45,Quote,,He who knows others is wise. He who knows himself is enlightened.,Tao Te Ching - Laozi,-500,,,,,Ego/Self,Enlightenment,,,,,,,,,,,,,,,,,,,
46,Quote,,"If you want to awaken all of humanity, awaken all of yourself.",Reflections - Laozi,-500,,,,,Ego/Self,Wholeness,,,,,,,,,,,,,,,,,,,
47,Quote,,He who knows he has enough is rich.,Tao Te Ching - Laozi,-500,,,,,Ego/Self,Contentment,,,,,,,,,,,,,,,,,,,
48,Quote,,"If you want to be whole, let yourself be partial. If you want to become full, let yourself be empty.",Tao Te Ching - Laozi,-500,,,,,Ego/Self,Paradox,,,,,,,,,,,,,,,,,,,
49,Quote,,"What you think, you become. What you feel, you attract. What you imagine, you create.",Teachings - Buddha,-500,,,,,Ego/Self,Becoming,,,,,,,,,,,,,,,,,,,
50,Quote,,He who conquers others is strong. He who conquers himself is mighty.,Tao Te Ching - Laozi,-500,,,,,Ego/Self,Mastery,,,,,,,,,,,,,,,,,,,
51,Quote,,The soul has no secret that the behavior does not reveal.,Reflections - Laozi,-500,,,,,Spirit/Soul,Expression,,,,,,,,,,,,,,,,,,,
52,Quote,,"Nature does not hurry, yet everything is accomplished.",Tao Te Ching - Laozi,-500,,,,,Nature/Natural,Flow,,,,,,,,,,,,,,,,,,,
53,Quote,,Everything flows and nothing stays.,Heraclitus Fragment 12 - Heraclitus,-500,,,,,Nature/Natural,Impermanence,,,,,,,,,,,,,,,,,,,
54,Quote,,"If you light a lamp for someone else, it will also brighten your path.",Dhammapada - Buddha,-500,,,,,Togetherness,Generosity,,,,,,,,,,,,,,,,,,,
55,Quote,,"Behold, how good and pleasant it is when brothers dwell in unity!",Psalm 133:1 - Bible,-500,,,,,Togetherness,Harmony,,,,,,,,,,,,,,,,,,,
56,Quote,,Each morning we are born again. What we do today is what matters most.,Dhammapada - Buddha,-500,,,,,Healing,Mindfulness,,,,,,,,,,,,,,,,,,,
57,Quote,,The root of suffering is attachment.,Dhammapada - Buddha,-500,,,,,Suffering,Attachment,,,,,,,,,,,,,,,,,,,
58,Quote,,"The gem cannot be polished without friction, nor man perfected without trials.",Reflections - Confucius,-500,,,,,Suffering,Refinement,,,,,,,,,,,,,,,,,,,
59,Quote,,"Where there is no suffering, there is no compassion.",Reflections - Buddha,-500,,,,,Suffering,Compassion,,,,,,,,,,,,,,,,,,,
60,Quote,,The best fighter is never angry.,Tao Te Ching - Laozi,-500,,,,,Conflict,Composure,,,,,,,,,,,,,,,,,,,
61,Quote,,"Three things cannot be long hidden: the sun, the moon, and the truth.",Dhammapada - Siddhartha Gautama (Buddha),-500,,,,,Truth,Revelation,,,,,,,,,,,,,,,,,,,
62,Quote,,"The truth is not always beautiful, nor beautiful words the truth.",Tao Te Ching - Laozi,-500,,,,,Truth,Paradox,,,,,,,,,,,,,,,,,,,
63,Quote,,To know what is right and not do it is the worst cowardice.,Reflections - Confucius,-500,,,,,Truth,Integrity,,,,,,,,,,,,,,,,,,,
64,Quote,,"The Tao gives birth to all things. It flows through all things, inside and outside, and returns to the origin of all things.",Tao Te Ching - Laozi,-500,,,,,God,Source,,,,,,,,,,,,,,,,,,,
65,Quote,,"If you want to awaken all of humanity, awaken all of yourself.",Hua Hu Ching - Lao Tzu (attributed),-500,,,,,Awakening,Self,,,,,,,,,,,,,,,,,,,
66,Quote,,"A man is not called wise because he talks and talks again but if he is peaceful, loving and fearless then he is in truth called wise.",Dhammapada - Gautama Buddha,-500,,,,,Wisdom,Peacefulness,,,,,,,,,,,,,,,,,,,
67,Quote,,"When you realize there is nothing lacking, the whole world belongs to you.",Tao Te Ching - Laozi,-500,,,,,Abundance,Realization,,,,,,,,,,,,,,,,,,,
68,Quote,,"There is no fire like passion, no shark like hatred, no snare like folly, no torrent like greed.",Dhammapada - Gautama Buddha,-500,,,,,Desire,Dangers,,,,,,,,,,,,,,,,,,,
69,Quote,,"He who learns must suffer. And even in our sleep, pain that cannot forget falls drop by drop upon the heart.",Agamemnon - Aeschylus,-458,,,,,Suffering,Learning,,,,,,,,,,,,,,,,,,,
70,Quote,,"To find yourself, think for yourself.",Reflections - Socrates,-400,,,,,Ego/Self,Independence,,,,,,,,,,,,,,,,,,,
71,Quote,,Beware the barrenness of a busy life.,Reflections - Socrates,-400,,,,,Ego/Self,Distraction,,,,,,,,,,,,,,,,,,,
72,Quote,,"Being deeply loved by someone gives you strength, while loving someone deeply gives you courage.",Tao Te Ching - Laozi,-400,,,,,Togetherness,Courage,,,,,,,,,,,,,,,,,,,
73,Quote,,"False words are not only evil in themselves, but they infect the soul with evil.",Reflections - Socrates (via Plato),-400,,,,,Truth,Corruption,,,,,,,,,,,,,,,,,,,
74,Quote,,"The wise try to reach the source, the ignorant live by appearances.",Bhagavad Gita - Vyasa,-400,,,,,Truth,Source,,,,,,,,,,,,,,,,,,,
75,Quote,,Truth is always the strongest argument.,Reflections - Sophocles,-400,,,,,Truth,Strength,,,,,,,,,,,,,,,,,,,
76,Quote,,Touch is the oldest medicine.,Reflections - Hippocrates,-400,,,,,Affection,Healing,,,,,,,,,,,,,,,,,,,
77,Quote,,True wisdom lies in knowing that you know nothing.,Apology - Socrates,-399,,,,,Ego/Self,Ignorance,,,,,,,,,,,,,,,,,,,
78,Quote,,"Every heart sings a song, incomplete, until another heart whispers back.",The Symposium - Plato,-385,,,,,Togetherness,Love,,,,,,,,,,,,,,,,,,,
79,Quote,,At the touch of love everyone becomes a poet.,Symposium - Plato,-380,,,,,Love,Inspiration,,,,,,,,,,,,,,,,,,,
80,Quote,,The whole is greater than the sum of its parts.,Metaphysics - Aristotle,-350,,,,,Togetherness,Wholeness,,,,,,,,,,,,,,,,,,,
81,Quote,,The high-minded man must care more for the truth than for what people think.,Nicomachean Ethics - Aristotle,-340,,,,,Truth,Wisdom,,,,,,,,,,,,,,,,,,,
82,Quote,,Gratitude is the foundation of all virtue.,Nicomachean Ethics - Aristotle,-335,,,,,Gratitude,Ethics,,,,,,,,,,,,,,,,,,,
83,Quote,,It is the mark of an educated mind to be able to entertain a thought without accepting it.,Metaphysics - Aristotle,-335,,,,,Acceptance,Open-Mindedness,,,,,,,,,,,,,,,,,,,
84,Quote,,The least initial deviation from the truth is multiplied later a thousandfold.,Dialogues - Aristotle,-335,,,,,Honesty,Consequences,,,,,,,,,,,,,,,,,,,
85,Quote,,"The more you know, the more you realize how much you don’t know.",Reflections - Aristotle,-335,,,,,Ego/Self,Humility,,,,,,,,,,,,,,,,,,,
86,Quote,,Self-knowledge is the beginning of all wisdom.,Metaphysics - Aristotle,-335,,,,,Ego/Self,Self-Knowledge,,,,,,,,,,,,,,,,,,,
87,Quote,,The soul never thinks without a picture.,Metaphysics - Aristotle,-335,,,,,Spirit/Soul,Imagination,,,,,,,,,,,,,,,,,,,
88,Quote,,The soul's joy lies in doing.,Ethics - Aristotle,-335,,,,,Spirit/Soul,Activity,,,,,,,,,,,,,,,,,,,
89,Quote,,Love is composed of a single soul inhabiting two bodies.,Attributed Fragment - Aristotle,-330,,,,,Love,Oneness,,,,,,,,,,,,,,,,,,,
90,Quote,,Human beings are social animals.,Politics - Aristotle,-330,,,,,Togetherness,Nature,,,,,,,,,,,,,,,,,,,
91,Quote,,"The greater the difficulty, the more glory in surmounting it.",Reflections - Epicurus,-300,,,,,Fortitude,Achievement,,,,,,,,,,,,,,,,,,,
92,Quote,,In all things of nature there is something of the marvelous.,Reflections - Aristotle,-300,,,,,Nature/Natural,Marvel,,,,,,,,,,,,,,,,,,,
93,Quote,,Nature abhors a vacuum.,Reflections - Aristotle,-300,,,,,Nature/Natural,Balance,,,,,,,,,,,,,,,,,,,
94,Quote,,Every morning we are born again. What we do today is what matters most—and grace allows it.,Dhammapada - Attributed to Buddha,-300,,,,,Grace,Renewal,,,,,,,,,,,,,,,,,,,
95,Quote,,"He who sees Me everywhere and sees everything in Me—I am never lost to him, and he is never lost to Me.",Bhagavad Gita 6:30 - Krishna,-200,,,,,God,Union,,,,,,,,,,,,,,,,,,,
96,Quote,,"If we are not ashamed to think it, we should not be ashamed to say it.",Reflections - Marcus Tullius Cicero,-50,,,,,Truth,Courage,,,,,,,,,,,,,,,,,,,
97,Quote,,"Gratitude is not only the greatest of virtues, but the parent of all the others.",Letter to Atticus - Cicero,-45,,,,,Gratitude,Virtue,,,,,,,,,,,,,,,,,,,
98,Quote,,Truth builds bridges; lies build walls.,Reflections - Unknown,0,,,,,Honesty,Connection,,,,,,,,,,,,,,,,,,,
99,Quote,,A heart that loves is always young.,Ancient Proverb - Unknown,0,,,,,Love,Youth,,,,,,,,,,,,,,,,,,,
100,Quote,,Give thanks for a little and you will find a lot.,Akan Proverb - Unknown,0,,,,,Gratitude,Simplicity,,,,,,,,,,,,,,,,,,,
101,Quote,,"When eating fruit, remember the one who planted the tree.",Chinese Proverb - Unknown,0,,,,,Gratitude,Remembrance,,,,,,,,,,,,,,,,,,,
102,Quote,,"Gratitude is the music of the heart, when its chords are swept by the breeze of kindness.",Reflections - Unknown,0,,,,,Gratitude,Music,,,,,,,,,,,,,,,,,,,
103,Quote,,Give thanks for unknown blessings already on their way.,Earth Prayers - Native American Proverb,0,,,,,Gratitude,Faith,,,,,,,,,,,,,,,,,,,
104,Quote,,A grateful heart is a magnet for miracles.,Personal Sayings - Unknown,0,,,,,Gratitude,Miracles,,,,,,,,,,,,,,,,,,,
105,Quote,,"Each day I am thankful for nights that turned into mornings, friends that turned into family, and dreams that turned into reality.",Personal Sayings - Unknown,0,,,,,Gratitude,Daily Life,,,,,,,,,,,,,,,,,,,
106,Quote,,"The more you thank life, the more life gives you to be thankful for.",Sayings - Unknown,0,,,,,Gratitude,Cycle,,,,,,,,,,,,,,,,,,,
107,Quote,,Honesty is the highest form of intimacy.,Reflections - Unknown,0,,,,,Honesty,Intimacy,,,,,,,,,,,,,,,,,,,
108,Quote,,"If you cannot be honest with yourself, you cannot be honest with others.",Personal Sayings - Unknown,0,,,,,Honesty,Self,,,,,,,,,,,,,,,,,,,
109,Quote,,Honesty saves everyone's time.,Productivity Sayings - Unknown,0,,,,,Honesty,Efficiency,,,,,,,,,,,,,,,,,,,
110,Quote,,"The truth may hurt for a little while, but a lie hurts forever.",Reflections - Unknown,0,,,,,Honesty,Pain,,,,,,,,,,,,,,,,,,,
111,Quote,,The best thing about telling the truth is you don’t have to keep track of anything.,Reflections - Anonymous,0,,,,,Honesty,Simplicity,,,,,,,,,,,,,,,,,,,
112,Quote,,Better to be slapped with the truth than kissed with a lie.,Personal Sayings - Russian Proverb,0,,,,,Honesty,Tough Love,,,,,,,,,,,,,,,,,,,
113,Quote,,A half truth is a whole lie.,Aphorisms - Yiddish Proverb,0,,,,,Honesty,Deception,,,,,,,,,,,,,,,,,,,
114,Quote,,The real measure of your wealth is how much you’d be worth if you lost all your money—and kept your honesty.,Personal Sayings - Unknown,0,,,,,Honesty,Character,,,,,,,,,,,,,,,,,,,
115,Quote,,Truth is never afraid of questions.,Reflections - Unknown,0,,,,,Honesty,Inquiry,,,,,,,,,,,,,,,,,,,
116,Quote,,Honesty begins where excuses end.,Reflections - Unknown,0,,,,,Honesty,Responsibility,,,,,,,,,,,,,,,,,,,
117,Quote,,"Say what you mean, but don’t say it mean.",Reflections - Unknown,0,,,,,Honesty,Kindness,,,,,,,,,,,,,,,,,,,
118,Quote,,"Fall seven times, stand up eight.",Japanese Proverb - Unknown,0,,,,,Fortitude,Resilience,,,,,,,,,,,,,,,,,,,
119,Quote,,Keep going. Everything you need will come to you at the perfect time.,Journal - Unknown,0,,,,,Fortitude,Patience,,,,,,,,,,,,,,,,,,,
120,Quote,,Resolve says I will. Resilience says I can. Faith says I must.,Journal - Unknown,0,,,,,Fortitude,Mindset,,,,,,,,,,,,,,,,,,,
121,Quote,,He conquers who endures.,Latin Proverb - Unknown,0,,,,,Fortitude,Endurance,,,,,,,,,,,,,,,,,,,
122,Quote,,Our greatest battles are those with our own doubts.,Reflections - Unknown,0,,,,,Fortitude,Inner Struggle,,,,,,,,,,,,,,,,,,,
123,Quote,,A smooth sea never made a skilled sailor.,Maritime Proverb - Unknown,0,,,,,Fortitude,Adversity,,,,,,,,,,,,,,,,,,,
124,Quote,,Never stop believing in hope because miracles happen every day.,Reflections - Unknown,0,,,,,Fortitude,Hope,,,,,,,,,,,,,,,,,,,
125,Quote,,Keep putting one foot in front of the other. That’s all you need to do right now.,Reflections - Unknown,0,,,,,Fortitude,Simplicity,,,,,,,,,,,,,,,,,,,
126,Quote,,Strength grows in the moments you think you can’t go on but you keep going anyway.,Reflections - Unknown,0,,,,,Fortitude,Resolve,,,,,,,,,,,,,,,,,,,
127,Quote,,We grow through what we go through.,Reflections - Unknown,0,,,,,Fortitude,Growth,,,,,,,,,,,,,,,,,,,
128,Quote,,The fragrance always stays in the hand that gives the rose.,Chinese Proverb - Unknown,0,,,,,Giving,Beauty,,,,,,,,,,,,,,,,,,,
129,Quote,,Kindness is the key that unlocks doors and softens hearts.,Reflections - Unknown,0,,,,,Kindness,Influence,,,,,,,,,,,,,,,,,,,
130,Quote,,A good deed brightens a dark world.,Reflections - Unknown,0,,,,,Kindness,Light,,,,,,,,,,,,,,,,,,,
131,Quote,,"Let your heart be full of kindness, your hands full of giving, and your life full of love.",Reflections - Unknown,0,,,,,Kindness,Overflow,,,,,,,,,,,,,,,,,,,
132,Quote,,Kindness costs nothing but means everything.,Reflections - Unknown,0,,,,,Kindness,Value,,,,,,,,,,,,,,,,,,,
133,Quote,,"We are not put on this earth for ourselves, but are placed here for each other.",Reflections - Unknown,0,,,,,Giving,Purpose,,,,,,,,,,,,,,,,,,,
134,Quote,,Kindness is the oil that takes the friction out of life.,Reflections - Author Unknown,0,,,,,Kindness,Ease,,,,,,,,,,,,,,,,,,,
135,Quote,,Only when the ego is silent can the soul speak.,Reflections - Unknown,0,,,,,Ego/Self,Silence,,,,,,,,,,,,,,,,,,,
136,Quote,,You can’t pour from an empty cup. Take care of yourself first.,Reflections - Unknown,0,,,,,Ego/Self,Self-Care,,,,,,,,,,,,,,,,,,,
137,Quote,,Spiritual maturity begins when we stop trying to change others and focus on changing ourselves.,Reflections - Unknown,0,,,,,Ego/Self,Maturity,,,,,,,,,,,,,,,,,,,
138,Quote,,"The ego is loud, but the soul whispers.",Reflections - Unknown,0,,,,,Ego/Self,Stillness,,,,,,,,,,,,,,,,,,,
139,Quote,,"The more you try to control something, the more it controls you.",Reflections - Unknown,0,,,,,Ego/Self,Control,,,,,,,,,,,,,,,,,,,
140,Quote,,The soul would have no rainbow if the eyes had no tears.,Native American Proverb - Unknown,0,,,,,Spirit/Soul,Emotion,,,,,,,,,,,,,,,,,,,
141,Quote,,Let your soul catch up with your body.,Ancient Proverb - Chinese Saying,0,,,,,Spirit/Soul,Presence,,,,,,,,,,,,,,,,,,,
142,Quote,,"You don’t have a soul. You are a soul. You have a mind, a body, and a story.",Reflections - Unknown,0,,,,,Spirit/Soul,Identity,,,,,,,,,,,,,,,,,,,
143,Quote,,Let nature take its course.,Proverb - Traditional Saying,0,,,,,Nature/Natural,Surrender,,,,,,,,,,,,,,,,,,,
144,Quote,,The leaf does not resist the wind—it follows it to the ground.,Reflections - Zen Proverb,0,,,,,Nature/Natural,Acceptance,,,,,,,,,,,,,,,,,,,
145,Quote,,"We do not inherit the Earth from our ancestors, we borrow it from our children.",Native Wisdom - Native American Proverb,0,,,,,Nature/Natural,Stewardship,,,,,,,,,,,,,,,,,,,
146,Quote,,"Nature, time, and patience are the three great physicians.",Proverb - Traditional Saying,0,,,,,Nature/Natural,Healing,,,,,,,,,,,,,,,,,,,
147,Quote,,"There is no Wi-Fi in the forest, but I promise you will find a better connection.",Reflections - Unknown,0,,,,,Nature/Natural,Presence,,,,,,,,,,,,,,,,,,,
148,Quote,,The human spirit needs places where nature has not been rearranged by the hand of man.,Reflections - Unknown,0,,,,,Nature/Natural,Untouched,,,,,,,,,,,,,,,,,,,
149,Quote,,The fall of a leaf is a whisper to the living.,Reflections - Russian Proverb,0,,,,,Nature/Natural,Mortality,,,,,,,,,,,,,,,,,,,
150,Quote,,No snowflake ever falls in the wrong place.,Reflections - Zen Proverb,0,,,,,Nature/Natural,Fate,,,,,,,,,,,,,,,,,,,
151,Quote,,The lake is a quiet place to think the loudest thoughts.,Reflections - Unknown,0,,,,,Nature/Natural,Reflection,,,,,,,,,,,,,,,,,,,
152,Quote,,The first wildflower of the year is like a poem of hope written in pollen.,Reflections - Unknown,0,,,,,Nature/Natural,Renewal,,,,,,,,,,,,,,,,,,,
153,Quote,,"Beneath the pavement, the earth still breathes.",Reflections - Anonymous,0,,,,,Nature/Natural,Resilience,,,,,,,,,,,,,,,,,,,
154,Quote,,It is the spirit that gives life; the flesh counts for nothing.,John 6:63 - Jesus of Nazareth,30,,,,,Spirit/Soul,Vitality,,,,,,,,,,,,,,,,,,,
155,Quote,,"Do not judge, or you too will be judged.",Matthew 7:1 - Jesus of Nazareth,30,,,,,Acceptance,Judgment,,,,,,,,,,,,,,,,,,,
156,Quote,,The ego builds a house on sand. The soul builds on rock.,Sermons - Jesus of Nazareth,30,,,,,Ego/Self,Foundation,,,,,,,,,,,,,,,,,,,
157,Quote,,"The light of the body is the eye: if therefore thine eye be single, thy whole body shall be full of light.",Matthew 6:22 - Jesus of Nazareth,30,,,,,Spirit/Soul,Clarity,,,,,,,,,,,,,,,,,,,
158,Quote,,A tree is known by its fruit.,Matthew 12:33 - Jesus Christ,30,,,,,Nature/Natural,Integrity,,,,,,,,,,,,,,,,,,,
159,Quote,,The wind blows where it wishes... So it is with everyone born of the Spirit.,John 3:8 - Jesus Christ,30,,,,,Nature/Natural,Mystery,,,,,,,,,,,,,,,,,,,
160,Quote,,"Blessed are the peacemakers, for they will be called children of God.",Matthew 5:9 - Bible (Jesus),30,,,,,Togetherness,Peace,,,,,,,,,,,,,,,,,,,
161,Quote,,"When two or three are gathered in my name, I am there among them.",Matthew 18:20 - Bible (Jesus),30,,,,,Togetherness,Spiritual Gathering,,,,,,,,,,,,,,,,,,,
162,Quote,,"Blessed are those who mourn, for they will be comforted.",Matthew 5:4 - Jesus of Nazareth,30,,,,,Suffering,Comfort,,,,,,,,,,,,,,,,,,,
163,Quote,,"You shall know the truth, and the truth shall set you free.",John 8:32 - Jesus,30,,,,,Truth,Liberation,,,,,,,,,,,,,,,,,,,
164,Quote,,The kingdom of God is within you.,Luke 17:21 - Jesus,30,,,,,God,Inner Reality,,,,,,,,,,,,,,,,,,,
165,Quote,,I am the light of the world. Whoever follows me will never walk in darkness.,John 8:12 - Jesus,30,,,,,God,Light,,,,,,,,,,,,,,,,,,,
166,Quote,,You cannot serve both God and money.,Matthew 6:24 - Jesus,30,,,,,God,Devotion,,,,,,,,,,,,,,,,,,,
167,Quote,,God knows what you need before you ask Him.,Matthew 6:8 - Jesus,30,,,,,God,Provision,,,,,,,,,,,,,,,,,,,
168,Quote,,Even the prodigal was met with grace before apology.,Luke 15:20 - Jesus,30,,,,,Grace,Parable,,,,,,,,,,,,,,,,,,,
169,Quote,,"Dripping water hollows out stone, not through force but through persistence.",Letters to Lucilius - Ovid,35,,,,,Fortitude,Time,,,,,,,,,,,,,,,,,,,
170,Quote,,Grace is stronger than judgment.; Reflections,James 2:13 - James the Just,50,,,,,Grace,Mercy,,,,,,,,,,,,,,,,,,,
171,Quote,,In everything give thanks: for this is the will of God in Christ Jesus concerning you.,1 Thessalonians 5:18 - Apostle Paul,50,,,,,Gratitude,Faith,,,,,,,,,,,,,,,,,,,
172,Quote,,"Be thankful in all circumstances, for this is God’s will for you who belong to Christ Jesus.",1 Thessalonians 5:18 - Apostle Paul,50,,,,,Gratitude,Circumstance,,,,,,,,,,,,,,,,,,,
173,Quote,,"Carry each other’s burdens, and in this way you will fulfill the law of Christ.",Galatians 6:2 - Bible (Paul),50,,,,,Togetherness,Service,,,,,,,,,,,,,,,,,,,
174,Quote,,"Love is patient, love is kind. It does not envy, it does not boast, it is not proud.",1 Corinthians 13:4 - Apostle Paul,55,,,,,Love,Kindness,,,,,,,,,,,,,,,,,,,
175,Quote,,"No eye has seen, no ear has heard, no mind has conceived what God has prepared.",1 Corinthians 2:9 - Paul the Apostle,55,,,,,God,Mystery,,,,,,,,,,,,,,,,,,,
176,Quote,,God’s strength is made perfect in weakness.,2 Corinthians 12:9 - Paul the Apostle,56,,,,,God,Strength,,,,,,,,,,,,,,,,,,,
177,Quote,,"But where sin increased, grace increased all the more.",Romans 5:20 - Paul the Apostle,56,,,,,Grace,Forgiveness,,,,,,,,,,,,,,,,,,,
178,Quote,,Grace is sufficient. Period.,2 Corinthians 12:9 - Paul the Apostle,56,,,,,Grace,Sufficiency,,,,,,,,,,,,,,,,,,,
179,Quote,,"Suffering produces perseverance; perseverance, character; and character, hope.",Romans 5:3–4 - Paul the Apostle,60,,,,,Suffering,Hope,,,,,,,,,,,,,,,,,,,
180,Quote,,He who gives when he is asked has waited too long.,Aphorisms - Lucius Annaeus Seneca,60,,,,,Giving,Promptness,,,,,,,,,,,,,,,,,,,
181,Quote,,God is not far from each one of us. For in Him we live and move and have our being.,Acts 17:27–28 - Paul the Apostle,60,,,,,God,Immanence,,,,,,,,,,,,,,,,,,,
182,Quote,,"It is by grace you have been saved, through faith—and this is not from yourselves.",Ephesians 2:8 - Paul the Apostle,60,,,,,Grace,Gift,,,,,,,,,,,,,,,,,,,
183,Quote,,"Love, in its essence, is spiritual fire.",Meditations - Lucius Annaeus Seneca,65,,,,,Love,Fire,,,,,,,,,,,,,,,,,,,
184,Quote,,He who receives a benefit with gratitude repays the first installment on his debt.,Letters to Lucilius - Seneca,65,,,,,Gratitude,Reciprocity,,,,,,,,,,,,,,,,,,,
185,Quote,,"Difficulties strengthen the mind, as labor does the body.",Letters to Lucilius - Seneca,65,,,,,Fortitude,Strength,,,,,,,,,,,,,,,,,,,
186,Quote,,"Brave men rejoice in adversity, just as brave soldiers triumph in war.",Reflections - Seneca,65,,,,,Fortitude,Bravery,,,,,,,,,,,,,,,,,,,
187,Quote,,"Wherever there is a human being, there is an opportunity for a kindness.",Letters - Seneca,65,,,,,Kindness,Opportunity,,,,,,,,,,,,,,,,,,,
188,Quote,,We suffer more often in imagination than in reality.,Letters to Lucilius - Seneca,65,,,,,Ego/Self,Illusion,,,,,,,,,,,,,,,,,,,
189,Quote,,We suffer more often in imagination than in reality.,Letters to Lucilius - Seneca,65,,,,,Suffering,Perception,,,,,,,,,,,,,,,,,,,
190,Quote,,"God is love. Whoever lives in love lives in God, and God in them.",1 John 4:16 - John,90,,,,,God,Love,,,,,,,,,,,,,,,,,,,
191,Quote,,"No one has ever seen God, but the one and only Son has made him known.",John 1:18 - John the Evangelist,90,,,,,God,Revelation,,,,,,,,,,,,,,,,,,,
192,Quote,,"I am the Alpha and the Omega, the beginning and the end.",Revelation 22:13 - Jesus (John),95,,,,,God,Eternity,,,,,,,,,,,,,,,,,,,
193,Quote,,"He is a wise man who does not grieve for the things which he has not, but rejoices for those which he has.",Discourses - Epictetus,100,,,,,Gratitude,Rejoicing,,,,,,,,,,,,,,,,,,,
194,Quote,,"Painting is silent poetry, and poetry is painting that speaks.",Reflections - Plutarch,100,,,,,Creativity,Duality,,,,,,,,,,,,,,,,,,,
195,Quote,,Suffering shows us what we are truly made of.,Reflections - Epictetus,110,,,,,Suffering,Character,,,,,,,,,,,,,,,,,,,
196,Quote,,The soul becomes dyed with the color of its thoughts.,Meditations - Marcus Aurelius,170,,,,,Spirit/Soul,Influence,,,,,,,,,,,,,,,,,,,
197,Quote,,Clear minds produce clear words.,Reflections - Marcus Aurelius,170,,,,,Truth,Clarity,,,,,,,,,,,,,,,,,,,
198,Quote,,"Every blade of grass has its angel that bends over it and whispers, “Grow, grow.”",Talmud - Jewish Wisdom Literature,200,,,,,Spirit/Soul,Inspiration,,,,,,,,,,,,,,,,,,,
199,Quote,,Joy shared is joy doubled.,Talmud - Jewish Wisdom,200,,,,,Togetherness,Joy,,,,,,,,,,,,,,,,,,,
200,Quote,,"We don’t see things as they are, we see them as we are.",Reflections - Talmud,200,,,,,Conflict,Perception,,,,,,,,,,,,,,,,,,,
201,Quote,,He who is filled with love is filled with God himself.,On Christian Doctrine - Augustine of Hippo,397,,,,,Love,Divinity,,,,,,,,,,,,,,,,,,,
202,Quote,,"The soul is the lamp by which we see the truth, even when the mind is blind.",Reflections - Augustine of Hippo,398,,,,,Spirit/Soul,Illumination,,,,,,,,,,,,,,,,,,,
203,Quote,,Love is the beauty of the soul.,On the Trinity - Augustine of Hippo,400,,,,,Love,Beauty,,,,,,,,,,,,,,,,,,,
204,Quote,,God loves each of us as if there were only one of us.,Confessions - Augustine of Hippo,400,,,,,Acceptance,Divine,,,,,,,,,,,,,,,,,,,
205,Quote,,"When you suffer and cry aloud, know that one is listening: the Spirit.",Reflections - St. Augustine,400,,,,,Suffering,Spirit,,,,,,,,,,,,,,,,,,,
206,Quote,,Truth is like a lion. You don’t have to defend it. Let it loose. It will defend itself.,Reflections - Augustine of Hippo,400,,,,,Truth,Strength,,,,,,,,,,,,,,,,,,,
207,Quote,,"God is not what you imagine or what you think you understand. If you understand, you have failed.",Sermons - Saint Augustine,400,,,,,God,Mystery,,,,,,,,,,,,,,,,,,,
208,Quote,,God loves each of us as if there were only one of us.,Reflections - Augustine of Hippo,400,,,,,God,Love,,,,,,,,,,,,,,,,,,,
209,Quote,,Grace pours into empty hands.,Reflections - Saint Augustine,400,,,,,Grace,Humility,,,,,,,,,,,,,,,,,,,
210,Quote,,"Every blade of grass has its angel that bends over it and whispers, “Grow, grow.”",Talmud - Jewish Sages,500,,,,,Nature/Natural,Encouragement,,,,,,,,,,,,,,,,,,,
211,Quote,,Even a smile is charity.,Hadith - Prophet Muhammad,632,,,,,Kindness,Gesture,,,,,,,,,,,,,,,,,,,
212,Quote,,For those who believe and trust in God—He will make a way.,Quran 65:2 - Muhammad,632,,,,,God,Trust,,,,,,,,,,,,,,,,,,,
213,Quote,,God is closer to us than our own jugular vein.,Quran 50:16 - Muhammad,632,,,,,God,Nearness,,,,,,,,,,,,,,,,,,,
214,Quote,,The measure of love is to love without measure.,Sermons - Bernard of Clairvaux,1135,,,,,Love,Measurelessness,,,,,,,,,,,,,,,,,,,
215,Quote,,You must accept the truth from whatever source it comes.,Mishneh Torah - Moses Maimonides,1180,,,,,Acceptance,Wisdom,,,,,,,,,,,,,,,,,,,
216,Quote,,"When the heart weeps for what it has lost, the spirit laughs for what it has found.",Reflections - Sufi Proverb,1200,,,,,Suffering,Spirit,,,,,,,,,,,,,,,,,,,
217,Quote,,I searched for God and found only myself. I searched for myself and found only God.,Reflections - Sufi Proverb,1200,,,,,God,Self,,,,,,,,,,,,,,,,,,,
218,Quote,,Each soul is a spark of the Divine.,Reflections - Jewish Mysticism,1200,,,,,God,Soul,,,,,,,,,,,,,,,,,,,
219,Quote,,Love’s most eloquent language is wordless.,Reflections - Rumi,1240,,,,,Affection,Presence,,,,,,,,,,,,,,,,,,,
220,Quote,,Every kiss writes a new line in the poem of trust.,Reflections - Rumi,1240,,,,,Affection,Intimacy,,,,,,,,,,,,,,,,,,,
221,Quote,,"The soul becomes whole through love, not through knowledge.",Reflections - Hadewijch of Antwerp,1250,,,,,Spirit/Soul,Wholeness,,,,,,,,,,,,,,,,,,,
222,Quote,,The soul has been given its own ears to hear things the mind does not understand.,Reflections - Rumi,1250,,,,,God,Soul,,,,,,,,,,,,,,,,,,,
223,Quote,,"Silence is the language of God, all else is poor translation.",Reflections - Rumi,1250,,,,,God,Silence,,,,,,,,,,,,,,,,,,,
224,Quote,,"When grace enters, there is no choice—it changes us.",Reflections - Rumi,1250,,,,,Grace,Transformation,,,,,,,,,,,,,,,,,,,
225,Quote,,The simple act of holding hands is a silent poem.,Reflections - Rumi (paraphrased),1250,,,,,Affection,Connection,,,,,,,,,,,,,,,,,,,
226,Quote,,The softest gestures often break the hardest walls.,Reflections - Rumi (paraphrased),1250,,,,,Affection,Breakthrough,,,,,,,,,,,,,,,,,,,
227,Quote,,"If light is in your heart, you will find your way home.",Reflections - Rumi,1250,,,,,Light,Direction,,,,,,,,,,,,,,,,,,,
228,Quote,,"Your task is not to seek for love, but merely to seek and find all the barriers within yourself that you have built against it.",Masnavi - Rumi,1258,,,,,Self-Awareness,Inner Blocks,,,,,,,,,,,,,,,,,,,
229,Quote,,The wound is the place where the Light enters you.,Masnavi - Rumi,1258,,,,,Healing,Spiritual Entry,,,,,,,,,,,,,,,,,,,
230,Quote,,Out beyond ideas of wrongdoing and rightdoing there is a field. I’ll meet you there.,Masnavi - Rumi,1258,,,,,Unity,Non-Dualism,,,,,,,,,,,,,,,,,,,
231,Quote,,You are not a drop in the ocean. You are the entire ocean in a drop.,Masnavi - Rumi,1258,,,,,Spirit,Infinity,,,,,,,,,,,,,,,,,,,
232,Quote,,"The moment you accept what troubles you've been given, the door will open.",Reflections - Rumi,1258,,,,,Acceptance,Opportunity,,,,,,,,,,,,,,,,,,,
233,Quote,,"When the soul lies down in that grass, the world is too full to talk about.",Masnavi - Rumi,1258,,,,,Union,Silence,,,,,,,,,,,,,,,,,,,
234,Quote,,"If you are irritated by every rub, how will your mirror be polished?",Masnavi - Rumi,1258,,,,,Suffering,Refinement,,,,,,,,,,,,,,,,,,,
235,Quote,,Love is the whole thing. We are only pieces.,Divan of Shams - Rumi,1260,,,,,Love,Wholeness,,,,,,,,,,,,,,,,,,,
236,Quote,,Love is the bridge between you and everything.,Divan of Shams - Rumi,1260,,,,,Love,Connection,,,,,,,,,,,,,,,,,,,
237,Quote,,Let yourself be silently drawn by the strange pull of what you really love. It will not lead you astray.,Divan of Shams - Rumi,1260,,,,,Love,Desire,,,,,,,,,,,,,,,,,,,
238,Quote,,Only from the heart can you touch the sky.,Divan of Shams - Rumi,1260,,,,,Love,Elevation,,,,,,,,,,,,,,,,,,,
239,Quote,,Gratitude is the wine for the soul. Go on. Get drunk.,Divan of Shams - Rumi,1260,,,,,Gratitude,Delight,,,,,,,,,,,,,,,,,,,
240,Quote,,"Be grateful for whoever comes, because each has been sent as a guide from beyond.",The Guest House - Rumi,1260,,,,,Gratitude,Learning,,,,,,,,,,,,,,,,,,,
241,Quote,,"The moment you accept what troubles you’ve been given, the door will open.",Divan of Shams - Rumi,1260,,,,,Acceptance,Suffering,,,,,,,,,,,,,,,,,,,
242,Quote,,The wound is the place where the light enters you.,Divan of Shams - Rumi,1260,,,,,Acceptance,Healing,,,,,,,,,,,,,,,,,,,
243,Quote,,You are not a drop in the ocean. You are the entire ocean in a drop.,Divan of Shams - Rumi,1260,,,,,Acceptance,Identity,,,,,,,,,,,,,,,,,,,
244,Quote,,Don't grieve. Anything you lose comes round in another form.,Divan of Shams - Rumi,1260,,,,,Acceptance,Loss,,,,,,,,,,,,,,,,,,,
245,Quote,,The wound is where the light enters you.,Divan of Shams - Rumi,1260,,,,,Acceptance,Healing,,,,,,,,,,,,,,,,,,,
246,Quote,,You are not a drop in the ocean. You are the entire ocean in a drop.,Divan of Shams - Rumi,1260,,,,,Ego/Self,Unity,,,,,,,,,,,,,,,,,,,
247,Quote,,The ego is a veil between humans and God.,Teachings - Rumi,1260,,,,,Ego/Self,Spiritual Obstacle,,,,,,,,,,,,,,,,,,,
248,Quote,,"I have been a seeker and I still am, but I stopped asking the books and the stars. I started listening to the teaching of my Soul.",Reflections - Rumi,1260,,,,,Ego/Self,Inner Voice,,,,,,,,,,,,,,,,,,,
249,Quote,,The ego is a veil between humans and their true nature.,Discourses - Rumi,1260,,,,,Ego/Self,Veil,,,,,,,,,,,,,,,,,,,
250,Quote,,The body is a garment. The soul is the being.,Teachings - Rumi,1260,,,,,Spirit/Soul,Essence,,,,,,,,,,,,,,,,,,,
251,Quote,,"You were born with wings, why prefer to crawl through life?",Divan of Shams - Rumi,1260,,,,,Spirit/Soul,Potential,,,,,,,,,,,,,,,,,,,
252,Quote,,"My soul is from elsewhere, I'm sure of that, and I intend to end up there.",Reflections - Rumi,1260,,,,,Spirit/Soul,Origin,,,,,,,,,,,,,,,,,,,
253,Quote,,"Wherever you stand, be the soul of that place.",Reflections - Rumi,1260,,,,,Spirit/Soul,Presence,,,,,,,,,,,,,,,,,,,
254,Quote,,"There is a candle in your heart, ready to be kindled.",Teachings - Rumi,1260,,,,,Spirit/Soul,Light,,,,,,,,,,,,,,,,,,,
255,Quote,,"The soul, like the moon, is new, and always new again.",Divan of Shams - Rumi,1260,,,,,Spirit/Soul,Renewal,,,,,,,,,,,,,,,,,,,
256,Quote,,The wound is the place where the Light enters you.,Divan of Shams - Rumi,1260,,,,,Spirit/Soul,Transformation,,,,,,,,,,,,,,,,,,,
257,Quote,,"When you do things from your soul, you feel a river moving in you, a joy.",Divan of Shams - Rumi,1260,,,,,Spirit/Soul,Flow,,,,,,,,,,,,,,,,,,,
258,Quote,,Sometimes you hear a voice through the door calling you… This turning toward what you deeply love saves you.,Divan of Shams - Rumi,1260,,,,,Spirit/Soul,Calling,,,,,,,,,,,,,,,,,,,
259,Quote,,"My soul is my guide, for my soul knows the way.",Reflections - Rumi,1260,,,,,Spirit/Soul,Guidance,,,,,,,,,,,,,,,,,,,
260,Quote,,"In one soul, in your soul, there are a thousand possibilities.",Reflections - Rumi,1260,,,,,Spirit/Soul,Possibility,,,,,,,,,,,,,,,,,,,
261,Quote,,The breeze at dawn has secrets to tell you. Don’t go back to sleep.,Divan of Shams - Rumi,1260,,,,,Nature/Natural,Awakening,,,,,,,,,,,,,,,,,,,
262,Quote,,The fire you kindle for your enemy often burns you more than them. Kindle warmth for others instead.,Reflections - Rumi,1260,,,,,Togetherness,Forgiveness,,,,,,,,,,,,,,,,,,,
263,Quote,,Let the beauty we love be what we do. There are hundreds of ways to kneel and kiss the ground.,Masnavi - Rumi,1260,,,,,Devotion,Embodied Prayer,,,,,,,,,,,,,,,,,,,
264,Quote,,Love is the bridge between you and everything.,Masnavi - Rumi,1260,,,,,Connection,Love,,,,,,,,,,,,,,,,,,,
265,Quote,,"You were born with wings, why prefer to crawl through life?",Divan - Rumi,1270,,,,,God,Divine Potential,,,,,,,,,,,,,,,,,,,
266,Quote,,Laughter is the shortest distance between two souls.,Reflections - Thomas Aquinas (attributed),1270,,,,,Humor,Unity,,,,,,,,,,,,,,,,,,,
267,Quote,,"Your task is not to seek for love, but merely to seek and find all the barriers within yourself that you have built against it.",The Essential Rumi - Rumi,1273,,,,,Acceptance,Barriers,,,,,,,,,,,,,,,,,,,
268,Quote,,"Your task is not to seek for love, but merely to seek and find all the barriers within yourself that you have built against it.",The Essential Rumi - Rumi,1273,,,,,Ego/Self,Resistance,,,,,,,,,,,,,,,,,,,
269,Quote,,Love is the bridge between you and everything.,The Essential Rumi - Rumi,1273,,,,,Togetherness,Connection,,,,,,,,,,,,,,,,,,,
270,Quote,,The wound is the place where the Light enters you.,The Essential Rumi - Rumi,1273,,,,,Healing,Wounds,,,,,,,,,,,,,,,,,,,
271,Quote,,You are not a drop in the ocean. You are the entire ocean in a drop.,The Essential Rumi - Rumi,1273,,,,,Healing,Wholeness,,,,,,,,,,,,,,,,,,,
272,Quote,,The cure for pain is in the pain.,The Essential Rumi - Rumi,1273,,,,,Healing,Paradox,,,,,,,,,,,,,,,,,,,
273,Quote,,The wound is the place where the Light enters you.,The Essential Rumi - Rumi,1273,,,,,Suffering,Transformation,,,,,,,,,,,,,,,,,,,
274,Quote,,"What hurts you, blesses you. Darkness is your candle.",The Essential Rumi - Rumi,1273,,,,,Suffering,Paradox,,,,,,,,,,,,,,,,,,,
275,Quote,,The cure for pain is in the pain.,The Essential Rumi - Rumi,1273,,,,,Suffering,Cure,,,,,,,,,,,,,,,,,,,
276,Quote,,"Out beyond ideas of wrongdoing and rightdoing, there is a field. I’ll meet you there.",The Essential Rumi - Rumi,1273,,,,,Conflict,Transcendence,,,,,,,,,,,,,,,,,,,
277,Quote,,"Your task is not to seek for love, but merely to seek and find all the barriers within yourself that you have built against it.",The Essential Rumi - Rumi,1273,,,,,Conflict,Inner Barriers,,,,,,,,,,,,,,,,,,,
278,Quote,,"What hurts you, blesses you. Darkness is your candle.",The Essential Rumi - Rumi,1273,,,,,Conflict,Paradox,,,,,,,,,,,,,,,,,,,
279,Quote,,The wound is the place where the Light enters you.,The Essential Rumi - Rumi,1273,,,,,Conflict,Healing,,,,,,,,,,,,,,,,,,,
280,Quote,,Gratitude is a sacred duty owed to God and to people.,Summa Theologica - Thomas Aquinas,1274,,,,,Gratitude,Duty,,,,,,,,,,,,,,,,,,,
281,Quote,,The soul that loves God is never weary of praising Him.,Sermons - Thomas Aquinas,1274,,,,,Spirit/Soul,Devotion,,,,,,,,,,,,,,,,,,,
282,Quote,,Grace does not destroy nature but perfects it.,Summa Theologiae - Thomas Aquinas,1274,,,,,Grace,Nature,,,,,,,,,,,,,,,,,,,
283,Quote,,Hands can pray without words.,Reflections - Meister Eckhart,1300,,,,,Affection,Sacred Gesture,,,,,,,,,,,,,,,,,,,
284,Quote,,"If the only prayer you said in your whole life was ‘thank you,’ that would suffice.",Reflections - Meister Eckhart,1300,,,,,Gratitude,Simplicity,,,,,,,,,,,,,,,,,,,
285,Quote,,"God is not found in the soul by adding anything, but by subtracting.",Sermons - Meister Eckhart,1310,,,,,God,Detachment,,,,,,,,,,,,,,,,,,,
286,Quote,,"Endure, and keep yourself for days of happiness.",The Divine Comedy - Dante Alighieri,1320,,,,,Fortitude,Patience,,,,,,,,,,,,,,,,,,,
287,Quote,,Only through the loss of self can the soul truly be found.,Mystical Writings - Meister Eckhart,1320,,,,,Ego/Self,Detachment,,,,,,,,,,,,,,,,,,,
288,Quote,,The soul does not grow by addition but by subtraction.,Reflections - Meister Eckhart,1320,,,,,Spirit/Soul,Detachment,,,,,,,,,,,,,,,,,,,
289,Quote,,The eye through which I see God is the same eye through which God sees me.,Sermons - Meister Eckhart,1320,,,,,Spirit/Soul,Union,,,,,,,,,,,,,,,,,,,
290,Quote,,God is not found in the soul by adding anything but by a process of subtraction.,Sermons - Meister Eckhart,1320,,,,,Spirit/Soul,Surrender,,,,,,,,,,,,,,,,,,,
291,Quote,,There is no pain so great as the memory of joy in present grief.,Inferno - Dante Alighieri,1320,,,,,Suffering,Contrast,,,,,,,,,,,,,,,,,,,
292,Quote,,In God’s will is our peace.,Paradiso - Dante Alighieri,1320,,,,,God,Peace,,,,,,,,,,,,,,,,,,,
293,Quote,,Every creature is a word of God.,Reflections - Meister Eckhart,1320,,,,,God,Creation,,,,,,,,,,,,,,,,,,,
294,Quote,,Grace is the garment of heaven worn by the soul.,Reflections - Meister Eckhart,1320,,,,,Grace,Metaphor,,,,,,,,,,,,,,,,,,,
295,Quote,,In the middle of the journey of our life I found myself within a dark wood where the straight way was lost.,Inferno - Dante Alighieri,1320,,,,,Journey,Lostness,,,,,,,,,,,,,,,,,,,
296,Quote,,"Even after all this time, the sun never says to the earth, ‘You owe me.’",Reflections - Hafiz,1320,,,,,Love,Unconditional,,,,,,,,,,,,,,,,,,,
297,Quote,,Fear is the cheapest room in the house. I’d like to see you in better living conditions.,Reflections - Hafiz,1320,,,,,Fear,Courage,,,,,,,,,,,,,,,,,,,
298,Quote,,"I wish I could show you, when you are lonely or in darkness, the astonishing light of your own being.",Reflections - Hafiz,1320,,,,,Light,Self-Worth,,,,,,,,,,,,,,,,,,,
299,Quote,,Nature is the art of God.,Reflections - Dante Alighieri,1321,,,,,Nature/Natural,Divine Order,,,,,,,,,,,,,,,,,,,
300,Quote,,Grace is the music that the soul dances to when it knows it is loved.,Reflections - Hafiz,1350,,,,,Grace,Joy,,,,,,,,,,,,,,,,,,,
301,Quote,,The soul has its own path. Sometimes it leads us through thorns to find the rose.,Reflections - Hafiz,1370,,,,,Spirit/Soul,Journey,,,,,,,,,,,,,,,,,,,
302,Quote,,All that is not God is nothing.,The Cloud of Unknowing - Anonymous,1375,,,,,God,Detachment,,,,,,,,,,,,,,,,,,,
303,Quote,,"All is well, and all shall be well, and all manner of thing shall be well.",Revelations of Divine Love - Julian of Norwich,1395,,,,,Acceptance,Assurance,,,,,,,,,,,,,,,,,,,
304,Quote,,God is a circle whose center is everywhere and whose circumference is nowhere.,Reflections - Nicholas of Cusa,1440,,,,,God,Infinity,,,,,,,,,,,,,,,,,,,
305,Quote,,Simplicity is the ultimate sophistication.,Notebook - Leonardo da Vinci,1490,,,,,Ego/Self,Simplicity,,,,,,,,,,,,,,,,,,,
306,Quote,,"I have seen all souls as my soul, and realized my soul as the soul of all.",Songs of Kabir - Kabir,1490,,,,,Unity,Mysticism,,,,,,,,,,,,,,,,,,,
307,Quote,,Nature never breaks her own laws.,Reflections - Leonardo da Vinci,1505,,,,,Nature/Natural,Order,,,,,,,,,,,,,,,,,,,
308,Quote,,I saw the angel in the marble and carved until I set him free.,Reflections - Michelangelo,1520,,,,,Spirit/Soul,Discovery,,,,,,,,,,,,,,,,,,,
309,Quote,,"Without grace, the law condemns. With grace, the law is fulfilled.",Reflections - Martin Luther,1520,,,,,Grace,Law,,,,,,,,,,,,,,,,,,,
310,Quote,,"Give light, and the darkness will disappear of itself.",Reflections - Desiderius Erasmus,1526,,,,,Giving,Illumination,,,,,,,,,,,,,,,,,,,
311,Quote,,"Even if I knew that tomorrow the world would go to pieces, I would still plant my apple tree.",Quoted in Ethics - Martin Luther,1530,,,,,Acceptance,Hope,,,,,,,,,,,,,,,,,,,
312,Quote,,"Even if I knew that tomorrow the world would go to pieces, I would still plant my apple tree.",Sermons - Martin Luther,1530,,,,,Fortitude,Hope,,,,,,,,,,,,,,,,,,,
313,Quote,,The soul can do without everything except the Word of God.,Reflections - Martin Luther,1530,,,,,Spirit/Soul,Nourishment,,,,,,,,,,,,,,,,,,,
314,Quote,,"God writes the Gospel not in the Bible alone, but on trees and flowers and clouds and stars.",Reflections - Martin Luther,1530,,,,,God,Revelation,,,,,,,,,,,,,,,,,,,
315,Quote,,The true work of art is but a shadow of the divine perfection.,Reflections - Michelangelo,1537,,,,,Creativity,Divine,,,,,,,,,,,,,,,,,,,
316,Quote,,A man with God is always in the majority.,Reflections - John Knox,1550,,,,,God,Courage,,,,,,,,,,,,,,,,,,,
317,Quote,,We don’t need to think alike to love alike.,Reflections - Francis David,1568,,,,,Togetherness,Tolerance,,,,,,,,,,,,,,,,,,,
318,Quote,,"When I found God, I found myself.",Reflections - St. Teresa of Avila,1575,,,,,God,Self,,,,,,,,,,,,,,,,,,,
319,Quote,,"Love is a spiritual force that binds souls, not bodies.",The Interior Castle - Teresa of Ávila,1577,,,,,Love,Soul,,,,,,,,,,,,,,,,,,,
320,Quote,,The soul that walks in love neither tires others nor grows tired.,Reflections - St. John of the Cross,1577,,,,,Spirit/Soul,Love,,,,,,,,,,,,,,,,,,,
321,Quote,,What you do with your hands reveals what you carry in your heart.,Reflections - Saint Teresa of Avila,1577,,,,,Affection,Intention,,,,,,,,,,,,,,,,,,,
322,Quote,,An honest mind is content with its own truth.,Essays - Michel de Montaigne,1580,,,,,Honesty,Contentment,,,,,,,,,,,,,,,,,,,
323,Quote,,He who truly loves God asks for nothing but God.,Reflections - Saint John of the Cross,1585,,,,,God,Desire,,,,,,,,,,,,,,,,,,,
324,Quote,,To weep is to make less the depth of grief.,"King Henry VI, Part III - William Shakespeare",1591,,,,,Healing,Grief,,,,,,,,,,,,,,,,,,,
325,Quote,,"Love looks not with the eyes, but with the mind, and therefore is winged Cupid painted blind.",A Midsummer Night’s Dream - William Shakespeare,1595,,,,,Love,Perception,,,,,,,,,,,,,,,,,,,
326,Quote,,"The more I give to thee, the more I have, for both are infinite.",Romeo and Juliet - William Shakespeare,1597,,,,,Love,Abundance,,,,,,,,,,,,,,,,,,,
327,Quote,,"Honesty is the best policy. If I lose mine honor, I lose myself.",Reflections - William Shakespeare,1597,,,,,Truth,Honor,,,,,,,,,,,,,,,,,,,
328,Quote,,"The fool doth think he is wise, but the wise man knows himself to be a fool.",As You Like It - William Shakespeare,1599,,,,,Ego/Self,Wisdom,,,,,,,,,,,,,,,,,,,
329,Quote,,"To be honest, as this world goes, is to be one man picked out of ten thousand.",Hamlet - William Shakespeare,1600,,,,,Honesty,Rarity,,,,,,,,,,,,,,,,,,,
330,Quote,,To thine own self be true.,Hamlet - William Shakespeare,1600,,,,,Honesty,Self,,,,,,,,,,,,,,,,,,,
331,Quote,,"A single arrow is easily broken, but not ten in a bundle.",Mongolian Proverb - Unknown,1600,,,,,Togetherness,Strength,,,,,,,,,,,,,,,,,,,
332,Quote,,No road is long with good company.,Turkish Proverb - Unknown,1600,,,,,Togetherness,Companionship,,,,,,,,,,,,,,,,,,,
333,Quote,,"Fall down seven times, stand up eight.",Japanese Proverb - Unknown,1600,,,,,Recovery,Perseverance,,,,,,,,,,,,,,,,,,,
334,Quote,,"Love sought is good, but given unsought, is better.",Twelfth Night - William Shakespeare,1602,,,,,Love,Generosity,,,,,,,,,,,,,,,,,,,
335,Quote,,One touch of nature makes the whole world kin.,Troilus and Cressida - William Shakespeare,1602,,,,,Nature/Natural,Kinship,,,,,,,,,,,,,,,,,,,
336,Quote,,"To thine own self be true, and it must follow, as the night the day, thou canst not then be false to any man.",Hamlet - William Shakespeare,1603,,,,,Truth,Self,,,,,,,,,,,,,,,,,,,
337,Quote,,No legacy is so rich as honesty.,All's Well That Ends Well - William Shakespeare,1604,,,,,Honesty,Integrity,,,,,,,,,,,,,,,,,,,
338,Quote,,No legacy is so rich as honesty.,All’s Well That Ends Well - William Shakespeare,1604,,,,,Truth,Character,,,,,,,,,,,,,,,,,,,
339,Quote,,Ingratitude is monstrous.,King Lear - William Shakespeare,1606,,,,,Gratitude,Absence,,,,,,,,,,,,,,,,,,,
340,Quote,,Love is not love which alters when it alteration finds.,Sonnet 116 - William Shakespeare,1609,,,,,Love,Constancy,,,,,,,,,,,,,,,,,,,
341,Quote,,"Nothing is so strong as gentleness, and nothing so gentle as real strength.",Reflections - Saint Francis de Sales,1609,,,,,Kindness,Power,,,,,,,,,,,,,,,,,,,
342,Quote,,Tenderness is stronger than force.,Reflections - Saint Francis de Sales,1609,,,,,Affection,Strength,,,,,,,,,,,,,,,,,,,
343,Quote,,Grace enlarges the soul.,Reflections - Saint Francis de Sales,1610,,,,,Grace,Growth,,,,,,,,,,,,,,,,,,,
344,Quote,,We cannot command nature except by obeying her.,Novum Organum - Francis Bacon,1620,,,,,Nature/Natural,Obedience,,,,,,,,,,,,,,,,,,,
345,Quote,,The job of the artist is always to deepen the mystery.,Reflections - Francis Bacon,1620,,,,,Creativity,Mystery,,,,,,,,,,,,,,,,,,,
346,Quote,,"Truth is the daughter of time, not of authority.",Reflections - Francis Bacon,1620,,,,,Truth,Time,,,,,,,,,,,,,,,,,,,
347,Quote,,"No man is an island, entire of itself.",Devotions upon Emergent Occasions - John Donne,1624,,,,,Togetherness,Interdependence,,,,,,,,,,,,,,,,,,,
348,Quote,,Truth is the daughter of time.,Reflections - Francis Bacon,1625,,,,,Honesty,Patience,,,,,,,,,,,,,,,,,,,
349,Quote,,No pleasure is comparable to the standing upon the vantage ground of truth.,Reflections - Francis Bacon,1625,,,,,Truth,Perspective,,,,,,,,,,,,,,,,,,,
350,Quote,,There is more mercy in Christ than sin in us.,Reflections - Richard Sibbes,1630,,,,,Grace,Mercy,,,,,,,,,,,,,,,,,,,
351,Quote,,All truths are easy to understand once they are discovered; the point is to discover them.,Reflections - Galileo Galilei,1632,,,,,Truth,Discovery,,,,,,,,,,,,,,,,,,,
352,Quote,,"If you would be a real seeker after truth, it is necessary that at least once in your life you doubt, as far as possible, all things.",Meditations on First Philosophy - René Descartes,1641,,,,,Truth,Doubt,,,,,,,,,,,,,,,,,,,
353,Quote,,A single lie destroys a whole reputation for integrity.,Reflections - Baltasar Gracián,1647,,,,,Truth,Reputation,,,,,,,,,,,,,,,,,,,
354,Quote,,"When love is not madness, it is not love.",Aphorisms - Pedro Calderón de la Barca,1650,,,,,Love,Madness,,,,,,,,,,,,,,,,,,,
355,Quote,,A single lie destroys a whole reputation for integrity.,Public Speeches - Baltasar Gracián,1650,,,,,Honesty,Reputation,,,,,,,,,,,,,,,,,,,
356,Quote,,The manner of giving is worth more than the gift.,Reflections - Pierre Corneille,1650,,,,,Giving,Generosity,,,,,,,,,,,,,,,,,,,
357,Quote,,"An honest man speaks the truth, though it may be against himself.",Sermons - Thomas Watson,1660,,,,,Honesty,Integrity,,,,,,,,,,,,,,,,,,,
358,Quote,,What is called generosity is usually only the vanity of giving.,Maxims - François de La Rochefoucauld,1665,,,,,Generosity,Critique,,,,,,,,,,,,,,,,,,,
359,Quote,,"It is not only what we do, but also what we do not do, for which we are accountable.",Reflections - Molière,1666,,,,,Truth,Responsibility,,,,,,,,,,,,,,,,,,,
360,Quote,,God is nearer to us than our own thoughts.,Reflections - Brother Lawrence,1666,,,,,God,Presence,,,,,,,,,,,,,,,,,,,
361,Quote,,The heart has its reasons which reason knows not.,Pensées - Blaise Pascal,1670,,,,,Love,Mystery,,,,,,,,,,,,,,,,,,,
362,Quote,,The greatest act of faith is when a man understands he is not God.,Pensées - Blaise Pascal,1670,,,,,Acceptance,Humility,,,,,,,,,,,,,,,,,,,
363,Quote,,"The greater the obstacle, the more glory in overcoming it.",Reflections - Molière,1670,,,,,Fortitude,Challenge,,,,,,,,,,,,,,,,,,,
364,Quote,,Nature is an infinite sphere of which the center is everywhere and the circumference nowhere.,Pensées - Blaise Pascal,1670,,,,,Nature/Natural,Infinity,,,,,,,,,,,,,,,,,,,
365,Quote,,The heart has its reasons which reason knows not of.,Pensées - Blaise Pascal,1670,,,,,Conflict,Emotion,,,,,,,,,,,,,,,,,,,
366,Quote,,Even truth needs to be clothed in beauty sometimes.,Reflections - Blaise Pascal,1670,,,,,Truth,Aesthetics,,,,,,,,,,,,,,,,,,,
367,Quote,,"I need God, not the God of the philosophers, but the God of Abraham, Isaac, and Jacob.",Pensées - Blaise Pascal,1670,,,,,God,Faith,,,,,,,,,,,,,,,,,,,
368,Quote,,Nature is full of infinite causes that have never occurred in experience.,Ethics - Baruch Spinoza,1677,,,,,Nature/Natural,Mystery,,,,,,,,,,,,,,,,,,,
369,Quote,,Nature is pleased with simplicity.,Principia Mathematica - Isaac Newton,1687,,,,,Nature/Natural,Simplicity,,,,,,,,,,,,,,,,,,,
370,Quote,,Out of difficulties grow miracles.,Reflections - Jean de La Bruyère,1688,,,,,Fortitude,Possibility,,,,,,,,,,,,,,,,,,,
371,Quote,,You have not lived today until you have done something for someone who can never repay you.,Reflections - John Bunyan,1688,,,,,Kindness,Altruism,,,,,,,,,,,,,,,,,,,
372,Quote,,"My barn having burned down, I can now see the moon.",Reflections - Mizuta Masahide,1688,,,,,Suffering,Clarity,,,,,,,,,,,,,,,,,,,
373,Quote,,"My barn having burned down, I can now see the moon.",Haiku - Mizuta Masahide,1688,,,,,Loss,Revelation,,,,,,,,,,,,,,,,,,,
374,Quote,,Shared joy is a double joy; shared sorrow is half a sorrow.,Swedish Proverb - Unknown,1700,,,,,Togetherness,Empathy,,,,,,,,,,,,,,,,,,,
375,Quote,,Gratitude is the heart’s memory.,Journal Writings - French Proverb,1700,,,,,Gratitude,Heart,,,,,,,,,,,,,,,,,,,
376,Quote,,It is in the shelter of each other that people live.,Irish Proverb - Unknown,1700,,,,,Togetherness,Shelter,,,,,,,,,,,,,,,,,,,
377,Quote,,There is no pillow so soft as a clear conscience.,Reflections - French Proverb,1700,,,,,Truth,Conscience,,,,,,,,,,,,,,,,,,,
378,Quote,,"The soul is placed in the body like a rough diamond, and must be polished.",Reflections - Daniel Defoe,1720,,,,,Spirit/Soul,Refinement,,,,,,,,,,,,,,,,,,,
379,Quote,,"Gratitude is a duty which ought to be paid, but which none have a right to expect.",Rambler Essays - Samuel Johnson,1750,,,,,Gratitude,Obligation,,,,,,,,,,,,,,,,,,,
380,Quote,,Energy and persistence conquer all things.,Letter - Benjamin Franklin,1750,,,,,Fortitude,Persistence,,,,,,,,,,,,,,,,,,,
381,Quote,,A man wrapped up in himself makes a very small bundle.,Reflections - Benjamin Franklin,1750,,,,,Ego/Self,Self-Centeredness,,,,,,,,,,,,,,,,,,,
382,Quote,,"Anger is never without a reason, but seldom with a good one.",Reflections - Benjamin Franklin,1750,,,,,Conflict,Reason,,,,,,,,,,,,,,,,,,,
383,Quote,,Half a truth is often a great lie.,Reflections - Benjamin Franklin,1755,,,,,Truth,Omission,,,,,,,,,,,,,,,,,,,
384,Quote,,Writing is the painting of the voice.,Reflections - Voltaire,1756,,,,,Creativity,Writing,,,,,,,,,,,,,,,,,,,
385,Quote,,Truth is the torch that gleams through the fog without dispelling it.,Reflections - Claude Adrien Helvétius,1758,,,,,Honesty,Clarity,,,,,,,,,,,,,,,,,,,
386,Quote,,Love is a canvas furnished by nature and embroidered by imagination.,Letter to Countess d’Houdetot - Voltaire,1759,,,,,Love,Imagination,,,,,,,,,,,,,,,,,,,
387,Quote,,Great works are performed not by strength but by perseverance.,Reflections - Samuel Johnson,1759,,,,,Fortitude,Effort,,,,,,,,,,,,,,,,,,,
388,Quote,,Originality is nothing but judicious imitation.,Reflections - Voltaire,1759,,,,,Creativity,Influence,,,,,,,,,,,,,,,,,,,
389,Quote,,Appreciation is a wonderful thing. It makes what is excellent in others belong to us as well.,Philosophical Dictionary - Voltaire,1764,,,,,Gratitude,Appreciation,,,,,,,,,,,,,,,,,,,
390,Quote,,"Never despair. But if you do, work on in despair.",Journal - Edmund Burke,1770,,,,,Fortitude,Despair,,,,,,,,,,,,,,,,,,,
391,Quote,,"The harder the conflict, the greater the triumph.",Reflections - George Washington,1776,,,,,Fortitude,Victory,,,,,,,,,,,,,,,,,,,
392,Quote,,"Kindness is in our power, even when fondness is not.",Letters - Samuel Johnson,1776,,,,,Kindness,Choice,,,,,,,,,,,,,,,,,,,
393,Quote,,"The harder the conflict, the more glorious the triumph.",The American Crisis - Thomas Paine,1776,,,,,Suffering,Struggle,,,,,,,,,,,,,,,,,,,
394,Quote,,Amazing grace! How sweet the sound that saved a wretch like me.,Hymn - John Newton,1779,,,,,Grace,Salvation,,,,,,,,,,,,,,,,,,,
395,Quote,,Nature never deceives us; it is always we who deceive ourselves.,Confessions - Jean-Jacques Rousseau,1782,,,,,Nature/Natural,Perception,,,,,,,,,,,,,,,,,,,
396,Quote,,"He who permits himself to tell a lie once, finds it much easier to do it a second and third time.",Letter to Peter Carr - Thomas Jefferson,1785,,,,,Honesty,Habit,,,,,,,,,,,,,,,,,,,
397,Quote,,"He who permits himself to tell a lie once, finds it much easier to do it a second time.",Reflections - Thomas Jefferson,1785,,,,,Truth,Habit,,,,,,,,,,,,,,,,,,,
398,Quote,,We are shaped and fashioned by what we love.,Letters - Johann Wolfgang von Goethe,1790,,,,,Love,Influence,,,,,,,,,,,,,,,,,,,
399,Quote,,He who dares not offend cannot be honest.,A Defense of Poetry - Thomas Paine,1791,,,,,Honesty,Boldness,,,,,,,,,,,,,,,,,,,
400,Quote,,There is no wisdom without honesty.,Proverbs of Hell - William Blake,1793,,,,,Honesty,Wisdom,,,,,,,,,,,,,,,,,,,
401,Quote,,It is better to offer no excuse than a bad one.,Reflections - George Washington,1793,,,,,Truth,Responsibility,,,,,,,,,,,,,,,,,,,
402,Quote,,Gratitude is the memory of the heart.,Letters - Jean-Baptiste Massieu,1800,,,,,Gratitude,Memory,,,,,,,,,,,,,,,,,,,
403,Quote,,The best mirror is an old friend.,Spanish Proverb - Unknown,1800,,,,,Togetherness,Reflection,,,,,,,,,,,,,,,,,,,
404,Quote,,The soul would have no rainbow if the eyes had no tears.,Reflections - Native American Proverb,1800,,,,,Suffering,Insight,,,,,,,,,,,,,,,,,,,
405,Quote,,Better to be slapped with the truth than kissed with a lie.,Reflections - Russian Proverb,1800,,,,,Truth,Honesty,,,,,,,,,,,,,,,,,,,
406,Quote,,An honest enemy is better than a false friend.,Reflections - German Proverb,1800,,,,,Truth,Loyalty,,,,,,,,,,,,,,,,,,,
407,Quote,,He who tells the truth must have one foot in the stirrup.,Reflections - Armenian Proverb,1800,,,,,Truth,Consequence,,,,,,,,,,,,,,,,,,,
408,Quote,,The thankful receiver bears a plentiful harvest.,Journals - William Blake,1803,,,,,Gratitude,Reward,,,,,,,,,,,,,,,,,,,
409,Quote,,To see a world in a grain of sand and a heaven in a wild flower.,Auguries of Innocence - William Blake,1803,,,,,Nature/Natural,Microcosm,,,,,,,,,,,,,,,,,,,
410,Quote,,"The world is full of wonders, but man shuts them from himself with doors of his own making.",Jerusalem - William Blake,1804,,,,,Nature/Natural,Awareness,,,,,,,,,,,,,,,,,,,
411,Quote,,Gratitude is heaven itself.,Christian Mysticism - William Blake,1805,,,,,Gratitude,Bliss,,,,,,,,,,,,,,,,,,,
412,Quote,,"What is uttered from the heart alone, will win the hearts of others to your own.",Letter to a Friend - Johann Wolfgang von Goethe,1806,,,,,Honesty,Authenticity,,,,,,,,,,,,,,,,,,,
413,Quote,,What is uttered from the heart alone will win the hearts of others to your own.,Letters - Johann Wolfgang von Goethe,1806,,,,,Spirit/Soul,Heart,,,,,,,,,,,,,,,,,,,
414,Quote,,Love and desire are the spirit’s wings to great deeds.,Notebook - Johann Wolfgang von Goethe,1810,,,,,Love,Inspiration,,,,,,,,,,,,,,,,,,,
415,Quote,,"Truth is a torch but a huge one, and so hard to hold while trying not to burn oneself.",Reflections - Goethe,1810,,,,,Truth,Burden,,,,,,,,,,,,,,,,,,,
416,Quote,,"What the heart feels, the hand expresses.",Reflections - Johann Wolfgang von Goethe,1810,,,,,Affection,Expression,,,,,,,,,,,,,,,,,,,
417,Quote,,We do not suffer by accident.,Reflections - Jane Austen,1811,,,,,Suffering,Fate,,,,,,,,,,,,,,,,,,,
418,Quote,,There is no charm equal to tenderness of heart.,Sense and Sensibility - Jane Austen,1811,,,,,Affection,Tenderness,,,,,,,,,,,,,,,,,,,
419,Quote,,Victory belongs to the most persevering.,Notebook - Napoleon Bonaparte,1812,,,,,Fortitude,Tenacity,,,,,,,,,,,,,,,,,,,
420,Quote,,The soul that sees beauty may sometimes walk alone.,Reflections - Johann Wolfgang von Goethe,1812,,,,,Spirit/Soul,Vision,,,,,,,,,,,,,,,,,,,
421,Quote,,There is pleasure in the pathless woods.,Childe Harold's Pilgrimage - Lord Byron,1812,,,,,Nature/Natural,Solitude,,,,,,,,,,,,,,,,,,,
422,Quote,,The dew of compassion is a tear.,Reflections - Lord Byron,1812,,,,,Nature/Natural,Emotion,,,,,,,,,,,,,,,,,,,
423,Quote,,There is no instinct like that of the heart.,A Woman’s Thoughts - George Gordon Byron,1813,,,,,Love,Instinct,,,,,,,,,,,,,,,,,,,
424,Quote,,To sit in the shade on a fine day and look upon verdure is the most perfect refreshment.,Mansfield Park - Jane Austen,1814,,,,,Nature/Natural,Peace,,,,,,,,,,,,,,,,,,,
425,Quote,,The poetry of earth is never dead.,On the Grasshopper and Cricket - John Keats,1816,,,,,Nature/Natural,Continuity,,,,,,,,,,,,,,,,,,,
426,Quote,,The art of life is the art of avoiding pain.,Reflections - Thomas Jefferson,1816,,,,,Suffering,Avoidance,,,,,,,,,,,,,,,,,,,
427,Quote,,"A soul without reflection, like a pile without inhabitant, to me seems dead and vacant.",Reflections - Mary Shelley,1818,,,,,Spirit/Soul,Awareness,,,,,,,,,,,,,,,,,,,
428,Quote,,Touch has a memory.,Endymion - John Keats,1818,,,,,Affection,Touch,,,,,,,,,,,,,,,,,,,
429,Quote,,Honesty is the first chapter in the book of wisdom.,Letter to Nathaniel Macon - Thomas Jefferson,1819,,,,,Honesty,Wisdom,,,,,,,,,,,,,,,,,,,
430,Quote,,Honesty is the first chapter in the book of wisdom.,Reflections - Thomas Jefferson,1819,,,,,Truth,Honesty,,,,,,,,,,,,,,,,,,,
431,Quote,,"Prayer is the soul’s sincere desire, uttered or unexpressed.",Hymns - James Montgomery,1825,,,,,Spirit/Soul,Prayer,,,,,,,,,,,,,,,,,,,
432,Quote,,"Every truth passes through three stages: ridicule, opposition, then acceptance.",Reflections - Arthur Schopenhauer,1830,,,,,Honesty,Process,,,,,,,,,,,,,,,,,,,
433,Quote,,Each moment of the year has its own beauty.,Reflections - Ralph Waldo Emerson,1837,,,,,Nature/Natural,Time,,,,,,,,,,,,,,,,,,,
434,Quote,,"The more one judges, the less one loves.",Letters - Honore de Balzac,1841,,,,,Love,Judgment,,,,,,,,,,,,,,,,,,,
435,Quote,,What lies behind us and what lies before us are tiny matters compared to what lies within us.,Personal Essays - Ralph Waldo Emerson,1841,,,,,Acceptance,Inner Self,,,,,,,,,,,,,,,,,,,
436,Quote,,The highest compact we can make with our fellow is—Let there be truth between us two forevermore.,Essays - Ralph Waldo Emerson,1841,,,,,Honesty,Agreement,,,,,,,,,,,,,,,,,,,
437,Quote,,To be yourself in a world that is constantly trying to make you something else is the greatest accomplishment.,Essays - Ralph Waldo Emerson,1841,,,,,Ego/Self,Authenticity,,,,,,,,,,,,,,,,,,,
438,Quote,,What lies behind us and what lies before us are tiny matters compared to what lies within us.,Reflections - Ralph Waldo Emerson,1841,,,,,Spirit/Soul,Inner Depth,,,,,,,,,,,,,,,,,,,
439,Quote,,The whole of nature is a metaphor of the human mind.,Essays - Ralph Waldo Emerson,1841,,,,,Nature/Natural,Symbolism,,,,,,,,,,,,,,,,,,,
440,Quote,,Nature is an endless combination and repetition of a very few laws.,Reflections - Ralph Waldo Emerson,1841,,,,,Nature/Natural,Pattern,,,,,,,,,,,,,,,,,,,
441,Quote,,Every artist was first an amateur.,Essays - Ralph Waldo Emerson,1841,,,,,Creativity,Growth,,,,,,,,,,,,,,,,,,,
442,Quote,,The highest revelation is that God is in every man.,Reflections - Ralph Waldo Emerson,1841,,,,,God,Revelation,,,,,,,,,,,,,,,,,,,
443,Quote,,"True love is eternal, infinite, and always like itself.",Selected Letters - Honore de Balzac,1842,,,,,Love,Eternity,,,,,,,,,,,,,,,,,,,
444,Quote,,"It is not length of life, but depth of life.",Essays - Ralph Waldo Emerson,1842,,,,,Spirit/Soul,Depth,,,,,,,,,,,,,,,,,,,
445,Quote,,"To love for the sake of being loved is human, but to love for the sake of loving is angelic.",Meditations on Love - Alphonse de Lamartine,1843,,,,,Love,Intention,,,,,,,,,,,,,,,,,,,
446,Quote,,The only gift is a portion of thyself.,Essays - Ralph Waldo Emerson,1844,,,,,Giving,Authenticity,,,,,,,,,,,,,,,,,,,
447,Quote,,Nature always wears the colors of the spirit.,Essays - Ralph Waldo Emerson,1844,,,,,Nature/Natural,Reflection,,,,,,,,,,,,,,,,,,,
448,Quote,,The sky is the daily bread of the eyes.,Reflections - Ralph Waldo Emerson,1844,,,,,Nature/Natural,Vision,,,,,,,,,,,,,,,,,,,
449,Quote,,The only antidote to mental suffering is physical pain.,Reflections - Karl Marx,1844,,,,,Suffering,Paradox,,,,,,,,,,,,,,,,,,,
450,Quote,,Faith sees best in the dark.,Reflections - Søren Kierkegaard,1844,,,,,God,Darkness,,,,,,,,,,,,,,,,,,,
451,Quote,,Adopt the pace of nature: her secret is patience.,Reflections - Ralph Waldo Emerson,1847,,,,,Nature/Natural,Patience,,,,,,,,,,,,,,,,,,,
452,Quote,,Every sunset brings the promise of a new dawn.,Reflections - Ralph Waldo Emerson,1847,,,,,Nature/Natural,Renewal,,,,,,,,,,,,,,,,,,,
453,Quote,,"The function of prayer is not to influence God, but rather to change the nature of the one who prays.",Works of Love - Søren Kierkegaard,1847,,,,,God,Prayer,,,,,,,,,,,,,,,,,,,
454,Quote,,There is no remedy for love but to love more.,Letter to Victor Hugo - Henry David Thoreau,1848,,,,,Love,Devotion,,,,,,,,,,,,,,,,,,,
455,Quote,,The gift without the giver is bare.,Poems - James Russell Lowell,1848,,,,,Giving,Intent,,,,,,,,,,,,,,,,,,,
456,Quote,,We loved with a love that was more than love.,Annabel Lee - Edgar Allan Poe,1849,,,,,Love,Passion,,,,,,,,,,,,,,,,,,,
457,Quote,,The most common form of despair is not being who you are.,The Sickness Unto Death - Søren Kierkegaard,1849,,,,,Ego/Self,Despair,,,,,,,,,,,,,,,,,,,
458,Quote,,"To understand someone else, you must first understand yourself.",Reflections - Søren Kierkegaard,1849,,,,,Conflict,Self-Knowledge,,,,,,,,,,,,,,,,,,,
459,Quote,,We are all born for love. It is the principle of existence and its only end.,Sermons - Benjamin Disraeli,1850,,,,,Love,Purpose,,,,,,,,,,,,,,,,,,,
460,Quote,,"Cultivate the habit of being grateful for every good thing that comes to you, and to give thanks continuously.",Letters to a Young Poet - Ralph Waldo Emerson,1850,,,,,Gratitude,Practice,,,,,,,,,,,,,,,,,,,
461,Quote,,There is no education like adversity.,Reflections - Disraeli,1850,,,,,Fortitude,Learning,,,,,,,,,,,,,,,,,,,
462,Quote,,What we do for ourselves dies with us. What we do for others and the world remains and is immortal.,Reflections - Albert Pine,1850,,,,,Giving,Legacy,,,,,,,,,,,,,,,,,,,
463,Quote,,"You cannot do a kindness too soon, for you never know how soon it will be too late.",Journal - Ralph Waldo Emerson,1850,,,,,Kindness,Urgency,,,,,,,,,,,,,,,,,,,
464,Quote,,"The best portion of a good man's life is his little, nameless, unremembered acts of kindness and love.",The Prelude - William Wordsworth,1850,,,,,Kindness,Legacy,,,,,,,,,,,,,,,,,,,
465,Quote,,Generosity is the flower of justice.,Reflections - Nathaniel Hawthorne,1850,,,,,Generosity,Justice,,,,,,,,,,,,,,,,,,,
466,Quote,,"If you want to go fast, go alone. If you want to go far, go together.",African Proverb - Unknown,1850,,,,,Togetherness,Endurance,,,,,,,,,,,,,,,,,,,
467,Quote,,What lies behind us and what lies before us are tiny matters compared to what lies within us.,Reflections - Ralph Waldo Emerson,1850,,,,,Healing,Inner Strength,,,,,,,,,,,,,,,,,,,
468,Quote,,We boil at different degrees.,Reflections - Ralph Waldo Emerson,1850,,,,,Conflict,Temperament,,,,,,,,,,,,,,,,,,,
469,Quote,,What you do speaks so loudly that I cannot hear what you say.,Reflections - Ralph Waldo Emerson,1850,,,,,Truth,Action,,,,,,,,,,,,,,,,,,,
470,Quote,,There is nothing so powerful as truth—and often nothing so strange.,Reflections - Daniel Webster,1850,,,,,Truth,Power,,,,,,,,,,,,,,,,,,,
471,Quote,,Joy is not in things; it is in us.,Reflections - Richard Wagner,1850,,,,,Joy,Source,,,,,,,,,,,,,,,,,,,
472,Quote,,Truth is powerful and it prevails.,Speeches - Sojourner Truth,1851,,,,,Honesty,Power,,,,,,,,,,,,,,,,,,,
473,Quote,,"It’s not what you look at that matters, it’s what you see.",Reflections - Henry David Thoreau,1851,,,,,Healing,Perspective,,,,,,,,,,,,,,,,,,,
474,Quote,,"There is only one happiness in this life, to love and be loved.",Personal Writings - George Sand,1852,,,,,Love,Reciprocity,,,,,,,,,,,,,,,,,,,
475,Quote,,Endurance is patience concentrated.,Aphorisms - Thomas Carlyle,1852,,,,,Fortitude,Concentration,,,,,,,,,,,,,,,,,,,
476,Quote,,The only way to tell the truth is to speak with kindness. Only the words of a loving man can be heard.,Reflections - Henry David Thoreau,1852,,,,,Truth,Kindness,,,,,,,,,,,,,,,,,,,
477,Quote,,Thankfulness is the beginning of gratitude. Gratitude is the completion of thankfulness.,On Thankfulness - Henri Frédéric Amiel,1854,,,,,Gratitude,Process,,,,,,,,,,,,,,,,,,,
478,Quote,,The soul has illusions as the bird has wings: it is supported by them.,Reflections - Victor Hugo,1854,,,,,Spirit/Soul,Dreams,,,,,,,,,,,,,,,,,,,
479,Quote,,"You must live in the present, launch yourself on every wave, find your eternity in each moment.",Journal - Henry David Thoreau,1854,,,,,Spirit/Soul,Presence,,,,,,,,,,,,,,,,,,,
480,Quote,,Heaven is under our feet as well as over our heads.,Walden - Henry David Thoreau,1854,,,,,Nature/Natural,Earth,,,,,,,,,,,,,,,,,,,
481,Quote,,All good things are wild and free.,Walden - Henry David Thoreau,1854,,,,,Nature/Natural,Freedom,,,,,,,,,,,,,,,,,,,
482,Quote,,Every flower is a soul blossoming in nature.,Reflections - Gérard de Nerval,1854,,,,,Nature/Natural,Expression,,,,,,,,,,,,,,,,,,,
483,Quote,,"Rather than love, than money, than fame, give me truth.",Walden - Henry David Thoreau,1854,,,,,Truth,Priority,,,,,,,,,,,,,,,,,,,
484,Quote,,The price of anything is the amount of life you exchange for it.,Walden - Henry David Thoreau,1854,,,,,Value,Tradeoff,,,,,,,,,,,,,,,,,,,
485,Quote,,"I do not ask the wounded person how he feels, I myself become the wounded person.",Song of Myself - Walt Whitman,1855,,,,,Acceptance,Empathy,,,,,,,,,,,,,,,,,,,
486,Quote,,Let your soul stand cool and composed before a million universes.,Leaves of Grass - Walt Whitman,1855,,,,,Spirit/Soul,Poise,,,,,,,,,,,,,,,,,,,
487,Quote,,A morning-glory at my window satisfies me more than the metaphysics of books.,Leaves of Grass - Walt Whitman,1855,,,,,Nature/Natural,Simplicity,,,,,,,,,,,,,,,,,,,
488,Quote,,"We can complain because rose bushes have thorns, or rejoice because thorns have roses.",Reflections - Alphonse Karr,1855,,,,,Nature/Natural,Perspective,,,,,,,,,,,,,,,,,,,
489,Quote,,A lie can travel halfway around the world while the truth is still putting on its shoes.,Reflections - Charles Spurgeon,1855,,,,,Truth,Deception,,,,,,,,,,,,,,,,,,,
490,Quote,,In the faces of men and women I see God.,Leaves of Grass - Walt Whitman,1855,,,,,God,Humanity,,,,,,,,,,,,,,,,,,,
491,Quote,,A good laugh is sunshine in the house.,Reflections - William Thackeray,1855,,,,,Humor,Home,,,,,,,,,,,,,,,,,,,
492,Quote,,"Nature is painting for us, day after day, pictures of infinite beauty.",Reflections - John Ruskin,1856,,,,,Nature/Natural,Beauty,,,,,,,,,,,,,,,,,,,
493,Quote,,Love is the master key that opens the gates of happiness.,Personal Reflections - Oliver Wendell Holmes Sr.,1858,,,,,Love,Joy,,,,,,,,,,,,,,,,,,,
494,Quote,,No man has a good enough memory to be a successful liar.,Speech - Abraham Lincoln,1858,,,,,Honesty,Memory,,,,,,,,,,,,,,,,,,,
495,Quote,,Through perseverance many people win success out of what seemed destined to be certain failure.,Essays - Benjamin Disraeli,1858,,,,,Fortitude,Triumph,,,,,,,,,,,,,,,,,,,
496,Quote,,"Give what you have. To someone, it may be better than you dare to think.",Essays - Henry Wadsworth Longfellow,1859,,,,,Generosity,Impact,,,,,,,,,,,,,,,,,,,
497,Quote,,To ease another’s heartache is to forget one’s own.,Reflections - Abraham Lincoln,1859,,,,,Kindness,Comfort,,,,,,,,,,,,,,,,,,,
498,Quote,,"The unthankful heart discovers no mercies; but the thankful heart will find, in every hour, some heavenly blessings.",Sermons - Henry Ward Beecher,1860,,,,,Gratitude,Awareness,,,,,,,,,,,,,,,,,,,
499,Quote,,I’m not concerned that you have fallen—I’m concerned that you arise.,Journal - Abraham Lincoln,1860,,,,,Fortitude,Failure,,,,,,,,,,,,,,,,,,,
500,Quote,,There’s nothing so strong or safe in an emergency of life as the simple truth.,Reflections - Charles Dickens,1860,,,,,Truth,Simplicity,,,,,,,,,,,,,,,,,,,
501,Quote,,"We are not enemies, but friends. We must not be enemies.",First Inaugural Address - Abraham Lincoln,1861,,,,,Conflict,Reconciliation,,,,,,,,,,,,,,,,,,,
502,Quote,,The supreme happiness of life is the conviction that we are loved.,Les Misérables - Victor Hugo,1862,,,,,Love,Happiness,,,,,,,,,,,,,,,,,,,
503,Quote,,To love another person is to see the face of God.,Les Misérables - Victor Hugo,1862,,,,,Love,Divine,,,,,,,,,,,,,,,,,,,
504,Quote,,Even the darkest night will end and the sun will rise.,Les Misérables - Victor Hugo,1862,,,,,Acceptance,Hope,,,,,,,,,,,,,,,,,,,
505,Quote,,In wildness is the preservation of the world.,Walking - Henry David Thoreau,1862,,,,,Nature/Natural,Wildness,,,,,,,,,,,,,,,,,,,
506,Quote,,Even the darkest night will end and the sun will rise.,Les Misérables - Victor Hugo,1862,,,,,Nature/Natural,Hope,,,,,,,,,,,,,,,,,,,
507,Quote,,Even the darkest night will end and the sun will rise.,Les Misérables - Victor Hugo,1862,,,,,Healing,Hope,,,,,,,,,,,,,,,,,,,
508,Quote,,Even the darkest night will end and the sun will rise.,Les Misérables - Victor Hugo,1862,,,,,Suffering,Hope,,,,,,,,,,,,,,,,,,,
509,Quote,,Even the darkest night will end and the sun will rise.,Les Misérables - Victor Hugo,1862,,,,,God,Hope,,,,,,,,,,,,,,,,,,,
510,Quote,,To love another person is to see the face of God.,Les Misérables - Victor Hugo,1862,,,,,God,Love,,,,,,,,,,,,,,,,,,,
511,Quote,,Gratitude is the fairest blossom which springs from the soul.,Notebook - Henry Ward Beecher,1864,,,,,Gratitude,Beauty,,,,,,,,,,,,,,,,,,,
512,Quote,,"You can fool some of the people all the time, and all the people some of the time, but you cannot fool all the people all the time.",Reflections - Abraham Lincoln,1864,,,,,Truth,Deception,,,,,,,,,,,,,,,,,,,
513,Quote,,"Gratitude is the completion of thankfulness, the act, not just the attitude.",Meditations - Henri Frédéric Amiel,1865,,,,,Gratitude,Completion,,,,,,,,,,,,,,,,,,,
514,Quote,,"Endurance is nobler than strength, and patience than beauty.",Reflections - John Ruskin,1865,,,,,Fortitude,Endurance,,,,,,,,,,,,,,,,,,,
515,Quote,,The greatest good you can do for another is not just to share your riches but to reveal to him his own.,Reflections - Benjamin Disraeli,1865,,,,,Generosity,Empowerment,,,,,,,,,,,,,,,,,,,
516,Quote,,No one is useless in this world who lightens the burdens of another.,Reflections - Charles Dickens,1865,,,,,Kindness,Service,,,,,,,,,,,,,,,,,,,
517,Quote,,"Grace is the mother and nurse of holiness, and leads to glory.",Reflections - Charles Spurgeon,1865,,,,,Grace,Holiness,,,,,,,,,,,,,,,,,,,
518,Quote,,"The darker the night, the brighter the stars, the deeper the grief, the closer is God!",Crime and Punishment - Fyodor Dostoevsky,1866,,,,,Suffering,Divinity,,,,,,,,,,,,,,,,,,,
519,Quote,,"The darker the night, the brighter the stars, the deeper the grief, the closer is God.",Crime and Punishment - Fyodor Dostoevsky,1866,,,,,God,Suffering,,,,,,,,,,,,,,,,,,,
520,Quote,,There is nothing so strong or safe in an emergency of life as the simple truth.,Notes from a Speech - Charles Dickens,1867,,,,,Honesty,Safety,,,,,,,,,,,,,,,,,,,
521,Quote,,Love is a great beautifier.,Little Women - Louisa May Alcott,1868,,,,,Love,Effect,,,,,,,,,,,,,,,,,,,
522,Quote,,A loving heart is the truest wisdom.,Letter to his son - Charles Dickens,1869,,,,,Love,Wisdom,,,,,,,,,,,,,,,,,,,
523,Quote,,"I am not afraid of storms, for I am learning how to sail my ship.",Little Women - Louisa May Alcott,1869,,,,,Fortitude,Resilience,,,,,,,,,,,,,,,,,,,
524,Quote,,To live without hope is to cease to live.,Reflections - Fyodor Dostoevsky,1869,,,,,Suffering,Hope,,,,,,,,,,,,,,,,,,,
525,Quote,,"There is no greatness where there is not simplicity, goodness, and truth—and grace is all three.",War and Peace - Leo Tolstoy,1869,,,,,Grace,Virtue,,,,,,,,,,,,,,,,,,,
526,Quote,,Honesty begins with humility.,Journal - Charles Spurgeon,1870,,,,,Honesty,Humility,,,,,,,,,,,,,,,,,,,
527,Quote,,True prayer is neither a mere mental exercise nor a vocal performance. It is far deeper than that—it is spiritual transaction with the Creator of Heaven and Earth.,Reflections - Charles Spurgeon,1870,,,,,Spirit/Soul,Connection,,,,,,,,,,,,,,,,,,,
528,Quote,,"When you can’t trace His hand, trust His heart.",Reflections - Charles Spurgeon,1870,,,,,God,Faith,,,,,,,,,,,,,,,,,,,
529,Quote,,"He who opens a school door, closes a prison.",Reflections - Victor Hugo,1870,,,,,Education,Liberation,,,,,,,,,,,,,,,,,,,
530,Quote,,"Blessed is the influence of one true, loving human soul on another.",Middlemarch - George Eliot,1871,,,,,Kindness,Influence,,,,,,,,,,,,,,,,,,,
531,Quote,,"The truth will set you free, but first it will make you miserable.",Reflections - James A. Garfield,1872,,,,,Honesty,Truth,,,,,,,,,,,,,,,,,,,
532,Quote,,Honesty is the rarest wealth anyone can possess.,Aphorisms - Josh Billings,1873,,,,,Honesty,Wealth,,,,,,,,,,,,,,,,,,,
533,Quote,,The mountains are calling and I must go.,Reflections - John Muir,1873,,,,,Nature/Natural,Calling,,,,,,,,,,,,,,,,,,,
534,Quote,,The soul that gives thanks can find comfort in everything; the soul that complains can find comfort in nothing.,Sermon - Hannah Whitall Smith,1875,,,,,Gratitude,Comfort,,,,,,,,,,,,,,,,,,,
535,Quote,,The soul that gives thanks can find comfort in everything; the soul that complains can find comfort in nothing.,Reflections - Hannah Whitall Smith,1875,,,,,Grace,Gratitude,,,,,,,,,,,,,,,,,,,
536,Quote,,The soul is healed by being with children.,Reflections - Fyodor Dostoevsky,1875,,,,,Spirit/Soul,Innocence,,,,,,,,,,,,,,,,,,,
537,Quote,,"The soul should always stand ajar, ready to welcome the ecstatic experience.",Letters - Emily Dickinson,1875,,,,,Spirit/Soul,Openness,,,,,,,,,,,,,,,,,,,
538,Quote,,"He who kneels the most, stands the best.",Reflections - D.L. Moody,1875,,,,,God,Humility,,,,,,,,,,,,,,,,,,,
539,Quote,,Anger is a wind which blows out the lamp of the mind.,Reflections - Robert G. Ingersoll,1877,,,,,Conflict,Emotion,,,,,,,,,,,,,,,,,,,
540,Quote,,The world is charged with the grandeur of God.,God’s Grandeur - Gerard Manley Hopkins,1877,,,,,God,Nature,,,,,,,,,,,,,,,,,,,
541,Quote,,"The essence of all beautiful art, all great art, is gratitude.",Letters to Overbeck - Friedrich Nietzsche,1878,,,,,Gratitude,Art,,,,,,,,,,,,,,,,,,,
542,Quote,,"What would the world be, once bereft of wet and of wildness? Let them be left, O let them be left.",Inversnaid - Gerard Manley Hopkins,1878,,,,,Nature/Natural,Preservation,,,,,,,,,,,,,,,,,,,
543,Quote,,"Nothing in this world is harder than speaking the truth, nothing easier than flattery.",Letters and Essays - Fyodor Dostoevsky,1879,,,,,Honesty,Flattery,,,,,,,,,,,,,,,,,,,
544,Quote,,A beautiful soul has no other merit than its own existence.,The Brothers Karamazov - Fyodor Dostoevsky,1880,,,,,Spirit/Soul,Purity,,,,,,,,,,,,,,,,,,,
545,Quote,,"To live is to suffer, to survive is to find some meaning in the suffering.",Reflections - Friedrich Nietzsche,1880,,,,,Suffering,Meaning,,,,,,,,,,,,,,,,,,,
546,Quote,,Lying to ourselves is more deeply ingrained than lying to others.,Reflections - Fyodor Dostoevsky,1880,,,,,Truth,Self-Deception,,,,,,,,,,,,,,,,,,,
547,Quote,,Never put off till tomorrow what you can do the day after tomorrow.,Reflections - Mark Twain,1880,,,,,Humor,Procrastination,,,,,,,,,,,,,,,,,,,
548,Quote,,"The truth will set you free, but first it will make you miserable.",Reflections - James A. Garfield,1881,,,,,Truth,Discomfort,,,,,,,,,,,,,,,,,,,
549,Quote,,"Love is something eternal—the aspect may change, but not the essence.",Aphorisms - Vincent van Gogh,1882,,,,,Love,Essence,,,,,,,,,,,,,,,,,,,
550,Quote,,Great things are done by a series of small things brought together.,Reflections - Vincent van Gogh,1882,,,,,Creativity,Process,,,,,,,,,,,,,,,,,,,
551,Quote,,"A flower cannot blossom without sunshine, and man cannot live without love.",Aphorisms - Max Müller,1883,,,,,Love,Necessity,,,,,,,,,,,,,,,,,,,
552,Quote,,"The higher we soar, the smaller we appear to those who cannot fly.",Thus Spoke Zarathustra - Friedrich Nietzsche,1883,,,,,Ego/Self,Ascent,,,,,,,,,,,,,,,,,,,
553,Quote,,One must still have chaos in oneself to be able to give birth to a dancing star.,Thus Spoke Zarathustra - Friedrich Nietzsche,1883,,,,,Creativity,Chaos,,,,,,,,,,,,,,,,,,,
554,Quote,,There is more wisdom in your body than in your deepest philosophy.,Thus Spoke Zarathustra - Friedrich Nietzsche,1883,,,,,Healing,Embodiment,,,,,,,,,,,,,,,,,,,
555,Quote,,Sincerity makes the very least person to be of more value than the most talented hypocrite.,Reflections - Charles Spurgeon,1883,,,,,Truth,Sincerity,,,,,,,,,,,,,,,,,,,
556,Quote,,You must have chaos within you to give birth to a dancing star.,Thus Spoke Zarathustra - Friedrich Nietzsche,1883,,,,,Creativity,Inner Wildness,,,,,,,,,,,,,,,,,,,
557,Quote,,"I am a forest, and a night of dark trees: but he who is not afraid of my darkness, will find banks full of roses.",Thus Spoke Zarathustra - Nietzsche,1883,,,,,Relationship,Inner Depth,,,,,,,,,,,,,,,,,,,
558,Quote,,"I tell you: one must have chaos in oneself, to give birth to a dancing star.",Thus Spoke Zarathustra - Nietzsche,1883,,,,,Creativity,Chaos,,,,,,,,,,,,,,,,,,,
559,Quote,,"You can give without loving, but you can never love without giving.",Personal Sayings - Robert Louis Stevenson,1885,,,,,Love,Generosity,,,,,,,,,,,,,,,,,,,
560,Quote,,Every soul is a melody which needs renewing.,Reflections - Stephane Mallarmé,1885,,,,,Spirit/Soul,Renewal,,,,,,,,,,,,,,,,,,,
561,Quote,,"If you truly love nature, you will find beauty everywhere.",Reflections - Vincent van Gogh,1885,,,,,Nature/Natural,Beauty,,,,,,,,,,,,,,,,,,,
562,Quote,,Forgiveness is the fragrance the violet sheds on the heel that has crushed it.,Reflections - Mark Twain,1885,,,,,Conflict,Forgiveness,,,,,,,,,,,,,,,,,,,
563,Quote,,"Where love is, there God is also.",Reflections - Leo Tolstoy,1885,,,,,God,Love,,,,,,,,,,,,,,,,,,,
564,Quote,,Forgiveness is the fragrance that the violet sheds on the heel that has crushed it.,Reflections - Mark Twain,1885,,,,,Forgiveness,Beauty,,,,,,,,,,,,,,,,,,,
565,Quote,,There is always some madness in love. But there is also always some reason in madness.,Beyond Good and Evil - Friedrich Nietzsche,1886,,,,,Love,Paradox,,,,,,,,,,,,,,,,,,,
566,Quote,,"There are no facts, only interpretations.",Beyond Good and Evil - Friedrich Nietzsche,1886,,,,,Truth,Relativism,,,,,,,,,,,,,,,,,,,
567,Quote,,It is not the language of painters but the language of nature which one should listen to.,Reflections - Vincent van Gogh,1888,,,,,Nature/Natural,Perception,,,,,,,,,,,,,,,,,,,
568,Quote,,He who has a why to live can bear almost any how.,Twilight of the Idols - Friedrich Nietzsche,1889,,,,,Fortitude,Purpose,,,,,,,,,,,,,,,,,,,
569,Quote,,No better way is there to learn to love Nature than to understand Art.,Reflections - Vincent van Gogh,1889,,,,,Nature/Natural,Relationship,,,,,,,,,,,,,,,,,,,
570,Quote,,A work of art is the unique result of a unique temperament.,Reflections - Oscar Wilde,1889,,,,,Creativity,Individuality,,,,,,,,,,,,,,,,,,,
571,Quote,,He who has a why to live can bear almost any how.,Twilight of the Idols - Friedrich Nietzsche,1889,,,,,Suffering,Purpose,,,,,,,,,,,,,,,,,,,
572,Quote,,I am so clever that sometimes I don't understand a single word of what I am saying.,Reflections - Oscar Wilde,1889,,,,,Humor,Wit,,,,,,,,,,,,,,,,,,,
573,Quote,,He who has a why to live can bear almost any how.,Twilight of the Idols - Friedrich Nietzsche,1889,,,,,Purpose,Endurance,,,,,,,,,,,,,,,,,,,
574,Quote,,You can’t depend on your eyes when your imagination is out of focus.,Reflections - Mark Twain,1889,,,,,Perception,Creativity,,,,,,,,,,,,,,,,,,,
575,Quote,,Be yourself; everyone else is already taken.,Personal Sayings - Oscar Wilde,1890,,,,,Honesty,Authenticity,,,,,,,,,,,,,,,,,,,
576,Quote,,Kindness is the language which the deaf can hear and the blind can see.,Notebook - Mark Twain,1890,,,,,Kindness,Communication,,,,,,,,,,,,,,,,,,,
577,Quote,,Kindness is the sunshine in which virtue grows.,Reflections - Robert Green Ingersoll,1890,,,,,Kindness,Growth,,,,,,,,,,,,,,,,,,,
578,Quote,,We rise by lifting others.,Reflections - Robert Ingersoll,1890,,,,,Kindness,Uplift,,,,,,,,,,,,,,,,,,,
579,Quote,,The worst loneliness is to not be comfortable with yourself.,Reflections - Mark Twain,1890,,,,,Ego/Self,Loneliness,,,,,,,,,,,,,,,,,,,
580,Quote,,A man cannot be comfortable without his own approval.,Notebook - Mark Twain,1890,,,,,Ego/Self,Self-Acceptance,,,,,,,,,,,,,,,,,,,
581,Quote,,"Nothing can cure the soul but the senses, just as nothing can cure the senses but the soul.",The Picture of Dorian Gray - Oscar Wilde,1890,,,,,Spirit/Soul,Duality,,,,,,,,,,,,,,,,,,,
582,Quote,,The clearest way into the Universe is through a forest wilderness.,Reflections - John Muir,1890,,,,,Nature/Natural,Wilderness,,,,,,,,,,,,,,,,,,,
583,Quote,,I’d rather be in the mountains thinking of God than in church thinking of the mountains.,Reflections - John Muir,1890,,,,,Nature/Natural,Worship,,,,,,,,,,,,,,,,,,,
584,Quote,,"As the sun colors flowers, so does art color life.",Reflections - John Lubbock,1890,,,,,Nature/Natural,Art,,,,,,,,,,,,,,,,,,,
585,Quote,,Forgiveness is the fragrance that the violet sheds on the heel that has crushed it.,Reflections - Mark Twain,1890,,,,,Healing,Forgiveness,,,,,,,,,,,,,,,,,,,
586,Quote,,"If you want to tell people the truth, make them laugh, otherwise they’ll kill you.",Reflections - Oscar Wilde,1890,,,,,Humor,Satire,,,,,,,,,,,,,,,,,,,
587,Quote,,Always borrow money from a pessimist. He won’t expect it back.,Reflections - Oscar Wilde,1890,,,,,Humor,Irony,,,,,,,,,,,,,,,,,,,
588,Quote,,Humor is mankind’s greatest blessing.,Reflections - Mark Twain,1890,,,,,Humor,Human Nature,,,,,,,,,,,,,,,,,,,
589,Quote,,"Every saint has a past, and every sinner has a future.",Reflections - Oscar Wilde,1890,,,,,Redemption,Paradox,,,,,,,,,,,,,,,,,,,
590,Quote,,"To live is the rarest thing in the world. Most people exist, that is all.",The Soul of Man under Socialism - Oscar Wilde,1891,,,,,Acceptance,Being,,,,,,,,,,,,,,,,,,,
591,Quote,,The smallest act of kindness is worth more than the grandest intention.,Reflections - Oscar Wilde,1891,,,,,Kindness,Action,,,,,,,,,,,,,,,,,,,
592,Quote,,An idea that is not dangerous is unworthy of being called an idea at all.,Reflections - Oscar Wilde,1891,,,,,Creativity,Innovation,,,,,,,,,,,,,,,,,,,
593,Quote,,"No great artist ever sees things as they really are. If he did, he would cease to be an artist.",Reflections - Oscar Wilde,1891,,,,,Creativity,Perception,,,,,,,,,,,,,,,,,,,
594,Quote,,"Where there is sorrow, there is holy ground.",Reflections - Oscar Wilde,1891,,,,,Suffering,Sacredness,,,,,,,,,,,,,,,,,,,
595,Quote,,Do not wish them to be better. Accept them as they are and help them grow.,Sermons - Leo Tolstoy,1892,,,,,Acceptance,Growth,,,,,,,,,,,,,,,,,,,
596,Quote,,"In every walk with nature, one receives far more than he seeks.",Reflections - John Muir,1892,,,,,Nature/Natural,Abundance,,,,,,,,,,,,,,,,,,,
597,Quote,,"When one tugs at a single thing in nature, he finds it attached to the rest of the world.",Reflections - John Muir,1892,,,,,Nature/Natural,Interconnection,,,,,,,,,,,,,,,,,,,
598,Quote,,Keep love in your heart. A life without it is like a sunless garden when the flowers are dead.,A Woman of No Importance - Oscar Wilde,1893,,,,,Love,Necessity,,,,,,,,,,,,,,,,,,,
599,Quote,,I shut my eyes in order to see.,Reflections - Paul Gauguin,1893,,,,,Creativity,Vision,,,,,,,,,,,,,,,,,,,
600,Quote,,"If you tell the truth, you don't have to remember anything.",Notebook - Mark Twain,1894,,,,,Honesty,Simplicity,,,,,,,,,,,,,,,,,,,
601,Quote,,A lie can travel halfway around the world while the truth is still putting on its shoes.,Attributed - Mark Twain,1894,,,,,Honesty,Lies,,,,,,,,,,,,,,,,,,,
602,Quote,,"Courage is resistance to fear, mastery of fear—not absence of fear.",Notebook - Mark Twain,1894,,,,,Fortitude,Bravery,,,,,,,,,,,,,,,,,,,
603,Quote,,"If you tell the truth, you don't have to remember anything.",Reflections - Mark Twain,1894,,,,,Truth,Simplicity,,,,,,,,,,,,,,,,,,,
604,Quote,,To love oneself is the beginning of a lifelong romance.,An Ideal Husband - Oscar Wilde,1895,,,,,Acceptance,Self-Love,,,,,,,,,,,,,,,,,,,
605,Quote,,The truth is rarely pure and never simple.,The Importance of Being Earnest - Oscar Wilde,1895,,,,,Honesty,Complexity,,,,,,,,,,,,,,,,,,,
606,Quote,,The truth is rarely pure and never simple.,The Importance of Being Earnest - Oscar Wilde,1895,,,,,Conflict,Complexity,,,,,,,,,,,,,,,,,,,
607,Quote,,The truth is rarely pure and never simple.,The Importance of Being Earnest - Oscar Wilde,1895,,,,,Truth,Complexity,,,,,,,,,,,,,,,,,,,
608,Quote,,To love oneself is the beginning of a lifelong romance.,An Ideal Husband - Oscar Wilde,1895,,,,,Self-Love,Humor,,,,,,,,,,,,,,,,,,,
609,Quote,,A grateful mind is a great mind which eventually attracts to itself great things.,Lessons in Truth - H. Emilie Cady,1896,,,,,Gratitude,Attraction,,,,,,,,,,,,,,,,,,,
610,Quote,,Every soul is potentially divine. The goal is to manifest this divinity within.,Teachings - Swami Vivekananda,1896,,,,,Spirit/Soul,Potential,,,,,,,,,,,,,,,,,,,
611,Quote,,Truth is the most valuable thing we have. Let us economize it.,Notebook - Mark Twain,1897,,,,,Honesty,Irony,,,,,,,,,,,,,,,,,,,
612,Quote,,The sun shines not on us but in us.,Reflections - John Muir,1897,,,,,Nature/Natural,Illumination,,,,,,,,,,,,,,,,,,,
613,Quote,,All is grace.,Journal - Thérèse of Lisieux,1897,,,,,Grace,Totality,,,,,,,,,,,,,,,,,,,
614,Quote,,The secret source of humor is not joy but sorrow.,Reflections - Mark Twain,1897,,,,,Humor,Origin,,,,,,,,,,,,,,,,,,,
615,Quote,,"Be kind, for everyone you meet is fighting a hard battle.",Reflections - Ian Maclaren (John Watson),1897,,,,,Kindness,Compassion,,,,,,,,,,,,,,,,,,,
616,Quote,,The stars are holes in the floor of heaven.,Reflections - George Bernard Shaw,1898,,,,,Nature/Natural,Imagination,,,,,,,,,,,,,,,,,,,
617,Quote,,"If you shut up truth and bury it underground, it will but grow.",Reflections - Emile Zola,1898,,,,,Truth,Suppression,,,,,,,,,,,,,,,,,,,
618,Quote,,Hearts will never be practical until they are made unbreakable.,The Wizard of Oz - L. Frank Baum,1900,,,,,Love,Fragility,,,,,,,,,,,,,,,,,,,
619,Quote,,The circle of friendship is a ring without end.,Reflections - Anonymous,1900,,,,,Togetherness,Friendship,,,,,,,,,,,,,,,,,,,
620,Quote,,He who cannot endure the bad will not live to see the good.,Reflections - Yiddish Proverb,1900,,,,,Suffering,Endurance,,,,,,,,,,,,,,,,,,,
621,Quote,,Holding onto anger is like drinking poison and expecting the other person to die.,Reflections - Unknown (often attributed to Buddha),1900,,,,,Conflict,Anger,,,,,,,,,,,,,,,,,,,
622,Quote,,"I have not failed. I’ve just found 10,000 ways that won’t work—so please stop asking.",Reflections - Thomas Edison (Modified),1900,,,,,Humor,Perseverance,,,,,,,,,,,,,,,,,,,
623,Quote,,No duty is more urgent than that of returning thanks.,Letters - James Allen,1901,,,,,Gratitude,Responsibility,,,,,,,,,,,,,,,,,,,
624,Quote,,"Just as the tree accepts all seasons, so too must we accept all emotions.",Nature Essays - John Muir,1901,,,,,Acceptance,Emotion,,,,,,,,,,,,,,,,,,,
625,Quote,,There is no failure except in no longer trying.,Reflections - Elbert Hubbard,1901,,,,,Fortitude,Failure,,,,,,,,,,,,,,,,,,,
626,Quote,,Those who are happiest are those who do the most for others.,Up From Slavery - Booker T. Washington,1901,,,,,Giving,Happiness,,,,,,,,,,,,,,,,,,,
627,Quote,,"Keep close to Nature’s heart… and break clear away, once in a while.",Reflections - John Muir,1901,,,,,Nature/Natural,Escape,,,,,,,,,,,,,,,,,,,
628,Quote,,Climb the mountains and get their good tidings.,Reflections - John Muir,1901,,,,,Nature/Natural,Peace,,,,,,,,,,,,,,,,,,,
629,Quote,,"We are not punished for our sins, but by them.",Reflections - Elbert Hubbard,1901,,,,,Suffering,Consequence,,,,,,,,,,,,,,,,,,,
630,Quote,,"If the sight of the blue skies fills you with joy, rejoice, for your soul is alive.",Reflections - Eleanora Duse,1902,,,,,Nature/Natural,Vitality,,,,,,,,,,,,,,,,,,,
631,Quote,,"The role of the artist is to ask questions, not answer them.",Reflections - Anton Chekhov,1902,,,,,Creativity,Inquiry,,,,,,,,,,,,,,,,,,,
632,Quote,,"Whenever you're in conflict with someone, there is one factor that can make the difference between damaging your relationship and deepening it. That factor is attitude.",Reflections - William James,1902,,,,,Conflict,Relationships,,,,,,,,,,,,,,,,,,,
633,Quote,,To speak truthfully is to live freely.,Letters to a Young Poet - Rainer Maria Rilke,1903,,,,,Honesty,Freedom,,,,,,,,,,,,,,,,,,,
634,Quote,,"Although the world is full of suffering, it is also full of the overcoming of it.",Reflections - Helen Keller,1903,,,,,Healing,Overcoming,,,,,,,,,,,,,,,,,,,
635,Quote,,"Although the world is full of suffering, it is also full of the overcoming of it.",Reflections - Helen Keller,1903,,,,,Suffering,Overcoming,,,,,,,,,,,,,,,,,,,
636,Quote,,"Affection is less about what we do, and more about how we do it.",Reflections - Rainer Maria Rilke,1903,,,,,Affection,Presence,,,,,,,,,,,,,,,,,,,
637,Quote,,"The mystery does not get clearer by repeating the question, nor is it bought with going to amazing places.",Reflections - Rainer Maria Rilke,1903,,,,,Mystery,Stillness,,,,,,,,,,,,,,,,,,,
638,Quote,,Gratitude is the inward feeling of kindness received. Thankfulness is the natural impulse to express that feeling.,Lectures - Henry Van Dyke,1904,,,,,Gratitude,Distinction,,,,,,,,,,,,,,,,,,,
639,Quote,,Nature teaches more than she preaches.,Reflections - John Burroughs,1904,,,,,Nature/Natural,Wisdom,,,,,,,,,,,,,,,,,,,
640,Quote,,Every trial endured and weathered in the right spirit makes a soul nobler and stronger than it was before.,Reflections - James Buckham,1904,,,,,Suffering,Growth,,,,,,,,,,,,,,,,,,,
641,Quote,,"When love is sincere, it finds its way to the fingertips.",Reflections - Rainer Maria Rilke,1904,,,,,Affection,Authenticity,,,,,,,,,,,,,,,,,,,
642,Quote,,The way to love anything is to realize that it might be lost.,Heretics - G.K. Chesterton,1905,,,,,Love,Loss,,,,,,,,,,,,,,,,,,,
643,Quote,,There are no straight lines in nature.,Reflections - Antoni Gaudí,1905,,,,,Nature/Natural,Design,,,,,,,,,,,,,,,,,,,
644,Quote,,You can’t wait for inspiration. You have to go after it with a club.,Reflections - Jack London,1905,,,,,Creativity,Discipline,,,,,,,,,,,,,,,,,,,
645,Quote,,"Be kind, for everyone you meet is fighting a hard battle.",Reflections - Ian MacLaren,1905,,,,,Conflict,Compassion,,,,,,,,,,,,,,,,,,,
646,Quote,,Nature knows no indecencies; man invents them.,Reflections - Mark Twain,1906,,,,,Nature/Natural,Innocence,,,,,,,,,,,,,,,,,,,
647,Quote,,Speak when you are angry and you will make the best speech you will ever regret.,Reflections - Ambrose Bierce,1906,,,,,Conflict,Anger,,,,,,,,,,,,,,,,,,,
648,Quote,,Be willing to have it so. Acceptance of what has happened is the first step to overcoming the consequences of any misfortune.,The Power of Positive Thinking - William James,1907,,,,,Acceptance,Misfortune,,,,,,,,,,,,,,,,,,,
649,Quote,,A sense of humor is just common sense dancing.,Reflections - William James,1907,,,,,Humor,Psychology,,,,,,,,,,,,,,,,,,,
650,Quote,,Art is not a thing; it is a way.,Reflections - Elbert Hubbard,1908,,,,,Creativity,Lifestyle,,,,,,,,,,,,,,,,,,,
651,Quote,,Kindred spirits are not so scarce as one would think. It's splendid to find out there are so many of them in the world.,Anne of Green Gables - L.M. Montgomery,1908,,,,,Togetherness,Friendship,,,,,,,,,,,,,,,,,,,
652,Quote,,Let your religion be less of a theory and more of a love affair.,Reflections - G.K. Chesterton,1908,,,,,God,Devotion,,,,,,,,,,,,,,,,,,,
653,Quote,,"We are like islands in the sea, separate on the surface but connected in the deep.",Reflections - William James,1909,,,,,Togetherness,Depth,,,,,,,,,,,,,,,,,,,
654,Quote,,Man is not himself only. He is all that he sees; all that flows to him from a thousand sources.,Reflections - G.K. Chesterton,1910,,,,,Nature/Natural,Oneness,,,,,,,,,,,,,,,,,,,
655,Quote,,"What is the good of your stars and trees, your sunrise and the wind, if they do not enter into our daily lives?",Reflections - E.M. Forster,1910,,,,,Nature/Natural,Integration,,,,,,,,,,,,,,,,,,,
656,Quote,,Humor bridges the tragic and the divine.,Reflections - G.K. Chesterton,1910,,,,,Humor,Paradox,,,,,,,,,,,,,,,,,,,
657,Quote,,Perseverance is not a long race; it is many short races one after the other.,Reflections - Walter Elliot,1911,,,,,Fortitude,Persistence,,,,,,,,,,,,,,,,,,,
658,Quote,,I would maintain that thanks are the highest form of thought.,Reflections on Gratitude - Gilbert K. Chesterton,1911,,,,,Gratitude,Philosophy,,,,,,,,,,,,,,,,,,,
659,Quote,,Art begins with resistance—at the point where resistance is overcome. No human masterpiece has ever been created without great labor.,Reflections - André Gide,1911,,,,,Creativity,Resistance,,,,,,,,,,,,,,,,,,,
660,Quote,,The artist must train not only his eye but also his soul.,Reflections - Wassily Kandinsky,1911,,,,,Creativity,Perception,,,,,,,,,,,,,,,,,,,
661,Quote,,Being entirely honest with oneself is a good exercise.,Letter to a Friend - Sigmund Freud,1912,,,,,Honesty,Self-Reflection,,,,,,,,,,,,,,,,,,,
662,Quote,,"Color is the keyboard, the eyes are the harmonies, the soul is the piano with many strings.",Reflections - Wassily Kandinsky,1912,,,,,Creativity,Sensory,,,,,,,,,,,,,,,,,,,
663,Quote,,Let us be grateful to people who make us happy; they are the charming gardeners who make our souls blossom.,Reflections - Marcel Proust,1913,,,,,Togetherness,Gratitude,,,,,,,,,,,,,,,,,,,
664,Quote,,Let us be grateful to people who make us happy; they are the charming gardeners who make our souls blossom.,Remembrance of Things Past - Marcel Proust,1913,,,,,Gratitude,Relationships,,,,,,,,,,,,,,,,,,,
665,Quote,,"The real voyage of discovery consists not in seeking new landscapes, but in having new eyes.",Remembrance of Things Past - Marcel Proust,1913,,,,,Ego/Self,Perception,,,,,,,,,,,,,,,,,,,
666,Quote,,We are healed of a suffering only by experiencing it to the full.,Reflections - Marcel Proust,1913,,,,,Healing,Suffering,,,,,,,,,,,,,,,,,,,
667,Quote,,"Suffering is the substance of life and the root of personality, for it is only suffering that makes us persons.",Reflections - Miguel de Unamuno,1913,,,,,Suffering,Individuality,,,,,,,,,,,,,,,,,,,
668,Quote,,We are healed of a suffering only by experiencing it to the full.,In Search of Lost Time - Marcel Proust,1913,,,,,Suffering,Immersion,,,,,,,,,,,,,,,,,,,
669,Quote,,You must be the change you wish to see in the world.,Reflections - Mahatma Gandhi,1913,,,,,Truth,Alignment,,,,,,,,,,,,,,,,,,,
670,Quote,,"The real voyage of discovery consists not in seeking new landscapes, but in having new eyes.",Reflections - Marcel Proust,1913,,,,,Awareness,Insight,,,,,,,,,,,,,,,,,,,
671,Quote,,"Honesty pays, but it doesn't seem to pay enough to suit some people.",Personal Sayings - Kin Hubbard,1915,,,,,Honesty,Cynicism,,,,,,,,,,,,,,,,,,,
672,Quote,,The best way out is always through.,A Servant to Servants - Robert Frost,1915,,,,,Fortitude,Endurance,,,,,,,,,,,,,,,,,,,
673,Quote,,Art is the stored honey of the human soul.,Reflections - Theodore Dreiser,1915,,,,,Creativity,Nourishment,,,,,,,,,,,,,,,,,,,
674,Quote,,"The voice of the intellect is a soft one, but it does not rest until it has gained a hearing.",Reflections - Sigmund Freud,1915,,,,,Creativity,Expression,,,,,,,,,,,,,,,,,,,
675,Quote,,A great artist is always before his time or behind it.,Reflections - George Edward Moore,1915,,,,,Creativity,Time,,,,,,,,,,,,,,,,,,,
676,Quote,,The best way to find yourself is to lose yourself in the service of others.,Reflections - Mahatma Gandhi,1915,,,,,Togetherness,Service,,,,,,,,,,,,,,,,,,,
677,Quote,,"He drew a circle that shut me out—Heretic, rebel, a thing to flout. But love and I had the wit to win: We drew a circle and took him in.",Outwitted - Edwin Markham,1915,,,,,Togetherness,Inclusion,,,,,,,,,,,,,,,,,,,
678,Quote,,The best way out is always through.,A Servant to Servants - Robert Frost,1915,,,,,Healing,Endurance,,,,,,,,,,,,,,,,,,,
679,Quote,,Grace is the sunlight of the soul—it does not burn but it grows.,Reflections - Rabindranath Tagore,1915,,,,,Grace,Illumination,,,,,,,,,,,,,,,,,,,
680,Quote,,"A man may fall many times, but he won't be a failure until he says someone pushed him.",Reflections - William J. H. Boetcker,1916,,,,,Fortitude,Accountability,,,,,,,,,,,,,,,,,,,
681,Quote,,The highest education is that which does not merely give us information but makes our life in harmony with all existence.,Teachings - Rabindranath Tagore,1917,,,,,Spirit/Soul,Harmony,,,,,,,,,,,,,,,,,,,
682,Quote,,"Grace is the love that gives, that loves the unlovely and the unlovable.",Reflections - Oswald Chambers,1917,,,,,Grace,Divine Love,,,,,,,,,,,,,,,,,,,
683,Quote,,"Grace is the overflowing favor of God, and you can always count on it being available to draw upon.",Reflections - Oswald Chambers,1917,,,,,Grace,Abundance,,,,,,,,,,,,,,,,,,,
684,Quote,,Writing is a form of prayer.,Reflections - Franz Kafka,1919,,,,,Creativity,Sacred,,,,,,,,,,,,,,,,,,,
685,Quote,,The most powerful weapon on earth is the human soul on fire.,Reflections - Ferdinand Foch,1919,,,,,Passion,Power,,,,,,,,,,,,,,,,,,,
686,Quote,,Love is the triumph of imagination over intelligence.,Personal Note - H.L. Mencken,1920,,,,,Love,Paradox,,,,,,,,,,,,,,,,,,,
687,Quote,,Thanksgiving is the enemy of discontent and dissatisfaction.,Sermons - Harry A. Ironside,1920,,,,,Gratitude,Contentment,,,,,,,,,,,,,,,,,,,
688,Quote,,Strength does not come from physical capacity. It comes from an indomitable will.,Speech - Mahatma Gandhi,1920,,,,,Fortitude,Willpower,,,,,,,,,,,,,,,,,,,
689,Quote,,The most powerful weapon on earth is the human soul on fire.,Reflections - Ferdinand Foch,1920,,,,,Spirit/Soul,Passion,,,,,,,,,,,,,,,,,,,
690,Quote,,The earth has music for those who listen.,Reflections - George Santayana,1920,,,,,Nature/Natural,Music,,,,,,,,,,,,,,,,,,,
691,Quote,,"Nature is garrulous to the point of confusion, let the artist be truly silent.",Reflections - Paul Klee,1920,,,,,Nature/Natural,Expression,,,,,,,,,,,,,,,,,,,
692,Quote,,What I’m looking for is not out there. It is in me.,Reflections - Helen Keller,1920,,,,,Creativity,Inner,,,,,,,,,,,,,,,,,,,
693,Quote,,"One day, in retrospect, the years of struggle will strike you as the most beautiful.",Reflections - Sigmund Freud,1920,,,,,Recovery,Reflection,,,,,,,,,,,,,,,,,,,
694,Quote,,Truth never damages a cause that is just.,Reflections - Mahatma Gandhi,1920,,,,,Truth,Justice,,,,,,,,,,,,,,,,,,,
695,Quote,,God breaks the heart again and again until it stays open.,Reflections - Hazrat Inayat Khan,1920,,,,,God,Brokenness,,,,,,,,,,,,,,,,,,,
696,Quote,,Alone we can do so little; together we can do so much.,Reflections - Helen Keller,1921,,,,,Togetherness,Cooperation,,,,,,,,,,,,,,,,,,,
697,Quote,,Love is a trembling happiness.,Diary Entry - Khalil Gibran,1921,,,,,Love,Emotion,,,,,,,,,,,,,,,,,,,
698,Quote,,The creative mind plays with the objects it loves.,Reflections - Carl Jung,1921,,,,,Creativity,Play,,,,,,,,,,,,,,,,,,,
699,Quote,,Humor is the instinct for taking pain playfully.,Reflections - Max Eastman,1921,,,,,Humor,Pain,,,,,,,,,,,,,,,,,,,
700,Quote,,"Truth is always strong, no matter how weak it looks.",Letters from Prison - Mahatma Gandhi,1922,,,,,Honesty,Strength,,,,,,,,,,,,,,,,,,,
701,Quote,,"You can give without loving, but you cannot love without giving.",Reflections - Amy Carmichael,1922,,,,,Giving,Love,,,,,,,,,,,,,,,,,,,
702,Quote,,To do more for the world than the world does for you—that is success.,Reflections - Henry Ford,1922,,,,,Giving,Success,,,,,,,,,,,,,,,,,,,
703,Quote,,"The self is not something ready-made, but something in continuous formation through choice of action.",Human Nature and Conduct - John Dewey,1922,,,,,Ego/Self,Becoming,,,,,,,,,,,,,,,,,,,
704,Quote,,Your soul is the whole world.,Siddhartha - Hermann Hesse,1922,,,,,Spirit/Soul,Totality,,,,,,,,,,,,,,,,,,,
705,Quote,,"The river is everywhere at the same time, at the source and at the mouth, at the waterfall, at the ferry, at the current, in the ocean and in the mountains.",Siddhartha - Hermann Hesse,1922,,,,,Nature/Natural,Unity,,,,,,,,,,,,,,,,,,,
706,Quote,,"The truth has a million faces, but there is only one truth.",Reflections - Hermann Hesse,1922,,,,,Truth,Universality,,,,,,,,,,,,,,,,,,,
707,Quote,,Coming together is a beginning; keeping together is progress; working together is success.,Reflections - Henry Ford,1923,,,,,Togetherness,Collaboration,,,,,,,,,,,,,,,,,,,
708,Quote,,You pray in your distress and in your need; would that you might also pray in the fullness of your joy.,The Prophet - Kahlil Gibran,1923,,,,,Gratitude,Devotion,,,,,,,,,,,,,,,,,,,
709,Quote,,Out of suffering have emerged the strongest souls; the most massive characters are seared with scars.,Reflections - Khalil Gibran,1923,,,,,Suffering,Strength,,,,,,,,,,,,,,,,,,,
710,Quote,,Love knows not its own depth until the hour of separation.,The Prophet - Kahlil Gibran,1923,,,,,Love,Loss,,,,,,,,,,,,,,,,,,,
711,Quote,,"In ordinary life, we hardly realize that we receive a great deal more than we give.",Letters and Essays - Albert Schweitzer,1923,,,,,Gratitude,Realization,,,,,,,,,,,,,,,,,,,
712,Quote,,"When everything seems to be going against you, remember that the airplane takes off against the wind, not with it.",Personal Sayings - Henry Ford,1923,,,,,Fortitude,Resistance,,,,,,,,,,,,,,,,,,,
713,Quote,,"Generosity is giving more than you can, and pride is taking less than you need.",The Prophet - Kahlil Gibran,1923,,,,,Generosity,Balance,,,,,,,,,,,,,,,,,,,
714,Quote,,You give but little when you give of your possessions. It is when you give of yourself that you truly give.,The Prophet - Kahlil Gibran,1923,,,,,Giving,Self,,,,,,,,,,,,,,,,,,,
715,Quote,,"Tenderness and kindness are not signs of weakness and despair, but manifestations of strength and resolution.",Reflections - Kahlil Gibran,1923,,,,,Kindness,Strength,,,,,,,,,,,,,,,,,,,
716,Quote,,"Generosity is giving more than you can, and pride is taking less than you need.",The Prophet - Kahlil Gibran,1923,,,,,Generosity,Balance,,,,,,,,,,,,,,,,,,,
717,Quote,,The ego is not master in its own house.,The Ego and the Id - Sigmund Freud,1923,,,,,Ego/Self,Conflict,,,,,,,,,,,,,,,,,,,
718,Quote,,The world is mud-luscious and puddle-wonderful.,Reflections - E.E. Cummings,1923,,,,,Nature/Natural,Playfulness,,,,,,,,,,,,,,,,,,,
719,Quote,,"The world is full of magic things, patiently waiting for our senses to grow sharper.",Reflections - W.B. Yeats,1923,,,,,Nature/Natural,Perception,,,,,,,,,,,,,,,,,,,
720,Quote,,Art is the lie that enables us to realize the truth.,Reflections - Pablo Picasso,1923,,,,,Creativity,Truth,,,,,,,,,,,,,,,,,,,
721,Quote,,"The object isn't to make art, it's to be in that wonderful state which makes art inevitable.",Reflections - Robert Henri,1923,,,,,Creativity,Flow,,,,,,,,,,,,,,,,,,,
722,Quote,,"Words are, of course, the most powerful drug used by mankind.",Reflections - Rudyard Kipling,1923,,,,,Creativity,Language,,,,,,,,,,,,,,,,,,,
723,Quote,,Art arises when the secret vision of the artist and the manifestation of nature agree to find new forms.,Reflections - Khalil Gibran,1923,,,,,Creativity,Vision,,,,,,,,,,,,,,,,,,,
724,Quote,,"Friendship is always a sweet responsibility, never an opportunity.",The Prophet - Khalil Gibran,1923,,,,,Togetherness,Friendship,,,,,,,,,,,,,,,,,,,
725,Quote,,The suffering is the breaking of the shell that encloses your understanding.,The Prophet - Khalil Gibran,1923,,,,,Suffering,Insight,,,,,,,,,,,,,,,,,,,
726,Quote,,Your pain is the breaking of the shell that encloses your understanding.,The Prophet - Khalil Gibran,1923,,,,,Suffering,Insight,,,,,,,,,,,,,,,,,,,
727,Quote,,"The deeper that sorrow carves into your being, the more joy you can contain.",The Prophet - Khalil Gibran,1923,,,,,Suffering,Joy,,,,,,,,,,,,,,,,,,,
728,Quote,,Pain is the breaking of the shell that encloses your understanding.,The Prophet - Khalil Gibran,1923,,,,,Suffering,Insight,,,,,,,,,,,,,,,,,,,
729,Quote,,God breaks the heart again and again until it stays open.,Reflections - Hazrat Inayat Khan,1923,,,,,God,Suffering,,,,,,,,,,,,,,,,,,,
730,Quote,,The hand of a friend in sorrow is the hand of God.,Reflections - Khalil Gibran,1923,,,,,Affection,Divine Love,,,,,,,,,,,,,,,,,,,
731,Quote,,"True affection expects nothing, and still gives everything.",Reflections - Khalil Gibran,1923,,,,,Affection,Selflessness,,,,,,,,,,,,,,,,,,,
732,Quote,,Your pain is the breaking of the shell that encloses your understanding.,The Prophet - Kahlil Gibran,1923,,,,,Suffering,Insight,,,,,,,,,,,,,,,,,,,
733,Quote,,Your joy is your sorrow unmasked.,The Prophet - Kahlil Gibran,1923,,,,,Emotion,Paradox,,,,,,,,,,,,,,,,,,,
734,Quote,,Train yourself never to put off the word or action for the expression of gratitude.,Letter - Albert Schweitzer,1925,,,,,Gratitude,Timeliness,,,,,,,,,,,,,,,,,,,
735,Quote,,Gratitude is a currency that we can mint for ourselves and spend without fear of bankruptcy.,Reflections - Fred De Witt Van Amburgh,1925,,,,,Gratitude,Abundance,,,,,,,,,,,,,,,,,,,
736,Quote,,The best way to find yourself is to lose yourself in the service of others.,Speeches - Mahatma Gandhi,1925,,,,,Giving,Service,,,,,,,,,,,,,,,,,,,
737,Quote,,The soul becomes stronger through struggle.,Journal - Kahlil Gibran,1925,,,,,Spirit/Soul,Strength,,,,,,,,,,,,,,,,,,,
738,Quote,,Prayer is not asking. It is a longing of the soul.,Reflections - Mahatma Gandhi,1925,,,,,God,Prayer,,,,,,,,,,,,,,,,,,,
739,Quote,,It is better to be hated for what you are than to be loved for what you are not.,Reflections - André Gide,1925,,,,,Integrity,Selfhood,,,,,,,,,,,,,,,,,,,
740,Quote,,"Those who love deeply never grow old; they may die of old age, but they die young.",Reflections - Dorothy Canfield Fisher,1926,,,,,Togetherness,Vitality,,,,,,,,,,,,,,,,,,,
741,Quote,,Love is the only reality and it is not a mere sentiment. It is the ultimate truth that lies at the heart of creation.,Collected Talks - Rabindranath Tagore,1926,,,,,Love,Reality,,,,,,,,,,,,,,,,,,,
742,Quote,,You are stronger than you think.,Reflections - A.A. Milne,1926,,,,,Fortitude,Strength,,,,,,,,,,,,,,,,,,,
743,Quote,,The waves broke and spread their waters swiftly over the shore. One after another they massed themselves and fell; the spray tossed itself back with the energy of their fall.,To the Lighthouse - Virginia Woolf,1927,,,,,Nature/Natural,Power,,,,,,,,,,,,,,,,,,,
744,Quote,,Facts do not cease to exist because they are ignored.,Reflections - Aldous Huxley,1927,,,,,Truth,Denial,,,,,,,,,,,,,,,,,,,
745,Quote,,You were once wild here. Don’t let them tame you.,Reflections - Isadora Duncan,1927,,,,,Freedom,Wildness,,,,,,,,,,,,,,,,,,,
746,Quote,,The soul can split the sky in two and let the face of God shine through.,Reflections - Edna St. Vincent Millay,1928,,,,,Spirit/Soul,Revelation,,,,,,,,,,,,,,,,,,,
747,Quote,,No one who achieves success does so without acknowledging the help of others. The wise and confident acknowledge this help with gratitude.,Leadership Lessons - Alfred North Whitehead,1929,,,,,Gratitude,Humility,,,,,,,,,,,,,,,,,,,
748,Quote,,You cannot find peace by avoiding life.,A Room of One’s Own - Virginia Woolf,1929,,,,,Honesty,Avoidance,,,,,,,,,,,,,,,,,,,
749,Quote,,"The world breaks everyone, and afterward, many are strong at the broken places.",A Farewell to Arms - Ernest Hemingway,1929,,,,,Fortitude,Recovery,,,,,,,,,,,,,,,,,,,
750,Quote,,Imagination is more important than knowledge.,Reflections - Albert Einstein,1929,,,,,Creativity,Imagination,,,,,,,,,,,,,,,,,,,
751,Quote,,"The meeting of two personalities is like the contact of two chemical substances: if there is any reaction, both are transformed.",Reflections - Carl Jung,1929,,,,,Togetherness,Relationship,,,,,,,,,,,,,,,,,,,
752,Quote,,Love is a better teacher than duty.,Letter to a Friend - Albert Einstein,1930,,,,,Love,Motivation,,,,,,,,,,,,,,,,,,,
753,Quote,,Love is an irresistible desire to be irresistibly desired.,Letter - Robert Frost,1930,,,,,Love,Desire,,,,,,,,,,,,,,,,,,,
754,Quote,,"If I know what love is, it is because of you.",Narcissus and Goldmund - Hermann Hesse,1930,,,,,Love,Gratitude,,,,,,,,,,,,,,,,,,,
755,Quote,,Silent gratitude isn't very much to anyone.,Personal Sayings - Gertrude Stein,1930,,,,,Gratitude,Expression,,,,,,,,,,,,,,,,,,,
756,Quote,,You can’t beat the person who never gives up.,Interview - Babe Ruth,1930,,,,,Fortitude,Stamina,,,,,,,,,,,,,,,,,,,
757,Quote,,What you keep is lost. What you give remains yours forever.,Writings - Axel Munthe,1930,,,,,Giving,Eternal Value,,,,,,,,,,,,,,,,,,,
758,Quote,,"All religions, arts and sciences are branches of the same tree.",Reflections - Albert Einstein,1930,,,,,Spirit/Soul,Unity,,,,,,,,,,,,,,,,,,,
759,Quote,,The soul speaks in symbols and dreams.,Reflections - Carl Jung,1930,,,,,Spirit/Soul,Symbols,,,,,,,,,,,,,,,,,,,
760,Quote,,"Look deep into nature, and then you will understand everything better.",Reflections - Albert Einstein,1930,,,,,Nature/Natural,Understanding,,,,,,,,,,,,,,,,,,,
761,Quote,,To forget how to dig the earth and to tend the soil is to forget ourselves.,Reflections - Mahatma Gandhi,1930,,,,,Nature/Natural,Simplicity,,,,,,,,,,,,,,,,,,,
762,Quote,,Every act of creation is first an act of destruction.,Reflections - Pablo Picasso,1930,,,,,Creativity,Paradox,,,,,,,,,,,,,,,,,,,
763,Quote,,Poetry is when an emotion has found its thought and the thought has found words.,Reflections - Robert Frost,1930,,,,,Creativity,Emotion,,,,,,,,,,,,,,,,,,,
764,Quote,,To fall in love with God is the greatest of all romances.,Reflections - Fulton J. Sheen,1930,,,,,God,Love,,,,,,,,,,,,,,,,,,,
765,Quote,,God has no religion.,Reflections - Mahatma Gandhi,1930,,,,,God,Unity,,,,,,,,,,,,,,,,,,,
766,Quote,,This is the secret that every intellectual has been forced to discover: even the most brilliant mind must accept the limits of its own understanding.,Reflections - Albert Einstein,1931,,,,,Acceptance,Limits,,,,,,,,,,,,,,,,,,,
767,Quote,,"I am rooted, but I flow.",The Waves - Virginia Woolf,1931,,,,,Acceptance,Balance,,,,,,,,,,,,,,,,,,,
768,Quote,,Honest differences are often a healthy sign of progress.,Speech - Mahatma Gandhi,1931,,,,,Honesty,Dialogue,,,,,,,,,,,,,,,,,,,
769,Quote,,Only a life lived for others is a life worthwhile.,Reflections - Albert Einstein,1931,,,,,Giving,Selflessness,,,,,,,,,,,,,,,,,,,
770,Quote,,Creativity is intelligence having fun.,Reflections - Albert Einstein,1931,,,,,Creativity,Intelligence,,,,,,,,,,,,,,,,,,,
771,Quote,,The true sign of intelligence is not knowledge but imagination.,Reflections - Albert Einstein,1931,,,,,Creativity,Imagination,,,,,,,,,,,,,,,,,,,
772,Quote,,"When you arise in the morning, give thanks for the morning light, for your life and strength.",The Teachings of Black Elk - Black Elk,1932,,,,,Gratitude,Morning,,,,,,,,,,,,,,,,,,,
773,Quote,,In the middle of difficulty lies opportunity.,Interview - Albert Einstein,1932,,,,,Fortitude,Adversity,,,,,,,,,,,,,,,,,,,
774,Quote,,"It's not that I'm so smart, it's just that I stay with problems longer.",Interview - Albert Einstein,1932,,,,,Fortitude,Persistence,,,,,,,,,,,,,,,,,,,
775,Quote,,"Creativity is contagious, pass it on.",Reflections - Albert Einstein,1932,,,,,Creativity,Influence,,,,,,,,,,,,,,,,,,,
776,Quote,,"You don't write because you want to say something, you write because you have something to say.",Reflections - F. Scott Fitzgerald,1932,,,,,Creativity,Purpose,,,,,,,,,,,,,,,,,,,
777,Quote,,There is nothing noble in being superior to your fellow man; true nobility is being superior to your former self.,Reflections - Ernest Hemingway,1933,,,,,Ego/Self,Growth,,,,,,,,,,,,,,,,,,,
778,Quote,,Whoever is careless with the truth in small matters cannot be trusted with important matters.,Reflections - Albert Einstein,1933,,,,,Honesty,Trust,,,,,,,,,,,,,,,,,,,
779,Quote,,The road to success is dotted with many tempting parking spaces.,Reflections - Will Rogers,1933,,,,,Fortitude,Temptation,,,,,,,,,,,,,,,,,,,
780,Quote,,To awaken alone in a strange town is one of the pleasantest sensations in the world.,Reflections - Freya Stark,1933,,,,,Creativity,Sensation,,,,,,,,,,,,,,,,,,,
781,Quote,,The artist is not a special kind of person; each person is a special kind of artist.,Reflections - Ananda Coomaraswamy,1934,,,,,Creativity,Universality,,,,,,,,,,,,,,,,,,,
782,Quote,,The art of life is a constant readjustment to our surroundings.,Essays in Zen Buddhism - D.T. Suzuki,1934,,,,,Acceptance,Adaptation,,,,,,,,,,,,,,,,,,,
783,Quote,,Never confuse a single defeat with a final defeat.,Tender Is the Night - F. Scott Fitzgerald,1934,,,,,Fortitude,Defeat,,,,,,,,,,,,,,,,,,,
784,Quote,,The value of a man resides in what he gives and not in what he is capable of receiving.,Reflections - Albert Einstein,1934,,,,,Giving,Character,,,,,,,,,,,,,,,,,,,
785,Quote,,Don’t try to become a person of success. Try to become a person of value.,Reflections - Albert Einstein,1934,,,,,Ego/Self,Value,,,,,,,,,,,,,,,,,,,
786,Quote,,Art is the elimination of the unnecessary.,Reflections - Pablo Picasso,1934,,,,,Creativity,Simplicity,,,,,,,,,,,,,,,,,,,
787,Quote,,We must embrace pain and burn it as fuel for our journey.,Reflections - Kenji Miyazawa,1934,,,,,Suffering,Purpose,,,,,,,,,,,,,,,,,,,
788,Quote,,We are not human beings having a spiritual experience; we are spiritual beings having a human experience.,Reflections - Pierre Teilhard de Chardin,1935,,,,,God,Identity,,,,,,,,,,,,,,,,,,,
789,Quote,,The most exhausting thing in life is being insincere.,Journal - Anne Morrow Lindbergh,1935,,,,,Ego/Self,Authenticity,,,,,,,,,,,,,,,,,,,
790,Quote,,"A poet is, before anything else, a person who is passionately in love with language.",Reflections - W.H. Auden,1935,,,,,Creativity,Poetry,,,,,,,,,,,,,,,,,,,
791,Quote,,Every poem is a momentary stay against the confusion of the world.,Reflections - Robert Frost,1935,,,,,Creativity,Clarity,,,,,,,,,,,,,,,,,,,
792,Quote,,"Real joy comes not from ease or riches or from the praise of men, but from doing something worthwhile together.",Reflections - Wilfred Grenfell,1935,,,,,Togetherness,Fulfillment,,,,,,,,,,,,,,,,,,,
793,Quote,,No one can make you feel inferior without your consent.,Reflections - Eleanor Roosevelt,1935,,,,,Conflict,Self-Worth,,,,,,,,,,,,,,,,,,,
794,Quote,,Jealousy is the tribute mediocrity pays to genius.,Reflections - Fulton J. Sheen,1935,,,,,Conflict,Envy,,,,,,,,,,,,,,,,,,,
795,Quote,,"Even in silence, God is working.",Reflections - Watchman Nee,1935,,,,,God,Trust,,,,,,,,,,,,,,,,,,,
796,Quote,,Grace doesn't just pardon—it empowers.,Reflections - Watchman Nee,1935,,,,,Grace,Empowerment,,,,,,,,,,,,,,,,,,,
797,Quote,,I refuse to join any club that would have me as a member.,Reflections - Groucho Marx,1935,,,,,Humor,Self-Deprecation,,,,,,,,,,,,,,,,,,,
798,Quote,,The only difference between a rut and a grave is the depth.,Reflections - Ellen Glasgow,1935,,,,,Humor,Irony,,,,,,,,,,,,,,,,,,,
799,Quote,,I cook with wine. Sometimes I even add it to the food.,Reflections - W.C. Fields,1935,,,,,Humor,Drinking,,,,,,,,,,,,,,,,,,,
800,Quote,,Humor is reason gone mad.,Reflections - Groucho Marx,1935,,,,,Humor,Wit,,,,,,,,,,,,,,,,,,,
801,Quote,,What we are looking for is what is looking.,Talks with Ramana Maharshi - Ramana Maharshi,1935,,,,,Consciousness,Awareness,,,,,,,,,,,,,,,,,,,
802,Quote,,Love is a sacred reserve of energy; it is like the blood of spiritual evolution.,Letters to a Student - Pierre Teilhard de Chardin,1936,,,,,Love,Energy,,,,,,,,,,,,,,,,,,,
803,Quote,,Where there is love there is life.,Collected Speeches - Mahatma Gandhi,1936,,,,,Love,Vitality,,,,,,,,,,,,,,,,,,,
804,Quote,,Love is the most powerful and still most unknown energy in the world.,Letter to a Nun - Pierre Teilhard de Chardin,1936,,,,,Love,Mystery,,,,,,,,,,,,,,,,,,,
805,Quote,,Inaction breeds doubt and fear. Action breeds confidence and courage.,Self-Help - Dale Carnegie,1936,,,,,Fortitude,Action,,,,,,,,,,,,,,,,,,,
806,Quote,,Act as if it were impossible to fail.,Personal Sayings - Dorothea Brande,1936,,,,,Fortitude,Confidence,,,,,,,,,,,,,,,,,,,
807,Quote,,Act boldly and unseen forces will come to your aid.,Reflections - Dorothea Brande,1936,,,,,Fortitude,Boldness,,,,,,,,,,,,,,,,,,,
808,Quote,,An artist is someone who can hold two opposing viewpoints and still remain fully functional.,Reflections - F. Scott Fitzgerald,1936,,,,,Creativity,Paradox,,,,,,,,,,,,,,,,,,,
809,Quote,,There are two ways of meeting difficulties: you alter the difficulties or you alter yourself to meet them.,Reflections - Phyllis Bottome,1936,,,,,Conflict,Adaptation,,,,,,,,,,,,,,,,,,,
810,Quote,,"You gain strength, courage and confidence by every experience in which you really stop to look fear in the face.",Speech - Eleanor Roosevelt,1937,,,,,Fortitude,Courage,,,,,,,,,,,,,,,,,,,
811,Quote,,Most great people have attained their greatest success just one step beyond their greatest failure.,Personal Sayings - Napoleon Hill,1937,,,,,Fortitude,Breakthrough,,,,,,,,,,,,,,,,,,,
812,Quote,,Victory is always possible for the person who refuses to stop fighting.,Reflections - Napoleon Hill,1937,,,,,Fortitude,Battle,,,,,,,,,,,,,,,,,,,
813,Quote,,"Each friend represents a world in us, a world possibly not born until they arrive.",Reflections - Anaïs Nin,1937,,,,,Togetherness,Friendship,,,,,,,,,,,,,,,,,,,
814,Quote,,There are years that ask questions and years that answer.,Their Eyes Were Watching God - Zora Neale Hurston,1937,,,,,Time,Seasonality,,,,,,,,,,,,,,,,,,,
815,Quote,,Adversity introduces a man to himself.,Meditations - Albert Einstein,1938,,,,,Fortitude,Self-Discovery,,,,,,,,,,,,,,,,,,,
816,Quote,,"Love does not consist in gazing at each other, but in looking outward together in the same direction.","Wind, Sand and Stars - Antoine de Saint-Exupéry",1939,,,,,Love,Unity,,,,,,,,,,,,,,,,,,,
817,Quote,,"When you come to the end of your rope, tie a knot and hang on.",Personal Sayings - Franklin D. Roosevelt,1939,,,,,Fortitude,Endurance,,,,,,,,,,,,,,,,,,,
818,Quote,,"Art is a collaboration between God and the artist, and the less the artist does the better.",Reflections - André Gide,1939,,,,,Creativity,Surrender,,,,,,,,,,,,,,,,,,,
819,Quote,,"If I had no sense of humor, I would long ago have committed suicide.",Reflections - Mahatma Gandhi,1939,,,,,Humor,Survival,,,,,,,,,,,,,,,,,,,
820,Quote,,"The truth is incontrovertible. Malice may attack it, ignorance may deride it, but in the end, there it is.",Speech - Winston Churchill,1940,,,,,Honesty,Endurance,,,,,,,,,,,,,,,,,,,
821,Quote,,Hardships often prepare ordinary people for an extraordinary destiny.,The Problem of Pain - C.S. Lewis,1940,,,,,Fortitude,Hardship,,,,,,,,,,,,,,,,,,,
822,Quote,,Success is stumbling from failure to failure with no loss of enthusiasm.,Personal Sayings - Winston Churchill,1940,,,,,Fortitude,Spirit,,,,,,,,,,,,,,,,,,,
823,Quote,,It is every man's obligation to put back into the world at least the equivalent of what he takes out of it.,Reflections - Albert Einstein,1940,,,,,Giving,Responsibility,,,,,,,,,,,,,,,,,,,
824,Quote,,There is no coming to consciousness without pain.,Reflections - Carl Jung,1940,,,,,Ego/Self,Awakening,,,,,,,,,,,,,,,,,,,
825,Quote,,Your visions will become clear only when you can look into your own heart.,Reflections - Carl Jung,1940,,,,,Spirit/Soul,Vision,,,,,,,,,,,,,,,,,,,
826,Quote,,Creativity takes courage.,Reflections - Henri Matisse,1940,,,,,Creativity,Bravery,,,,,,,,,,,,,,,,,,,
827,Quote,,Painting is just another way of keeping a diary.,Reflections - Pablo Picasso,1940,,,,,Creativity,Memory,,,,,,,,,,,,,,,,,,,
828,Quote,,"Sobriety is a journey, not a destination.",Reflections - Bill W.,1940,,,,,Recovery,Sobriety,,,,,,,,,,,,,,,,,,,
829,Quote,,"If you're going through hell, keep going.",Reflections - Winston Churchill,1940,,,,,Recovery,Persistence,,,,,,,,,,,,,,,,,,,
830,Quote,,"God whispers to us in our pleasures, speaks in our conscience, but shouts in our pains: it is His megaphone to rouse a deaf world.",The Problem of Pain - C.S. Lewis,1940,,,,,Suffering,Divine Voice,,,,,,,,,,,,,,,,,,,
831,Quote,,Pain insists upon being attended to.,The Problem of Pain - C.S. Lewis,1940,,,,,Suffering,Attention,,,,,,,,,,,,,,,,,,,
832,Quote,,"If you are going through hell, keep going.",Reflections - Winston Churchill,1940,,,,,Suffering,Endurance,,,,,,,,,,,,,,,,,,,
833,Quote,,"The truth is incontrovertible. Malice may attack it, ignorance may deride it, but in the end, there it is.",Reflections - Winston Churchill,1940,,,,,Truth,Endurance,,,,,,,,,,,,,,,,,,,
834,Quote,,"God whispers to us in our pleasures, speaks in our conscience, but shouts in our pain.",The Problem of Pain - C.S. Lewis,1940,,,,,God,Suffering,,,,,,,,,,,,,,,,,,,
835,Quote,,I am free of all prejudice. I hate everyone equally.,Reflections - W.C. Fields,1940,,,,,Humor,Cynicism,,,,,,,,,,,,,,,,,,,
836,Quote,,"If you're going through hell, keep going. But maybe bring a sandwich.",Adaptation - Winston Churchill (modified),1940,,,,,Humor,Endurance,,,,,,,,,,,,,,,,,,,
837,Quote,,You grow up the day you have your first real laugh—at yourself.,Reflections - Ethel Barrymore,1940,,,,,Humor,Maturity,,,,,,,,,,,,,,,,,,,
838,Quote,,"Laughter is the tonic, the relief, the surcease for pain.",Reflections - Charlie Chaplin,1940,,,,,Humor,Remedy,,,,,,,,,,,,,,,,,,,
839,Quote,,True love begins when nothing is looked for in return.,Sermon - Antoine de Saint-Exupéry,1941,,,,,Love,Selflessness,,,,,,,,,,,,,,,,,,,
840,Quote,,"Success is not final, failure is not fatal: it is the courage to continue that counts.",Speech - Winston Churchill,1941,,,,,Fortitude,Courage,,,,,,,,,,,,,,,,,,,
841,Quote,,"Never give in. Never give in. Never, never, never.",Speech - Winston Churchill,1941,,,,,Fortitude,Tenacity,,,,,,,,,,,,,,,,,,,
842,Quote,,"Never, never, never give up.",Speech - Winston Churchill,1941,,,,,Fortitude,Resolve,,,,,,,,,,,,,,,,,,,
843,Quote,,Step by step and the thing is done.,Aphorisms - Charles Atlas,1941,,,,,Fortitude,Patience,,,,,,,,,,,,,,,,,,,
844,Quote,,"If you're going through hell, keep going.",Speech - Winston Churchill,1941,,,,,Fortitude,Endurance,,,,,,,,,,,,,,,,,,,
845,Quote,,He who has God and everything else has no more than he who has God only.,The Weight of Glory - C.S. Lewis,1941,,,,,God,Sufficiency,,,,,,,,,,,,,,,,,,,
846,Quote,,Accept yourself as you were designed.,The Weight of Glory - C.S. Lewis,1942,,,,,Acceptance,Design,,,,,,,,,,,,,,,,,,,
847,Quote,,A good poem is a contribution to reality.,Reflections - Wallace Stevens,1942,,,,,Creativity,Reality,,,,,,,,,,,,,,,,,,,
848,Quote,,"In the depth of winter, I finally learned that within me there lay an invincible summer.",Reflections - Albert Camus,1942,,,,,Healing,Resilience,,,,,,,,,,,,,,,,,,,
849,Quote,,"Despair is the price one pays for self-awareness. Look deeply into life, and you'll always find despair.",The Myth of Sisyphus - Albert Camus,1942,,,,,Suffering,Existentialism,,,,,,,,,,,,,,,,,,,
850,Quote,,There is no affection without attention.,Reflections - Simone Weil,1942,,,,,Affection,Focus,,,,,,,,,,,,,,,,,,,
851,Quote,,Nobody realizes that some people expend tremendous energy merely to be normal.,Reflections - Albert Camus,1942,,,,,Struggle,Inner Life,,,,,,,,,,,,,,,,,,,
852,Quote,,God grant me the serenity to accept the things I cannot change...,The Serenity Prayer - Reinhold Niebuhr,1943,,,,,Acceptance,Change,,,,,,,,,,,,,,,,,,,
853,Quote,,"What labels me, negates me.",Being and Nothingness - Jean-Paul Sartre,1943,,,,,Ego/Self,Labeling,,,,,,,,,,,,,,,,,,,
854,Quote,,It is only with the heart that one can see rightly. What is essential is invisible to the eye.,The Little Prince - Antoine de Saint-Exupéry,1943,,,,,Spirit/Soul,Perception,,,,,,,,,,,,,,,,,,,
855,Quote,,Sometimes the most important thing in a whole day is the rest we take between two deep breaths.,Reflections - Etty Hillesum,1943,,,,,Spirit/Soul,Stillness,,,,,,,,,,,,,,,,,,,
856,Quote,,Real love begins where nothing is expected in return.,Reflections - Antoine de Saint-Exupéry,1943,,,,,Togetherness,Selflessness,,,,,,,,,,,,,,,,,,,
857,Quote,,Freedom is what you do with what's been done to you.,Reflections - Jean-Paul Sartre,1943,,,,,Responsibility,Response,,,,,,,,,,,,,,,,,,,
858,Quote,,Gratitude changes the pangs of memory into a tranquil joy.,Diary - Dietrich Bonhoeffer,1944,,,,,Gratitude,Memory,,,,,,,,,,,,,,,,,,,
859,Quote,,In a time of deceit telling the truth is a revolutionary act.,Personal Sayings - George Orwell,1944,,,,,Honesty,Dissent,,,,,,,,,,,,,,,,,,,
860,Quote,,"We make a living by what we get, but we make a life by what we give.",Speech - Winston Churchill,1944,,,,,Giving,Purpose,,,,,,,,,,,,,,,,,,,
861,Quote,,No one has ever become poor by giving.,The Diary of Anne Frank - Anne Frank,1944,,,,,Giving,Abundance,,,,,,,,,,,,,,,,,,,
862,Quote,,"You can always, always give something—even if it is only kindness.",Diary of a Young Girl - Anne Frank,1944,,,,,Kindness,Possibility,,,,,,,,,,,,,,,,,,,
863,Quote,,"I believe in the sun even when it is not shining, in love even when I do not feel it, in God even when He is silent.",Reflections - Holocaust Survivor,1944,,,,,God,Belief,,,,,,,,,,,,,,,,,,,
864,Quote,,A bend in the road is not the end of the road... unless you fail to make the turn.,Reflections - Helen Keller,1945,,,,,Fortitude,Adaptability,,,,,,,,,,,,,,,,,,,
865,Quote,,"We do not see things as they are, we see them as we are.",Reflections - Anaïs Nin,1945,,,,,Ego/Self,Projection,,,,,,,,,,,,,,,,,,,
866,Quote,,"To draw, you must close your eyes and sing.",Reflections - Pablo Picasso,1945,,,,,Creativity,Expression,,,,,,,,,,,,,,,,,,,
867,Quote,,"You can’t go back and change the beginning, but you can start where you are and change the ending.",Reflections - C.S. Lewis,1945,,,,,Recovery,Hope,,,,,,,,,,,,,,,,,,,
868,Quote,,Adversity introduces a man to himself.,Reflections - Albert Einstein,1945,,,,,Suffering,Self-Knowledge,,,,,,,,,,,,,,,,,,,
869,Quote,,In the middle of difficulty lies opportunity.,Reflections - Albert Einstein,1945,,,,,Conflict,Opportunity,,,,,,,,,,,,,,,,,,,
870,Quote,,Humor is emotional chaos remembered in tranquility.,Reflections - James Thurber,1945,,,,,Humor,Memory,,,,,,,,,,,,,,,,,,,
871,Quote,,"One does not become enlightened by imagining figures of light, but by making the darkness conscious.",Reflections - Carl Jung,1945,,,,,Shadow,Light,,,,,,,,,,,,,,,,,,,
872,Quote,,Gratitude in silence is not much use to anyone.,Newspaper Interview - Gladys Bronwyn Stern,1946,,,,,Gratitude,Expression,,,,,,,,,,,,,,,,,,,
873,Quote,,Happiness can exist only in acceptance.,Essays in Philosophy - George Orwell,1946,,,,,Acceptance,Happiness,,,,,,,,,,,,,,,,,,,
874,Quote,,What is to give light must endure burning.,Personal Letter - Viktor Frankl,1946,,,,,Acceptance,Sacrifice,,,,,,,,,,,,,,,,,,,
875,Quote,,Persistence guarantees that results are inevitable.,Reflections - Paramahansa Yogananda,1946,,,,,Fortitude,Determination,,,,,,,,,,,,,,,,,,,
876,Quote,,"Self-realization is the knowing in all parts of the body, mind, and soul that you are now in possession of the kingdom of God.",Teachings - Paramahansa Yogananda,1946,,,,,Ego/Self,Realization,,,,,,,,,,,,,,,,,,,
877,Quote,,"The spark of divinity is in every soul, waiting to be fanned into flame.",Reflections - Paramahansa Yogananda,1946,,,,,Spirit/Soul,Divinity,,,,,,,,,,,,,,,,,,,
878,Quote,,The writer is by nature a dreamer – a conscious dreamer.,Reflections - Carson McCullers,1946,,,,,Creativity,Dreaming,,,,,,,,,,,,,,,,,,,
879,Quote,,Art is a wound turned into light.,Reflections - Georges Braque,1946,,,,,Creativity,Transformation,,,,,,,,,,,,,,,,,,,
880,Quote,,"When we are no longer able to change a situation, we are challenged to change ourselves.",Man's Search for Meaning - Viktor Frankl,1946,,,,,Creativity,Transformation,,,,,,,,,,,,,,,,,,,
881,Quote,,Suffering ceases to be suffering at the moment it finds a meaning.,Man's Search for Meaning - Viktor E. Frankl,1946,,,,,Suffering,Meaning,,,,,,,,,,,,,,,,,,,
882,Quote,,"If there is meaning in life at all, then there must be meaning in suffering.",Man’s Search for Meaning - Viktor E. Frankl,1946,,,,,Suffering,Purpose,,,,,,,,,,,,,,,,,,,
883,Quote,,We cannot solve our problems with the same thinking we used when we created them.,Reflections - Albert Einstein,1946,,,,,Conflict,Change,,,,,,,,,,,,,,,,,,,
884,Quote,,"When we are no longer able to change a situation, we are challenged to change ourselves.",Man’s Search for Meaning - Viktor E. Frankl,1946,,,,,Conflict,Acceptance,,,,,,,,,,,,,,,,,,,
885,Quote,,"It is difficult, when faced with a situation you cannot control, to admit you can do nothing.",Man’s Search for Meaning - Viktor E. Frankl,1946,,,,,Truth,Acceptance,,,,,,,,,,,,,,,,,,,
886,Quote,,"The power of humor is not to escape reality, but to face it more gently.",Reflections - Viktor Frankl,1946,,,,,Humor,Survival,,,,,,,,,,,,,,,,,,,
887,Quote,,A held hand can sometimes hold back despair.,Reflections - Viktor Frankl,1946,,,,,Affection,Survival,,,,,,,,,,,,,,,,,,,
888,Quote,,"When we are no longer able to change a situation, we are challenged to change ourselves.",Man's Search for Meaning - Viktor Frankl,1946,,,,,Change,Adaptation,,,,,,,,,,,,,,,,,,,
889,Quote,,Peace cannot be kept by force; it can only be achieved by understanding.,Reflections - Albert Einstein,1947,,,,,Conflict,Peace,,,,,,,,,,,,,,,,,,,
890,Quote,,"Love is a fire. But whether it is going to warm your hearth or burn down your house, you can never tell.",Interview - Joan Crawford,1947,,,,,Love,Passion,,,,,,,,,,,,,,,,,,,
891,Quote,,Drawing is like making an expressive gesture with the advantage of permanence.,Reflections - Henri Matisse,1947,,,,,Creativity,Drawing,,,,,,,,,,,,,,,,,,,
892,Quote,,"We write to taste life twice, in the moment and in retrospect.",Reflections - Anaïs Nin,1947,,,,,Creativity,Memory,,,,,,,,,,,,,,,,,,,
893,Quote,,Conflict is the beginning of consciousness.,Reflections - M. Esther Harding,1947,,,,,Conflict,Awareness,,,,,,,,,,,,,,,,,,,
894,Quote,,The meaning of life is to find your gift. The purpose of life is to give it away.,Reflections - Pablo Picasso,1948,,,,,Giving,Purpose,,,,,,,,,,,,,,,,,,,
895,Quote,,Fellowship is life’s chiefest joy.,The Inklings - C.S. Lewis,1948,,,,,Togetherness,Fellowship,,,,,,,,,,,,,,,,,,,
896,Quote,,There is no place where God is not.,Reflections - A.W. Tozer,1948,,,,,God,Omnipresence,,,,,,,,,,,,,,,,,,,
897,Quote,,"In the stillness, God speaks loudest.",Reflections - A.W. Tozer,1948,,,,,God,Stillness,,,,,,,,,,,,,,,,,,,
898,Quote,,Attachment is the great fabricator of illusions; reality can be attained only by someone who is detached.,Reflections - Simone Weil,1949,,,,,Ego/Self,Attachment,,,,,,,,,,,,,,,,,,,
899,Quote,,"The further a society drifts from the truth, the more it will hate those who speak it.",Reflections - George Orwell,1949,,,,,Truth,Dissent,,,,,,,,,,,,,,,,,,,
900,Quote,,Don't watch the clock; do what it does. Keep going.,Reflections - Sam Levenson,1950,,,,,Fortitude,Focus,,,,,,,,,,,,,,,,,,,
901,Quote,,"To fear love is to fear life, and those who fear life are already three parts dead.",Man and the State - Bertrand Russell,1950,,,,,Love,Fear,,,,,,,,,,,,,,,,,,,
902,Quote,,Success seems to be largely a matter of hanging on after others have let go.,Reflections - William Feather,1950,,,,,Fortitude,Persistence,,,,,,,,,,,,,,,,,,,
903,Quote,,"The true meaning of life is to plant trees, under whose shade you do not expect to sit.",Reflections - Nelson Henderson,1950,,,,,Generosity,Legacy,,,,,,,,,,,,,,,,,,,
904,Quote,,"You are a soul carrying a body, not a body carrying a soul.",Teachings - Pierre Teilhard de Chardin,1950,,,,,Spirit/Soul,Essence,,,,,,,,,,,,,,,,,,,
905,Quote,,Art washes away from the soul the dust of everyday life.,Reflections - Pablo Picasso,1950,,,,,Creativity,Healing,,,,,,,,,,,,,,,,,,,
906,Quote,,Every human being is a part of the whole called by us universe.,Ethics - Albert Einstein,1950,,,,,Togetherness,Wholeness,,,,,,,,,,,,,,,,,,,
907,Quote,,Even miracles take a little time.,Cinderella - Fairy Godmother,1950,,,,,Healing,Time,,,,,,,,,,,,,,,,,,,
908,Quote,,It is when we are most lost that we sometimes find our truest friends.,Reflections - C.S. Lewis,1950,,,,,Suffering,Friendship,,,,,,,,,,,,,,,,,,,
909,Quote,,Pain is the price we pay for being alive.,Reflections - Edith Hamilton,1950,,,,,Suffering,Aliveness,,,,,,,,,,,,,,,,,,,
910,Quote,,"When you point one finger, there are three fingers pointing back to you.",Reflections - Unknown,1950,,,,,Conflict,Blame,,,,,,,,,,,,,,,,,,,
911,Quote,,Truth has no special time of its own. Its hour is now—always.,Reflections - Albert Schweitzer,1950,,,,,Truth,Timelessness,,,,,,,,,,,,,,,,,,,
912,Quote,,God never hurries. There are no deadlines against which He must work.,Reflections - A.W. Tozer,1950,,,,,God,Timing,,,,,,,,,,,,,,,,,,,
913,Quote,,Only through grace are we enabled to live above our fears.,Reflections - A.W. Tozer,1950,,,,,Grace,Courage,,,,,,,,,,,,,,,,,,,
914,Quote,,"Like a welcome summer rain, humor may suddenly cleanse and cool the earth, the air, and you.",Reflections - Langston Hughes,1950,,,,,Humor,Renewal,,,,,,,,,,,,,,,,,,,
915,Quote,,A day without laughter is a day wasted.,Reflections - Charlie Chaplin,1950,,,,,Humor,Daily Life,,,,,,,,,,,,,,,,,,,
916,Quote,,A kiss is a secret told to the mouth instead of the ear.,Reflections - Ingrid Bergman,1950,,,,,Affection,Intimacy,,,,,,,,,,,,,,,,,,,
917,Quote,,To be held is to be reminded you are not alone.,Reflections - Carl Jung,1950,,,,,Affection,Belonging,,,,,,,,,,,,,,,,,,,
918,Quote,,I have nothing to offer you but my own confusion.,Journals - Jack Kerouac,1950,,,,,Honesty,Vulnerability,,,,,,,,,,,,,,,,,,,
919,Quote,,The giving of love is an education in itself.,Interview - Eleanor Roosevelt,1951,,,,,Love,Learning,,,,,,,,,,,,,,,,,,,
920,Quote,,Love is what you've been through with somebody.,Interview - James Thurber,1951,,,,,Love,Experience,,,,,,,,,,,,,,,,,,,
921,Quote,,"The only way to make sense out of change is to plunge into it, move with it, and join the dance.",The Wisdom of Insecurity - Alan Watts,1951,,,,,Acceptance,Change,,,,,,,,,,,,,,,,,,,
922,Quote,,Real generosity toward the future lies in giving all to the present.,The Rebel - Albert Camus,1951,,,,,Generosity,Presence,,,,,,,,,,,,,,,,,,,
923,Quote,,Real generosity toward the future lies in giving all to the present.,The Rebel - Albert Camus,1951,,,,,Generosity,Time,,,,,,,,,,,,,,,,,,,
924,Quote,,The only way to deal with an unfree world is to become so absolutely free that your very existence is an act of rebellion.,Reflections - Albert Camus,1951,,,,,Creativity,Freedom,,,,,,,,,,,,,,,,,,,
925,Quote,,"The only way to make sense out of change is to plunge into it, move with it, and join the dance.",Reflections - Alan Watts,1951,,,,,Healing,Change,,,,,,,,,,,,,,,,,,,
926,Quote,,We cannot be more sensitive to pleasure without being more sensitive to pain.,Reflections - Alan Watts,1951,,,,,Suffering,Sensitivity,,,,,,,,,,,,,,,,,,,
927,Quote,,You become strong by doing the things you think you cannot do.,Reflections - Eleanor Roosevelt,1951,,,,,Suffering,Strength,,,,,,,,,,,,,,,,,,,
928,Quote,,Never be afraid to raise your voice for honesty and truth and compassion against injustice and lying and greed.,Reflections - William Faulkner,1951,,,,,Truth,Justice,,,,,,,,,,,,,,,,,,,
929,Quote,,"God is not a being among other beings, but Being itself.",Reflections - Paul Tillich,1951,,,,,God,Ontology,,,,,,,,,,,,,,,,,,,
930,Quote,,God’s silence is more powerful than human eloquence.,Reflections - Abraham Joshua Heschel,1951,,,,,God,Mystery,,,,,,,,,,,,,,,,,,,
931,Quote,,Gratitude is a quality similar to electricity: it must be produced and discharged and used up in order to exist at all.,Interview - William Faulkner,1952,,,,,Gratitude,Action,,,,,,,,,,,,,,,,,,,
932,Quote,,Be honest in your praise and fearless in your criticism.,Notes to Writers - John Steinbeck,1952,,,,,Honesty,Critique,,,,,,,,,,,,,,,,,,,
933,Quote,,"Humility is not thinking less of yourself, it is thinking of yourself less.",Mere Christianity - C.S. Lewis,1952,,,,,Ego/Self,Humility,,,,,,,,,,,,,,,,,,,
934,Quote,,You do not have a soul. You are a soul. You have a body.,Letters - C.S. Lewis (attributed),1952,,,,,Spirit/Soul,Identity,,,,,,,,,,,,,,,,,,,
935,Quote,,A writer should write what he has to say and not speak it.,Reflections - Ernest Hemingway,1952,,,,,Creativity,Discipline,,,,,,,,,,,,,,,,,,,
936,Quote,,The camera is an instrument that teaches people how to see without a camera.,Reflections - Dorothea Lange,1952,,,,,Creativity,Photography,,,,,,,,,,,,,,,,,,,
937,Quote,,Peace is not the absence of conflict but the presence of creative alternatives for responding to conflict.,Reflections - Dorothy Thompson,1952,,,,,Conflict,Resolution,,,,,,,,,,,,,,,,,,,
938,Quote,,"We can ignore God, but we cannot escape Him.",Mere Christianity - C.S. Lewis,1952,,,,,God,Presence,,,,,,,,,,,,,,,,,,,
939,Quote,,Every grace carries responsibility.,Reflections - Dorothy Day,1952,,,,,Grace,Responsibility,,,,,,,,,,,,,,,,,,,
940,Quote,,"In the depth of winter, I finally learned that within me there lay an invincible summer.",Reflections - Albert Camus,1952,,,,,Resilience,Inner Strength,,,,,,,,,,,,,,,,,,,
941,Quote,,The best thing to hold onto in life is each other.,Interview - Audrey Hepburn,1953,,,,,Love,Companionship,,,,,,,,,,,,,,,,,,,
942,Quote,,Kindness makes a fellow feel good whether it’s being done to him or by him.,Reflections - Frank A. Clark,1953,,,,,Kindness,Reciprocity,,,,,,,,,,,,,,,,,,,
943,Quote,,"Man is not what he thinks he is, he is what he hides.",Reflections - André Malraux,1953,,,,,Ego/Self,Shadow,,,,,,,,,,,,,,,,,,,
944,Quote,,"It is not the mountain we conquer, but ourselves.",Reflections - Edmund Hillary,1953,,,,,Nature/Natural,Challenge,,,,,,,,,,,,,,,,,,,
945,Quote,,A writer is someone for whom writing is more difficult than it is for other people.,Reflections - Thomas Mann,1953,,,,,Creativity,Struggle,,,,,,,,,,,,,,,,,,,
946,Quote,,Every child is an artist. The problem is how to remain an artist once we grow up.,Reflections - Pablo Picasso,1953,,,,,Creativity,Childhood,,,,,,,,,,,,,,,,,,,
947,Quote,,Understanding is a two-way street.,Reflections - Eleanor Roosevelt,1953,,,,,Conflict,Communication,,,,,,,,,,,,,,,,,,,
948,Quote,,There is no coming to consciousness without pain.,Reflections - Carl Jung,1953,,,,,Transformation,Suffering,,,,,,,,,,,,,,,,,,,
949,Quote,,The first duty of love is to listen.,Sermon - Paul Tillich,1954,,,,,Love,Listening,,,,,,,,,,,,,,,,,,,
950,Quote,,"Love cannot be forced, love cannot be coaxed and teased. It comes out of heaven, unasked and unsought.",The Story of My Life - Pearl S. Buck,1954,,,,,Love,Surrender,,,,,,,,,,,,,,,,,,,
951,Quote,,"Until we accept our shadow, we project it onto others.",Archetypes and the Collective Unconscious - Carl Jung,1954,,,,,Acceptance,Shadow,,,,,,,,,,,,,,,,,,,
952,Quote,,There is no exercise better for the heart than reaching down and lifting people up.,Reflections - John Holmes,1954,,,,,Kindness,Uplifting,,,,,,,,,,,,,,,,,,,
953,Quote,,"Until you make the unconscious conscious, it will direct your life and you will call it fate.",Reflections - Carl Jung,1954,,,,,Ego/Self,Awareness,,,,,,,,,,,,,,,,,,,
954,Quote,,"Self-knowledge is not only the beginning of wisdom, it is the key to liberation.",Reflections - Jiddu Krishnamurti,1954,,,,,Ego/Self,Liberation,,,,,,,,,,,,,,,,,,,
955,Quote,,You are not what has happened to you. You are what you choose to become.,Reflections - Carl Jung,1954,,,,,Ego/Self,Choice,,,,,,,,,,,,,,,,,,,
956,Quote,,An essential aspect of creativity is not being afraid to fail.,Reflections - Edwin Land,1954,,,,,Creativity,Risk,,,,,,,,,,,,,,,,,,,
957,Quote,,Dance first. Think later. It's the natural order.,Reflections - Samuel Beckett,1954,,,,,Creativity,Movement,,,,,,,,,,,,,,,,,,,
958,Quote,,Even the smallest person can change the course of the future—with others.,Fellowship of the Ring - J.R.R. Tolkien,1954,,,,,Togetherness,Courage,,,,,,,,,,,,,,,,,,,
959,Quote,,There is no coming to consciousness without pain.,Reflections - Carl Jung,1954,,,,,Suffering,Awareness,,,,,,,,,,,,,,,,,,,
960,Quote,,"We are all broken, that’s how the light gets in.",Reflections - Ernest Hemingway,1954,,,,,Suffering,Light,,,,,,,,,,,,,,,,,,,
961,Quote,,"Humor is a prelude to faith, and laughter is the beginning of prayer.",Reflections - Reinhold Niebuhr,1954,,,,,Humor,Spirituality,,,,,,,,,,,,,,,,,,,
962,Quote,,In three words I can sum up everything I've learned about life: it goes on.,Reflections - Robert Frost,1954,,,,,Life,Endurance,,,,,,,,,,,,,,,,,,,
963,Quote,,We are not human beings having a spiritual experience; we are spiritual beings having a human experience—together.,Reflections - Pierre Teilhard de Chardin,1955,,,,,Togetherness,Spirituality,,,,,,,,,,,,,,,,,,,
964,Quote,,Love is the affinity which links and draws together the elements of the world.,The Phenomenon of Man - Pierre Teilhard de Chardin,1955,,,,,Love,Unity,,,,,,,,,,,,,,,,,,,
965,Quote,,You cannot swim for new horizons until you have courage to lose sight of the shore.,Interview - William Faulkner,1955,,,,,Acceptance,Risk,,,,,,,,,,,,,,,,,,,
966,Quote,,The truth does not change according to our ability to stomach it.,Personal Letters - Flannery O’Connor,1955,,,,,Acceptance,Truth,,,,,,,,,,,,,,,,,,,
967,Quote,,The truth does not change according to our ability to stomach it.,Letters - Flannery O’Connor,1955,,,,,Honesty,Courage,,,,,,,,,,,,,,,,,,,
968,Quote,,Nothing is impossible. The word itself says ‘I’m possible!’,Reflections - Audrey Hepburn,1955,,,,,Fortitude,Optimism,,,,,,,,,,,,,,,,,,,
969,Quote,,"The heart that gives, gathers.",Reflections - Marianne Moore,1955,,,,,Giving,Return,,,,,,,,,,,,,,,,,,,
970,Quote,,The first product of self-knowledge is humility.,Reflections - Flannery O’Connor,1955,,,,,Ego/Self,Humility,,,,,,,,,,,,,,,,,,,
971,Quote,,We are not human beings having a spiritual experience. We are spiritual beings having a human experience.,The Phenomenon of Man - Pierre Teilhard de Chardin,1955,,,,,Ego/Self,Identity,,,,,,,,,,,,,,,,,,,
972,Quote,,Joy is the infallible sign of the presence of God.,Reflections - Pierre Teilhard de Chardin,1955,,,,,Spirit/Soul,Joy,,,,,,,,,,,,,,,,,,,
973,Quote,,The sea does not reward those who are too anxious.,Gift from the Sea - Anne Morrow Lindbergh,1955,,,,,Nature/Natural,Trust,,,,,,,,,,,,,,,,,,,
974,Quote,,Art enables us to find ourselves and lose ourselves at the same time.,No Man Is an Island - Thomas Merton,1955,,,,,Creativity,Self,,,,,,,,,,,,,,,,,,,
975,Quote,,A candle loses nothing by lighting another candle.,Reflections - James Keller,1955,,,,,Togetherness,Generosity,,,,,,,,,,,,,,,,,,,
976,Quote,,We do not find the meaning of life by ourselves alone—we find it with one another.,Reflections - Thomas Merton,1955,,,,,Togetherness,Meaning,,,,,,,,,,,,,,,,,,,
977,Quote,,Love is what makes the ride worthwhile.,Reflections - Franklin P. Jones,1955,,,,,Togetherness,Experience,,,,,,,,,,,,,,,,,,,
978,Quote,,The truth does not change according to our ability to stomach it emotionally.,Reflections - Flannery O’Connor,1955,,,,,Conflict,Truth,,,,,,,,,,,,,,,,,,,
979,Quote,,Whoever is careless with the truth in small matters cannot be trusted with important matters.,Reflections - Albert Einstein,1955,,,,,Truth,Integrity,,,,,,,,,,,,,,,,,,,
980,Quote,,Truth does not change according to our ability to stomach it.,Reflections - Flannery O’Connor,1955,,,,,Truth,Courage,,,,,,,,,,,,,,,,,,,
981,Quote,,God doesn’t want something from us. He simply wants us.,Reflections - C.S. Lewis,1955,,,,,God,Relationship,,,,,,,,,,,,,,,,,,,
982,Quote,,"In every moment of genuine love, God is present.",Reflections - Thomas Merton,1955,,,,,God,Love,,,,,,,,,,,,,,,,,,,
983,Quote,,Grace is the badge of the soul set free.,Reflections - Thomas Merton,1955,,,,,Grace,Freedom,,,,,,,,,,,,,,,,,,,
984,Quote,,Grace is the final form of love.,Reflections - Reinhold Niebuhr,1955,,,,,Grace,Love,,,,,,,,,,,,,,,,,,,
985,Quote,,"The healing begins with a touch that says, “You’re safe.”",Reflections - Carl Jung (paraphrased),1955,,,,,Affection,Healing,,,,,,,,,,,,,,,,,,,
986,Quote,,The privilege of a lifetime is to become who you truly are.,Reflections - Carl Jung,1955,,,,,Identity,Authenticity,,,,,,,,,,,,,,,,,,,
987,Quote,,We are not human beings having a spiritual experience. We are spiritual beings having a human experience.,Reflections - Pierre Teilhard de Chardin,1955,,,,,Spirit,Embodiment,,,,,,,,,,,,,,,,,,,
988,Quote,,"Blessed are the cracked, for they let in the light.",Reflections - Groucho Marx (attributed),1955,,,,,Humor,Imperfection,,,,,,,,,,,,,,,,,,,
989,Quote,,"You can’t go back and change the beginning, but you can start where you are and change the ending.",Reflections - C.S. Lewis,1955,,,,,Change,Redemption,,,,,,,,,,,,,,,,,,,
990,Quote,,Love is the only sane and satisfactory answer to the problem of human existence.,The Art of Loving - Erich Fromm,1956,,,,,Love,Purpose,,,,,,,,,,,,,,,,,,,
991,Quote,,Love means to commit yourself without guarantee.,The Art of Loving - Erich Fromm,1956,,,,,Love,Commitment,,,,,,,,,,,,,,,,,,,
992,Quote,,Lying is done with words and also with silence.,The Fall - Albert Camus,1956,,,,,Honesty,Omission,,,,,,,,,,,,,,,,,,,
993,Quote,,"Truth is like the sun. You can shut it out for a time, but it ain’t going away.",Interview - Elvis Presley,1956,,,,,Honesty,Persistence,,,,,,,,,,,,,,,,,,,
994,Quote,,We become what we think about.,The Strangest Secret - Earl Nightingale,1956,,,,,Ego/Self,Thought,,,,,,,,,,,,,,,,,,,
995,Quote,,"There is a light in the soul which, if allowed to shine, can illuminate the whole world.",Reflections - Radhakrishnan,1956,,,,,Spirit/Soul,Illumination,,,,,,,,,,,,,,,,,,,
996,Quote,,Those who contemplate the beauty of the earth find reserves of strength that will endure as long as life lasts.,Reflections - Rachel Carson,1956,,,,,God,Nature,,,,,,,,,,,,,,,,,,,
997,Quote,,"Where love reigns, there is no will to power; and where the will to power is paramount, love is lacking.",Civilization in Transition - Carl Jung,1957,,,,,Love,Power,,,,,,,,,,,,,,,,,,,
998,Quote,,"I believe in God, only I spell it Nature.",Reflections - Frank Lloyd Wright,1957,,,,,Nature/Natural,Divinity,,,,,,,,,,,,,,,,,,,
999,Quote,,"Music is the divine way to tell beautiful, poetic things to the heart.",Reflections - Pablo Casals,1957,,,,,Creativity,Music,,,,,,,,,,,,,,,,,,,
1000,Quote,,"Life’s most persistent and urgent question is, ‘What are you doing for others?’",Reflections - Martin Luther King Jr.,1957,,,,,Togetherness,Service,,,,,,,,,,,,,,,,,,,
1001,Quote,,"It’s not the load that breaks you down, it’s the way you carry it.",Reflections - Lena Horne,1957,,,,,Recovery,Burden,,,,,,,,,,,,,,,,,,,
1002,Quote,,"I believe in God, only I spell it Nature.",Reflections - Frank Lloyd Wright,1957,,,,,God,Nature,,,,,,,,,,,,,,,,,,,
1003,Quote,,God is the beyond in our midst.,Reflections - Paul Tillich,1957,,,,,God,Mystery,,,,,,,,,,,,,,,,,,,
1004,Quote,,"We do not see things as they are, we see them as we are.",Reflections - Anaïs Nin,1958,,,,,Conflict,Perception,,,,,,,,,,,,,,,,,,,
1005,Quote,,"Truth is like the sun. You can shut it out for a time, but it ain’t going away.",Reflections - Elvis Presley,1958,,,,,Truth,Persistence,,,,,,,,,,,,,,,,,,,
1006,Quote,,Humor is hope’s last weapon.,Reflections - Jacques Barzun,1958,,,,,Humor,Resilience,,,,,,,,,,,,,,,,,,,
1007,Quote,,To find humor is to find perspective.,Reflections - Alan Watts,1958,,,,,Humor,Clarity,,,,,,,,,,,,,,,,,,,
1008,Quote,,"Sometimes we spend so much time and energy focusing on what we don’t have that we fail to see, appreciate, and use what we do have.",The Magic of Thinking Big - David J. Schwartz,1959,,,,,Gratitude,Focus,,,,,,,,,,,,,,,,,,,
1009,Quote,,Affection is the humblest love; it lives with us like a cat.,The Four Loves - C.S. Lewis,1960,,,,,Affection,Everyday Love,,,,,,,,,,,,,,,,,,,
1010,Quote,,"If I create from the heart, nearly everything works; if from the head, almost nothing.",Reflections - Marc Chagall,1960,,,,,Creativity,Heart,,,,,,,,,,,,,,,,,,,
1011,Quote,,To love at all is to be vulnerable. Love anything and your heart will be wrung and possibly broken.,The Four Loves - C.S. Lewis,1960,,,,,Love,Vulnerability,,,,,,,,,,,,,,,,,,,
1012,Quote,,You know you're in love when you can't fall asleep because reality is finally better than your dreams.,Interview - Dr. Seuss,1960,,,,,Love,Euphoria,,,,,,,,,,,,,,,,,,,
1013,Quote,,Feeling gratitude and not expressing it is like wrapping a present and not giving it.,Column - William Arthur Ward,1960,,,,,Gratitude,Giving,,,,,,,,,,,,,,,,,,,
1014,Quote,,"When the going gets tough, the tough get going.",Public Sayings - Joseph P. Kennedy,1960,,,,,Fortitude,Tenacity,,,,,,,,,,,,,,,,,,,
1015,Quote,,The measure of a life is not its duration but its donation.,Reflections - Corrie Ten Boom,1960,,,,,Giving,Legacy,,,,,,,,,,,,,,,,,,,
1016,Quote,,A warm smile is the universal language of kindness.,Reflections - William Arthur Ward,1960,,,,,Kindness,Expression,,,,,,,,,,,,,,,,,,,
1017,Quote,,To be an artist is to believe in life.,Reflections - Henry Moore,1960,,,,,Creativity,Belief,,,,,,,,,,,,,,,,,,,
1018,Quote,,"To the world you may be one person, but to one person you may be the world.",Reflections - Dr. Seuss,1960,,,,,Togetherness,Love,,,,,,,,,,,,,,,,,,,
1019,Quote,,Those who do not know how to weep with their whole heart don’t know how to laugh either.,Reflections - Golda Meir,1960,,,,,Suffering,Emotion,,,,,,,,,,,,,,,,,,,
1020,Quote,,"In marriage, being the right person is as important as finding the right person.",Reflections - Wilferd Arlan Peterson,1960,,,,,Conflict,Marriage,,,,,,,,,,,,,,,,,,,
1021,Quote,,The beginning of love is the will to let those we love be perfectly themselves.,The Road Less Traveled - Thomas Merton,1960,,,,,Conflict,Acceptance,,,,,,,,,,,,,,,,,,,
1022,Quote,,"If you think nobody cares if you're alive, try missing a couple of car payments.",Reflections - Earl Wilson,1960,,,,,Humor,Modern Life,,,,,,,,,,,,,,,,,,,
1023,Quote,,Humor is the affectionate communication of insight.,Reflections - Leo Rosten,1960,,,,,Humor,Wisdom,,,,,,,,,,,,,,,,,,,
1024,Quote,,Laughter is the closest distance between two people.,Reflections - Victor Borge,1960,,,,,Humor,Connection,,,,,,,,,,,,,,,,,,,
1025,Quote,,Affection is responsible for nine-tenths of whatever solid and durable happiness there is in our lives.,Reflections - C.S. Lewis,1960,,,,,Affection,Happiness,,,,,,,,,,,,,,,,,,,
1026,Quote,,It is no measure of health to be well adjusted to a profoundly sick society.,Reflections - Jiddu Krishnamurti,1960,,,,,Society,Sanity,,,,,,,,,,,,,,,,,,,
1027,Quote,,To love at all is to be vulnerable. Love anything and your heart will be wrung and possibly broken.,The Four Loves - C.S. Lewis,1960,,,,,Love,Risk,,,,,,,,,,,,,,,,,,,
1028,Quote,,"It's not the load that breaks you down, it’s the way you carry it.",Reflections - Lena Horne,1960,,,,,Strength,Burden,,,,,,,,,,,,,,,,,,,
1029,Quote,,Pride makes us artificial; humility makes us real.,Reflections - Thomas Merton,1961,,,,,Ego/Self,Pride,,,,,,,,,,,,,,,,,,,
1030,Quote,,Love is the condition in which the happiness of another person is essential to your own.,Stranger in a Strange Land - Robert A. Heinlein,1961,,,,,Love,Selflessness,,,,,,,,,,,,,,,,,,,
1031,Quote,,"God gave you a gift of 86,400 seconds today. Have you used one to say “thank you”?",Newspaper Column - William Arthur Ward,1961,,,,,Gratitude,Awareness,,,,,,,,,,,,,,,,,,,
1032,Quote,,Joy is the simplest form of gratitude.,The Thankful Heart - Karl Barth,1961,,,,,Gratitude,Emotion,,,,,,,,,,,,,,,,,,,
1033,Quote,,"The curious paradox is that when I accept myself just as I am, then I can change.",On Becoming a Person - Carl Rogers,1961,,,,,Acceptance,Self,,,,,,,,,,,,,,,,,,,
1034,Quote,,People are just as wonderful as sunsets if you let them be.,Love and Will - Carl Rogers,1961,,,,,Acceptance,Perception,,,,,,,,,,,,,,,,,,,
1035,Quote,,"I am not what happened to me, I am what I choose to become.","Memories, Dreams, Reflections - Carl Jung",1961,,,,,Acceptance,Agency,,,,,,,,,,,,,,,,,,,
1036,Quote,,"I am not what happened to me, I am what I choose to become.","Memories, Dreams, Reflections - Carl Jung",1961,,,,,Fortitude,Agency,,,,,,,,,,,,,,,,,,,
1037,Quote,,The privilege of a lifetime is to become who you truly are.,Reflections - Carl Jung,1961,,,,,Ego/Self,True Self,,,,,,,,,,,,,,,,,,,
1038,Quote,,"Music is the divine way to tell beautiful, poetic things to the heart.",Reflections - Pablo Casals,1961,,,,,Spirit/Soul,Expression,,,,,,,,,,,,,,,,,,,
1039,Quote,,I write to discover what I know.,Reflections - Flannery O’Connor,1961,,,,,Creativity,Discovery,,,,,,,,,,,,,,,,,,,
1040,Quote,,We find ourselves only through the mirror of those who truly see us.,Reflections - Carl Rogers,1961,,,,,Togetherness,Self-Awareness,,,,,,,,,,,,,,,,,,,
1041,Quote,,There is no coming to consciousness without pain.,"Memories, Dreams, Reflections - Carl Jung",1961,,,,,Healing,Awareness,,,,,,,,,,,,,,,,,,,
1042,Quote,,"In suffering, we find our truest selves.",Reflections - Thomas Merton,1961,,,,,Suffering,Identity,,,,,,,,,,,,,,,,,,,
1043,Quote,,Every act of conscious learning requires the willingness to suffer an injury to one’s self-esteem.,Reflections - Thomas Szasz,1961,,,,,Conflict,Growth,,,,,,,,,,,,,,,,,,,
1044,Quote,,"The curious paradox is that when I accept myself just as I am, then I can change.",Reflections - Carl Rogers,1961,,,,,Conflict,Acceptance,,,,,,,,,,,,,,,,,,,
1045,Quote,,Our ideas of God tell us more about ourselves than about Him.,Reflections - Thomas Merton,1961,,,,,God,Projection,,,,,,,,,,,,,,,,,,,
1046,Quote,,True affection does not rush.,Reflections - Carl Rogers,1961,,,,,Affection,Patience,,,,,,,,,,,,,,,,,,,
1047,Quote,,"We don't see things as they are, we see them as we are.",Reflections - Anaïs Nin,1961,,,,,Perception,Subjectivity,,,,,,,,,,,,,,,,,,,
1048,Quote,,Gratitude is an opener of locked-up blessings.,The Dynamic Laws of Prosperity - Catherine Ponder,1962,,,,,Gratitude,Blessing,,,,,,,,,,,,,,,,,,,
1049,Quote,,"Not everything that is faced can be changed, but nothing can be changed until it is faced.",The Cross of Redemption - James Baldwin,1962,,,,,Acceptance,Confrontation,,,,,,,,,,,,,,,,,,,
1050,Quote,,The difference between a successful person and others is not lack of strength... but lack of will.,Reflections - Vince Lombardi,1962,,,,,Fortitude,Determination,,,,,,,,,,,,,,,,,,,
1051,Quote,,Those who contemplate the beauty of the earth find reserves of strength.,Silent Spring - Rachel Carson,1962,,,,,Nature/Natural,Beauty,,,,,,,,,,,,,,,,,,,
1052,Quote,,Creativity is seeing what others see and thinking what no one else ever thought.,Reflections - Albert Szent-Györgyi,1962,,,,,Creativity,Vision,,,,,,,,,,,,,,,,,,,
1053,Quote,,"Art is not freedom from discipline, but disciplined freedom.",Reflections - John F. Kennedy,1962,,,,,Creativity,Freedom,,,,,,,,,,,,,,,,,,,
1054,Quote,,Not everything that is faced can be changed. But nothing can be changed until it is faced.,Reflections - James Baldwin,1962,,,,,Conflict,Confrontation,,,,,,,,,,,,,,,,,,,
1055,Quote,,Faith is taking the first step even when you don’t see the whole staircase.,Reflections - Martin Luther King Jr.,1962,,,,,God,Faith,,,,,,,,,,,,,,,,,,,
1056,Quote,,A well-developed sense of humor is the pole that adds balance to your steps as you walk the tightrope of life.,Reflections - William Arthur Ward,1962,,,,,Humor,Balance,,,,,,,,,,,,,,,,,,,
1057,Quote,,Faith is taking the first step even when you don’t see the whole staircase.,Reflections - Martin Luther King Jr.,1962,,,,,Faith,Action,,,,,,,,,,,,,,,,,,,
1058,Quote,,Love is the only force capable of transforming an enemy into a friend.,Strength to Love - Martin Luther King Jr.,1963,,,,,Love,Transformation,,,,,,,,,,,,,,,,,,,
1059,Quote,,Love cures people—both the ones who give it and the ones who receive it.,Interview - Karl Menninger,1963,,,,,Love,Healing,,,,,,,,,,,,,,,,,,,
1060,Quote,,There can be no deep disappointment where there is not deep love.,Strength to Love - Martin Luther King Jr.,1963,,,,,Love,Disappointment,,,,,,,,,,,,,,,,,,,
1061,Quote,,"As we express our gratitude, we must never forget that the highest appreciation is not to utter words, but to live by them.",Thanksgiving Address - John F. Kennedy,1963,,,,,Gratitude,Integrity,,,,,,,,,,,,,,,,,,,
1062,Quote,,To hide feelings when you are near crying is the secret of dignity.,The Bell Jar - Sylvia Plath,1963,,,,,Honesty,Emotion,,,,,,,,,,,,,,,,,,,
1063,Quote,,Do not pray for easy lives. Pray to be stronger men.,Speech - John F. Kennedy,1963,,,,,Fortitude,Strength,,,,,,,,,,,,,,,,,,,
1064,Quote,,Every man must decide whether he will walk in the light of creative altruism or in the darkness of destructive selfishness.,Strength to Love - Martin Luther King Jr.,1963,,,,,Giving,Altruism,,,,,,,,,,,,,,,,,,,
1065,Quote,,The best thing to do with the best things in life is to give them away.,Reflections - Dorothy Day,1963,,,,,Giving,Gratitude,,,,,,,,,,,,,,,,,,,
1066,Quote,,The worst enemy to creativity is self-doubt.,Reflections - Sylvia Plath,1963,,,,,Creativity,Block,,,,,,,,,,,,,,,,,,,
1067,Quote,,We are tied together in the single garment of destiny.,Reflections - Martin Luther King Jr.,1963,,,,,Togetherness,Destiny,,,,,,,,,,,,,,,,,,,
1068,Quote,,Love cures people—both the ones who give it and the ones who receive it.,Reflections - Karl Menninger,1963,,,,,Togetherness,Healing,,,,,,,,,,,,,,,,,,,
1069,Quote,,Injustice anywhere is a threat to justice everywhere.,Letter from Birmingham Jail - Martin Luther King Jr.,1963,,,,,Suffering,Injustice,,,,,,,,,,,,,,,,,,,
1070,Quote,,To be grateful is to recognize the grace of life.,Reflections - Thomas Merton,1963,,,,,Grace,Gratitude,,,,,,,,,,,,,,,,,,,
1071,Quote,,"Next to power without honor, the most dangerous thing in the world is power without humor.",Reflections - Eric Sevareid,1963,,,,,Humor,Power,,,,,,,,,,,,,,,,,,,
1072,Quote,,"I took a deep breath and listened to the old brag of my heart: I am, I am, I am.",The Bell Jar - Sylvia Plath,1963,,,,,Identity,Vitality,,,,,,,,,,,,,,,,,,,
1073,Quote,,Gratitude is riches. Complaint is poverty.,Notes to Myself - Doris Day,1964,,,,,Gratitude,Wealth,,,,,,,,,,,,,,,,,,,
1074,Quote,,"When ‘I’ is replaced by ‘we’, even illness becomes wellness.",Reflections - Malcolm X,1964,,,,,Togetherness,Healing,,,,,,,,,,,,,,,,,,,
1075,Quote,,Normal is an illusion. What is normal for the spider is chaos for the fly.,Reflections - Morticia Addams (Charles Addams),1964,,,,,Perspective,Identity,,,,,,,,,,,,,,,,,,,
1076,Quote,,Love doesn’t make the world go round. Love is what makes the ride worthwhile.,Column - Franklin P. Jones,1965,,,,,Love,Meaning,,,,,,,,,,,,,,,,,,,
1077,Quote,,It is discouraging how many people are shocked by honesty and how few by deceit.,Diaries - Noël Coward,1965,,,,,Honesty,Culture,,,,,,,,,,,,,,,,,,,
1078,Quote,,You will discover that you have two hands: one for helping yourself and one for helping others.,Reflections - Audrey Hepburn,1965,,,,,Giving,Helpfulness,,,,,,,,,,,,,,,,,,,
1079,Quote,,Our lives begin to end the day we become silent about things that matter.,Reflections - Martin Luther King Jr.,1965,,,,,Togetherness,Integrity,,,,,,,,,,,,,,,,,,,
1080,Quote,,"In the end, we will remember not the words of our enemies, but the silence of our friends.",Reflections - Martin Luther King Jr.,1965,,,,,Togetherness,Loyalty,,,,,,,,,,,,,,,,,,,
1081,Quote,,Tell the children the truth.,Autobiography - Malcolm X,1965,,,,,Truth,Legacy,,,,,,,,,,,,,,,,,,,
1082,Quote,,"What you are is God's gift to you, what you become is your gift to God.",Reflections - Hans Urs von Balthasar,1965,,,,,God,Calling,,,,,,,,,,,,,,,,,,,
1083,Quote,,To laugh at yourself is to love yourself.,Reflections - Mickey Rooney,1965,,,,,Humor,Self-Love,,,,,,,,,,,,,,,,,,,
1084,Quote,,Comedy is simply a funny way of being serious.,Reflections - Peter Ustinov,1965,,,,,Humor,Philosophy,,,,,,,,,,,,,,,,,,,
1085,Quote,,The first duty of love is to listen—and the second is to hold.,Reflections - Paul Tillich,1965,,,,,Affection,Listening,,,,,,,,,,,,,,,,,,,
1086,Quote,,There is no honesty like the honesty of pain.,Writings - Anne Sexton,1966,,,,,Honesty,Emotion,,,,,,,,,,,,,,,,,,,
1087,Quote,,I have decided to stick with love. Hate is too great a burden to bear.,Speech in Atlanta - Martin Luther King Jr.,1967,,,,,Love,Choice,,,,,,,,,,,,,,,,,,,
1088,Quote,,"You don’t have to see the whole staircase, just take the first step.",Speech - Martin Luther King Jr.,1967,,,,,Fortitude,Initiative,,,,,,,,,,,,,,,,,,,
1089,Quote,,There is no greater loan than a sympathetic ear.,Reflections - Frank Tyger,1967,,,,,Kindness,Listening,,,,,,,,,,,,,,,,,,,
1090,Quote,,Honesty and transparency make you vulnerable. Be honest and transparent anyway.,The Paradoxical Commandments - Kent M. Keith,1968,,,,,Honesty,Vulnerability,,,,,,,,,,,,,,,,,,,
1091,Quote,,I will persist until I succeed.,The Greatest Salesman in the World - Og Mandino,1968,,,,,Fortitude,Determination,,,,,,,,,,,,,,,,,,,
1092,Quote,,"When truth is replaced by silence, the silence is a lie.",Reflections - Yevgeny Yevtushenko,1968,,,,,Truth,Silence,,,,,,,,,,,,,,,,,,,
1093,Quote,,There is no greater agony than bearing an untold story inside you.,I Know Why the Caged Bird Sings - Maya Angelou,1969,,,,,Spirit/Soul,Expression,,,,,,,,,,,,,,,,,,,
1094,Quote,,There is no greater agony than bearing an untold story inside you.,I Know Why the Caged Bird Sings - Maya Angelou,1969,,,,,Healing,Expression,,,,,,,,,,,,,,,,,,,
1095,Quote,,There is no greater agony than bearing an untold story inside you.,I Know Why the Caged Bird Sings - Maya Angelou,1969,,,,,Suffering,Expression,,,,,,,,,,,,,,,,,,,
1096,Quote,,There is no greater agony than bearing an untold story inside you.,Reflections - Maya Angelou,1969,,,,,Expression,Silence,,,,,,,,,,,,,,,,,,,
1097,Quote,,Don’t look for God in the sky; look within your own soul.,Reflections - Osho,1970,,,,,God,Soul,,,,,,,,,,,,,,,,,,,
1098,Quote,,"In the beginner’s mind there are many possibilities, but in the expert’s there are few.","Zen Mind, Beginner’s Mind - Shunryu Suzuki",1970,,,,,Creativity,Openness,,,,,,,,,,,,,,,,,,,
1099,Quote,,Creativity involves breaking out of expected patterns in order to look at things in a different way.,Reflections - Edward de Bono,1970,,,,,Creativity,Pattern,,,,,,,,,,,,,,,,,,,
1100,Quote,,The first step toward change is awareness. The second step is acceptance.,Reflections - Nathaniel Branden,1970,,,,,Recovery,Change,,,,,,,,,,,,,,,,,,,
1101,Quote,,"God is a verb, not a noun.",Reflections - Buckminster Fuller,1970,,,,,God,Action,,,,,,,,,,,,,,,,,,,
1102,Quote,,We are all just walking each other home.,Reflections - Ram Dass,1970,,,,,Togetherness,Companionship,,,,,,,,,,,,,,,,,,,
1103,Quote,,"Don’t ask what the world needs. Ask what makes you come alive, and go do it.",Reflections - Howard Thurman,1970,,,,,Purpose,Passion,,,,,,,,,,,,,,,,,,,
1104,Quote,,"To write is to descend into the self, to trace the shape of the soul’s shadow.",Reflections - Clarice Lispector,1970,,,,,Writing,Reflection,,,,,,,,,,,,,,,,,,,
1105,Quote,,An attitude of gratitude brings great things.,Collected Quotes - Yogi Bhajan,1971,,,,,Gratitude,Attitude,,,,,,,,,,,,,,,,,,,
1106,Quote,,"Being honest may not get you a lot of friends, but it’ll always get you the right ones.",Reflections - John Lennon,1971,,,,,Honesty,Friendship,,,,,,,,,,,,,,,,,,,
1107,Quote,,Ego is the voice that tells us we are separate.,Reflections - Ram Dass,1971,,,,,Ego/Self,Separation,,,,,,,,,,,,,,,,,,,
1108,Quote,,"The spirit is the true self, not the body or the ego.",Teachings - Ram Dass,1971,,,,,Spirit/Soul,Essence,,,,,,,,,,,,,,,,,,,
1109,Quote,,We are all just walking each other home.,Reflections - Ram Dass,1971,,,,,Togetherness,Journey,,,,,,,,,,,,,,,,,,,
1110,Quote,,"There is no pit so deep, that God’s love is not deeper still.",Reflections - Corrie ten Boom,1971,,,,,God,Mercy,,,,,,,,,,,,,,,,,,,
1111,Quote,,No circumstance is greater than God’s ability to redeem it.,Reflections - Corrie ten Boom,1971,,,,,God,Redemption,,,,,,,,,,,,,,,,,,,
1112,Quote,,Grace is the face love wears when it meets imperfection.,Reflections - Joseph R. Cooke,1971,,,,,Grace,Compassion,,,,,,,,,,,,,,,,,,,
1113,Quote,,There is no pit so deep that God's grace is not deeper still.,Reflections - Corrie ten Boom,1971,,,,,Grace,Hope,,,,,,,,,,,,,,,,,,,
1114,Quote,,Touch is the first language we speak.,Reflections - Ashley Montagu,1971,,,,,Affection,Primal Connection,,,,,,,,,,,,,,,,,,,
1115,Quote,,Hands are love’s oldest instrument.,Reflections - Ashley Montagu,1971,,,,,Affection,Expression,,,,,,,,,,,,,,,,,,,
1116,Quote,,"To speak gratitude is courteous and pleasant, to enact gratitude is generous and noble, but to live gratitude is to touch heaven.",Sermon - Johannes A. Gaertner,1972,,,,,Gratitude,Living,,,,,,,,,,,,,,,,,,,
1117,Quote,,Honesty is the pulse beat of moral character.,Reflections - Ezra Taft Benson,1972,,,,,Honesty,Character,,,,,,,,,,,,,,,,,,,
1118,Quote,,There is no exercise better for the heart than reaching down and lifting people up.,Reflections - John Holmes,1972,,,,,Togetherness,Generosity,,,,,,,,,,,,,,,,,,,
1119,Quote,,"When humor goes, there goes civilization.",Reflections - Erma Bombeck,1972,,,,,Humor,Culture,,,,,,,,,,,,,,,,,,,
1120,Quote,,"Real affection shows up, quietly, consistently.",Reflections - Leo Buscaglia,1972,,,,,Affection,Loyalty,,,,,,,,,,,,,,,,,,,
1121,Quote,,Some things have to be believed to be seen.,Reflections - Madeleine L’Engle,1972,,,,,Faith,Vision,,,,,,,,,,,,,,,,,,,
1122,Quote,,"It is not the answer that enlightens, but the question.",Reflections - Eugene Ionesco,1972,,,,,Wisdom,Inquiry,,,,,,,,,,,,,,,,,,,
1123,Quote,,Love is the ultimate expression of the will to live.,The Denial of Death - Ernest Becker,1973,,,,,Love,Vitality,,,,,,,,,,,,,,,,,,,
1124,Quote,,Self is only that which is aware of itself as awareness.,I Am That - Nisargadatta Maharaj,1973,,,,,Ego/Self,Awareness,,,,,,,,,,,,,,,,,,,
1125,Quote,,"The self is not something one finds, it is something one creates.",Reflections - Thomas Szasz,1973,,,,,Ego/Self,Creation,,,,,,,,,,,,,,,,,,,
1126,Quote,,"You are not in the universe, you are the universe experiencing itself.",Reflections - Alan Watts,1973,,,,,Nature/Natural,Consciousness,,,,,,,,,,,,,,,,,,,
1127,Quote,,"You didn't come into this world. You came out of it, like a wave from the ocean.",Reflections - Alan Watts,1973,,,,,Nature/Natural,Emergence,,,,,,,,,,,,,,,,,,,
1128,Quote,,"It’s not the load that breaks you down, it’s the way you carry it.",Reflections - Lena Horne,1973,,,,,Suffering,Burden,,,,,,,,,,,,,,,,,,,
1129,Quote,,"The best jokes are dangerous, and dangerous because they are in some way truthful.",Reflections - Kurt Vonnegut,1973,,,,,Humor,Truth,,,,,,,,,,,,,,,,,,,
1130,Quote,,Every act of conscious learning requires the willingness to suffer an injury to one’s self-esteem.,Reflections - Thomas Szasz,1973,,,,,Growth,Ego Risk,,,,,,,,,,,,,,,,,,,
1131,Quote,,"I long, as does every human being, to be at home wherever I find myself.",Reflections - Maya Angelou,1973,,,,,Belonging,Wholeness,,,,,,,,,,,,,,,,,,,
1132,Quote,,We die to the past every moment. We must do it to keep alive.,Reflections - J. Krishnamurti,1973,,,,,Change,Letting Go,,,,,,,,,,,,,,,,,,,
1133,Quote,,"Don't seek, don't search, don't ask, don't knock, don't demand—relax. If you relax, it comes. If you relax, it is there.",The Book of Secrets - Osho,1974,,,,,Acceptance,Stillness,,,,,,,,,,,,,,,,,,,
1134,Quote,,The simple step of a courageous individual is not to take part in the lie.,Live Not by Lies - Aleksandr Solzhenitsyn,1974,,,,,Honesty,Courage,,,,,,,,,,,,,,,,,,,
1135,Quote,,A diamond is just a piece of coal that did well under pressure.,Personal Sayings - Henry Kissinger,1974,,,,,Fortitude,Pressure,,,,,,,,,,,,,,,,,,,
1136,Quote,,Don’t quit. Suffer now and live the rest of your life as a champion.,Reflections - Muhammad Ali,1974,,,,,Fortitude,Discipline,,,,,,,,,,,,,,,,,,,
1137,Quote,,Every writer I know has trouble writing.,Reflections - Joseph Heller,1974,,,,,Creativity,Struggle,,,,,,,,,,,,,,,,,,,
1138,Quote,,Every act of conscious learning requires the willingness to suffer an injury to one’s self-esteem.,Reflections - Thomas Szasz,1974,,,,,Truth,Learning,,,,,,,,,,,,,,,,,,,
1139,Quote,,"Speak the truth, even if your voice shakes.",Reflections - Maggie Kuhn,1975,,,,,Honesty,Bravery,,,,,,,,,,,,,,,,,,,
1140,Quote,,"Every time you speak the truth, you become more yourself.",Journal - Adrienne Rich,1975,,,,,Honesty,Identity,,,,,,,,,,,,,,,,,,,
1141,Quote,,You must speak the truth even if your voice trembles.,Interview - Maggie Kuhn,1975,,,,,Honesty,Courage,,,,,,,,,,,,,,,,,,,
1142,Quote,,"Kindness is more important than wisdom, and the recognition of this is the beginning of wisdom.",Reflections - Theodore Isaac Rubin,1975,,,,,Kindness,Wisdom,,,,,,,,,,,,,,,,,,,
1143,Quote,,"The moment you know yourself, you have known the most precious thing in existence.",Reflections - Osho,1975,,,,,Ego/Self,Self-Knowledge,,,,,,,,,,,,,,,,,,,
1144,Quote,,The ego seeks to divide and separate. Spirit seeks to unify and heal.,A Course in Miracles - Helen Schucman,1975,,,,,Ego/Self,Separation,,,,,,,,,,,,,,,,,,,
1145,Quote,,"The self is made, not found.",Reflections - Barbara Myerhoff,1975,,,,,Ego/Self,Construct,,,,,,,,,,,,,,,,,,,
1146,Quote,,Ego judges and punishes. Spirit forgives and heals.,A Course in Miracles - Helen Schucman,1975,,,,,Ego/Self,Dualism,,,,,,,,,,,,,,,,,,,
1147,Quote,,The ego always seeks to divide and control. The spirit seeks to unify and heal.,A Course in Miracles - Helen Schucman,1975,,,,,Ego/Self,Control,,,,,,,,,,,,,,,,,,,
1148,Quote,,The soul thinks in images.,Archetypes of the Soul - James Hillman,1975,,,,,Spirit/Soul,Imagination,,,,,,,,,,,,,,,,,,,
1149,Quote,,The silence of nature is very real. It surrounds you… you can feel it.,Reflections - Ted Trueblood,1975,,,,,Nature/Natural,Silence,,,,,,,,,,,,,,,,,,,
1150,Quote,,A dream you dream alone is only a dream. A dream you dream together is reality.,Reflections - John Lennon,1975,,,,,Togetherness,Vision,,,,,,,,,,,,,,,,,,,
1151,Quote,,"When you forgive, you in no way change the past—but you sure do change the future.",Reflections - Bernard Meltzer,1975,,,,,Healing,Forgiveness,,,,,,,,,,,,,,,,,,,
1152,Quote,,Suffering is part of our training program for becoming wise.,Reflections - Ram Dass,1975,,,,,Suffering,Wisdom,,,,,,,,,,,,,,,,,,,
1153,Quote,,To love is to suffer. To avoid suffering one must not love. But then one suffers from not loving.,Reflections - Woody Allen,1975,,,,,Suffering,Love,,,,,,,,,,,,,,,,,,,
1154,Quote,,"Truth without love is brutality, and love without truth is hypocrisy.",Reflections - Warren Wiersbe,1975,,,,,Truth,Balance,,,,,,,,,,,,,,,,,,,
1155,Quote,,"Truth is not something outside to be discovered, it is something inside to be realized.",Reflections - Osho,1975,,,,,Truth,Inner Realization,,,,,,,,,,,,,,,,,,,
1156,Quote,,He who kneels before God can stand before anyone.,Reflections - Unknown,1975,,,,,God,Strength,,,,,,,,,,,,,,,,,,,
1157,Quote,,You know you’re getting old when the candles cost more than the cake.,Reflections - Bob Hope,1975,,,,,Humor,Aging,,,,,,,,,,,,,,,,,,,
1158,Quote,,"If you think education is expensive, try ignorance.",Reflections - Derek Bok,1975,,,,,Humor,Wisdom,,,,,,,,,,,,,,,,,,,
1159,Quote,,Laughter creates a space where transformation begins.,Reflections - Ram Dass,1975,,,,,Humor,Healing,,,,,,,,,,,,,,,,,,,
1160,Quote,,"Let us always meet each other with a smile, for the smile is the beginning of love.",Reflections - Mother Teresa,1975,,,,,Affection,Smiling,,,,,,,,,,,,,,,,,,,
1161,Quote,,One kind touch can melt a thousand hardened thoughts.,Reflections - Ram Dass,1975,,,,,Affection,Healing,,,,,,,,,,,,,,,,,,,
1162,Quote,,Our similarities bring us to a common ground; our differences allow us to be fascinated by each other.,Reflections - Tom Robbins,1976,,,,,Togetherness,Diversity,,,,,,,,,,,,,,,,,,,
1163,Quote,,Love is friendship that has caught fire.,Speech - Ann Landers,1976,,,,,Love,Friendship,,,,,,,,,,,,,,,,,,,
1164,Quote,,The creative adult is the child who survived.,Reflections - Ursula K. Le Guin,1976,,,,,Creativity,Childhood,,,,,,,,,,,,,,,,,,,
1165,Quote,,Writing is thinking on paper.,Reflections - William Zinsser,1976,,,,,Creativity,Writing,,,,,,,,,,,,,,,,,,,
1166,Quote,,All healing is essentially the release from fear.,A Course in Miracles - Foundation for Inner Peace,1976,,,,,Healing,Fear,,,,,,,,,,,,,,,,,,,
1167,Quote,,The ego seeks to divide and separate. Spirit seeks to unify and heal.,Reflections - A Course in Miracles,1976,,,,,Conflict,Ego,,,,,,,,,,,,,,,,,,,
1168,Quote,,"Love is an act of endless forgiveness, a tender look which becomes a habit.",Personal Notes - Peter Ustinov,1977,,,,,Love,Habit,,,,,,,,,,,,,,,,,,,
1169,Quote,,"You can cage the singer, but not the song.",Reflections - Harry Belafonte,1977,,,,,Spirit/Soul,Freedom,,,,,,,,,,,,,,,,,,,
1170,Quote,,A cloud does not know why it moves in just such a direction.,Reflections - Richard Bach,1977,,,,,Nature/Natural,Uncertainty,,,,,,,,,,,,,,,,,,,
1171,Quote,,"One love, one heart, let’s get together and feel all right.",One Love - Bob Marley,1977,,,,,Togetherness,Unity,,,,,,,,,,,,,,,,,,,
1172,Quote,,"You can kiss your family and friends goodbye and put miles between you, but at the same time, you carry them with you.",Reflections - Richard Bach,1977,,,,,Togetherness,Memory,,,,,,,,,,,,,,,,,,,
1173,Quote,,The only mystery in life is why the kamikaze pilots wore helmets.,Reflections - Al McGuire,1977,,,,,Humor,Dark Irony,,,,,,,,,,,,,,,,,,,
1174,Quote,,Acceptance is not submission; it is acknowledgment of the facts of a situation.,The Road Less Traveled - M. Scott Peck,1978,,,,,Acceptance,Reality,,,,,,,,,,,,,,,,,,,
1175,Quote,,Love is the will to extend one's self for the purpose of nurturing one's own or another's spiritual growth.,The Road Less Traveled - M. Scott Peck,1978,,,,,Love,Growth,,,,,,,,,,,,,,,,,,,
1176,Quote,,"We come to love not by finding a perfect person, but by learning to see an imperfect person perfectly.",The Road Less Traveled - M. Scott Peck,1978,,,,,Love,Acceptance,,,,,,,,,,,,,,,,,,,
1177,Quote,,"Reality is that which, when you stop believing in it, doesn't go away.",How to Build a Universe That Doesn’t Fall Apart Two Days Later - Philip K. Dick,1978,,,,,Acceptance,Reality,,,,,,,,,,,,,,,,,,,
1178,Quote,,Every lie is two lies—the lie we tell others and the lie we tell ourselves to justify it.,The Road Less Traveled - M. Scott Peck,1978,,,,,Honesty,Self-Deception,,,,,,,,,,,,,,,,,,,
1179,Quote,,"Too often we underestimate the power of a touch, a smile, a kind word...",Reflections - Leo Buscaglia,1978,,,,,Kindness,Simple Acts,,,,,,,,,,,,,,,,,,,
1180,Quote,,"Every happening, great and small, is a parable whereby God speaks to us.",Reflections - Malcolm Muggeridge,1978,,,,,God,Everyday,,,,,,,,,,,,,,,,,,,
1181,Quote,,Love is not a matter of what happens in life. It's a matter of what's happening in your heart.,Public Statement - Ken Keyes Jr.,1979,,,,,Love,Inner Life,,,,,,,,,,,,,,,,,,,
1182,Quote,,"Honesty is the cornerstone of all success, without which confidence and ability to perform shall cease to exist.",Leadership Reflections - Mary Kay Ash,1979,,,,,Honesty,Success,,,,,,,,,,,,,,,,,,,
1183,Quote,,"Give, but give until it hurts.",Public Speech - Mother Teresa,1979,,,,,Giving,Sacrifice,,,,,,,,,,,,,,,,,,,
1184,Quote,,"Let us live for the beauty of our own reality, and share that beauty with others.",Reflections - Charles Bukowski,1979,,,,,Togetherness,Authenticity,,,,,,,,,,,,,,,,,,,
1185,Quote,,"A day without sunshine is like, you know, night.",Reflections - Steve Martin,1979,,,,,Humor,Absurdism,,,,,,,,,,,,,,,,,,,
1186,Quote,,We touch people’s lives simply by being kind.,Reflections - Leo Buscaglia,1979,,,,,Affection,Kindness,,,,,,,,,,,,,,,,,,,
1187,Quote,,"To rest your hand in another’s is to say, “I will not let go.”",Reflections - Fred Rogers,1979,,,,,Affection,Reassurance,,,,,,,,,,,,,,,,,,,
1188,Quote,,We hold others as we would wish to be remembered.,Reflections - Leo Buscaglia,1979,,,,,Affection,Legacy,,,,,,,,,,,,,,,,,,,
1189,Quote,,Affection does not ask; it offers.,Reflections - Ram Dass,1980,,,,,Affection,Generosity,,,,,,,,,,,,,,,,,,,
1190,Quote,,You don’t drown by falling in the water; you drown by staying there.,Reflections - Edwin Louis Cole,1980,,,,,Suffering,Recovery,,,,,,,,,,,,,,,,,,,
1191,Quote,,Love is the ultimate outlaw. It just won’t adhere to any rules.,Still Life with Woodpecker - Tom Robbins,1980,,,,,Love,Freedom,,,,,,,,,,,,,,,,,,,
1192,Quote,,Character consists of what you do on the third and fourth tries.,Reflections - James A. Michener,1980,,,,,Fortitude,Character,,,,,,,,,,,,,,,,,,,
1193,Quote,,"Kind words can be short and easy to speak, but their echoes are truly endless.",Collected Sayings - Mother Teresa,1980,,,,,Kindness,Speech,,,,,,,,,,,,,,,,,,,
1194,Quote,,Service to others is the rent you pay for your room here on earth.,Speeches - Muhammad Ali,1980,,,,,Giving,Service,,,,,,,,,,,,,,,,,,,
1195,Quote,,"Every one of us is, in the cosmic perspective, precious. Yet we are also not central to the universe.",Cosmos - Carl Sagan,1980,,,,,Ego/Self,Perspective,,,,,,,,,,,,,,,,,,,
1196,Quote,,"Nature does not ask permission. She acts, and we adjust.",Reflections - Wendell Berry,1980,,,,,Nature/Natural,Change,,,,,,,,,,,,,,,,,,,
1197,Quote,,Writing is an exploration. You start from nothing and learn as you go.,Reflections - E.L. Doctorow,1980,,,,,Creativity,Writing,,,,,,,,,,,,,,,,,,,
1198,Quote,,"To practice any art, no matter how well or badly, is a way to make your soul grow.",Reflections - Kurt Vonnegut,1980,,,,,Creativity,Soul,,,,,,,,,,,,,,,,,,,
1199,Quote,,We can do no great things—only small things with great love.,Reflections - Mother Teresa,1980,,,,,Togetherness,Service,,,,,,,,,,,,,,,,,,,
1200,Quote,,"Just for today, I will try to live through this day only.",Just for Today - Narcotics Anonymous,1980,,,,,Recovery,Present,,,,,,,,,,,,,,,,,,,
1201,Quote,,"In recovery, your worst day clean is better than your best day using.",Reflections - Narcotics Anonymous,1980,,,,,Recovery,Sobriety,,,,,,,,,,,,,,,,,,,
1202,Quote,,It is only through suffering that we can learn compassion.,Reflections - Mother Teresa,1980,,,,,Suffering,Compassion,,,,,,,,,,,,,,,,,,,
1203,Quote,,Suffering is not holding you. You are holding suffering.,Reflections - Osho,1980,,,,,Suffering,Non-Attachment,,,,,,,,,,,,,,,,,,,
1204,Quote,,"It is not differences that divide us. It is our inability to recognize, accept, and celebrate those differences.",Reflections - Audre Lorde,1980,,,,,Conflict,Diversity,,,,,,,,,,,,,,,,,,,
1205,Quote,,"If you judge people, you have no time to love them.",Reflections - Mother Teresa,1980,,,,,Conflict,Judgment,,,,,,,,,,,,,,,,,,,
1206,Quote,,God never gives someone a gift they are not capable of receiving.,Reflections - Mother Teresa,1980,,,,,God,Grace,,,,,,,,,,,,,,,,,,,
1207,Quote,,God speaks in the silence of the heart. Listening is the beginning of prayer.,Reflections - Mother Teresa,1980,,,,,God,Prayer,,,,,,,,,,,,,,,,,,,
1208,Quote,,"If God brings you to it, He will bring you through it.",Reflections - Anonymous,1980,,,,,God,Strength,,,,,,,,,,,,,,,,,,,
1209,Quote,,Don't worry about the world ending today. It's already tomorrow in Australia.,Reflections - Charles Schulz,1980,,,,,Humor,Perspective,,,,,,,,,,,,,,,,,,,
1210,Quote,,"If you can laugh at it, you can live with it.",Reflections - Erma Bombeck,1980,,,,,Humor,Endurance,,,,,,,,,,,,,,,,,,,
1211,Quote,,"In silence, affection speaks the loudest.",Reflections - Fred Rogers,1980,,,,,Affection,Wordless Love,,,,,,,,,,,,,,,,,,,
1212,Quote,,The most faithful kind of affection is the one that expects no recognition.,Reflections - Saint Teresa of Calcutta,1980,,,,,Affection,Humility,,,,,,,,,,,,,,,,,,,
1213,Quote,,"The quieter you become, the more you can hear.",Reflections - Ram Dass,1980,,,,,Stillness,Perception,,,,,,,,,,,,,,,,,,,
1214,Quote,,"Do things for people not because of who they are or what they do in return, but because of who you are.",Reflections - Harold S. Kushner,1981,,,,,Kindness,Character,,,,,,,,,,,,,,,,,,,
1215,Quote,,"We can't help everyone, but everyone can help someone.",Reflections - Ronald Reagan,1981,,,,,Giving,Contribution,,,,,,,,,,,,,,,,,,,
1216,Quote,,The hardest thing to learn in life is which bridge to cross and which to burn.,Reflections - David Russell,1981,,,,,Ego/Self,Discernment,,,,,,,,,,,,,,,,,,,
1217,Quote,,"To live a creative life, we must lose our fear of being wrong.",Reflections - Joseph Chilton Pearce,1981,,,,,Creativity,Risk,,,,,,,,,,,,,,,,,,,
1218,Quote,,"Life is hard. After all, it kills you.",Reflections - Katharine Hepburn,1981,,,,,Humor,Mortality,,,,,,,,,,,,,,,,,,,
1219,Quote,,The miracle of affection is how little it demands to work wonders.,Reflections - Fred Rogers,1981,,,,,Affection,Simplicity,,,,,,,,,,,,,,,,,,,
1220,Quote,,Some people never go crazy. What truly horrible lives they must lead.,Reflections - Charles Bukowski,1981,,,,,Madness,Humor,,,,,,,,,,,,,,,,,,,
1221,Quote,,Love is an endless act of forgiveness. Forgiveness is the key to action and freedom.,Column - Maya Angelou,1982,,,,,Love,Forgiveness,,,,,,,,,,,,,,,,,,,
1222,Quote,,"Love is a fruit in season at all times, and within reach of every hand.",Interview - Mother Teresa,1982,,,,,Love,Abundance,,,,,,,,,,,,,,,,,,,
1223,Quote,,Wear gratitude like a cloak and it will feed every corner of your life.,Tao of Pooh - Benjamin Hoff (quoting Rumi),1982,,,,,Gratitude,Nourishment,,,,,,,,,,,,,,,,,,,
1224,Quote,,Whatever is in me is stronger than what is out there to defeat me.,Journal - Elie Wiesel,1982,,,,,Acceptance,Strength,,,,,,,,,,,,,,,,,,,
1225,Quote,,What you get by achieving your goals is not as important as what you become by achieving your goals.,Reflections - Zig Ziglar,1982,,,,,Fortitude,Growth,,,,,,,,,,,,,,,,,,,
1226,Quote,,Give your hands to serve and your hearts to love.,Speeches - Mother Teresa,1982,,,,,Giving,Compassion,,,,,,,,,,,,,,,,,,,
1227,Quote,,It is not how much we give but how much love we put into giving.,Speeches - Mother Teresa,1982,,,,,Giving,Love,,,,,,,,,,,,,,,,,,,
1228,Quote,,Enlightenment is the ego’s ultimate disappointment.,Reflections - Chögyam Trungpa,1982,,,,,Ego/Self,Realization,,,,,,,,,,,,,,,,,,,
1229,Quote,,"You can't use up creativity. The more you use, the more you have.",Reflections - Maya Angelou,1982,,,,,Creativity,Abundance,,,,,,,,,,,,,,,,,,,
1230,Quote,,"When we lose God, it is not God who is lost.",Reflections - Frederick Buechner,1982,,,,,God,Perception,,,,,,,,,,,,,,,,,,,
1231,Quote,,We must risk delight. We must embrace grace.,Reflections - Jack Gilbert,1982,,,,,Grace,Delight,,,,,,,,,,,,,,,,,,,
1232,Quote,,To love and be loved is to feel the sun from both sides.,Reader’s Digest - David Viscott,1983,,,,,Love,Mutuality,,,,,,,,,,,,,,,,,,,
1233,Quote,,"We must let go of the life we have planned, so as to accept the one that is waiting for us.",Journal - Joseph Campbell,1983,,,,,Acceptance,Surrender,,,,,,,,,,,,,,,,,,,
1234,Quote,,"Truth without love is brutality, and love without truth is hypocrisy.",Reflections - Warren Wiersbe,1983,,,,,Honesty,Balance,,,,,,,,,,,,,,,,,,,
1235,Quote,,"Tough times never last, but tough people do.",Reflections - Robert H. Schuller,1983,,,,,Fortitude,Endurance,,,,,,,,,,,,,,,,,,,
1236,Quote,,I’m still standing.,Lyrics - Elton John,1983,,,,,Fortitude,Survival,,,,,,,,,,,,,,,,,,,
1237,Quote,,Grace is the sea that washes guilt from the shore.,Reflections - Frederick Buechner,1983,,,,,Grace,Cleansing,,,,,,,,,,,,,,,,,,,
1238,Quote,,Gentle hands teach the world it doesn’t need to fear love.,Reflections - Henri Nouwen,1983,,,,,Affection,Safety,,,,,,,,,,,,,,,,,,,
1239,Quote,,Spirituality is not a religion; it is a way of life.,Reflections - Anthony de Mello,1984,,,,,Spirit/Soul,Practice,,,,,,,,,,,,,,,,,,,
1240,Quote,,Love’s greatest gift is its ability to make everything it touches sacred.,The Sacred Path of the Warrior - Chögyam Trungpa,1984,,,,,Love,Sacredness,,,,,,,,,,,,,,,,,,,
1241,Quote,,"The root of joy is gratefulness... It is not joy that makes us grateful, it is gratitude that makes us joyful.","Gratefulness, the Heart of Prayer - David Steindl-Rast",1984,,,,,Gratitude,Origin,,,,,,,,,,,,,,,,,,,
1242,Quote,,"Gratitude is the ability to experience life as a gift, to respond with wonder and delight to its many blessings.","Gratefulness, the Heart of Prayer - David Steindl-Rast",1984,,,,,Gratitude,Wonder,,,,,,,,,,,,,,,,,,,
1243,Quote,,The greatest source of happiness is the ability to be grateful at all times.,Reflections - Zig Ziglar,1984,,,,,Gratitude,Consistency,,,,,,,,,,,,,,,,,,,
1244,Quote,,The first step toward change is awareness. The second step is acceptance.,Personal Growth Seminar - Nathaniel Branden,1984,,,,,Acceptance,Awareness,,,,,,,,,,,,,,,,,,,
1245,Quote,,I accept myself unconditionally right now.,Mirror Work - Louise Hay,1984,,,,,Acceptance,Affirmation,,,,,,,,,,,,,,,,,,,
1246,Quote,,Self-acceptance is my refusal to be in an adversarial relationship with myself.,Interview - Nathaniel Branden,1984,,,,,Acceptance,Self-Awareness,,,,,,,,,,,,,,,,,,,
1247,Quote,,Let us not be satisfied with just giving money. Money is not enough. People need your hearts to love them.,Speeches - Mother Teresa,1984,,,,,Generosity,Heart,,,,,,,,,,,,,,,,,,,
1248,Quote,,Self-importance is our greatest enemy. Think about it—what weakens us is feeling offended by the deeds and misdeeds of our fellow man.,The Fire from Within - Carlos Castaneda,1984,,,,,Ego/Self,Offense,,,,,,,,,,,,,,,,,,,
1249,Quote,,"Nature holds the key to our aesthetic, intellectual, cognitive and even spiritual satisfaction.",Reflections - E.O. Wilson,1984,,,,,Nature/Natural,Fulfillment,,,,,,,,,,,,,,,,,,,
1250,Quote,,A blank piece of paper is God’s way of telling us how hard it is to be God.,Reflections - Sidney Sheldon,1984,,,,,Creativity,Challenge,,,,,,,,,,,,,,,,,,,
1251,Quote,,"It is not our differences that divide us. It is our inability to recognize, accept, and celebrate those differences.",Reflections - Audre Lorde,1984,,,,,Togetherness,Diversity,,,,,,,,,,,,,,,,,,,
1252,Quote,,All suffering is caused by ignorance. People inflict pain on others in the selfish pursuit of their own happiness or satisfaction.,Reflections - Dalai Lama XIV,1984,,,,,Suffering,Ignorance,,,,,,,,,,,,,,,,,,,
1253,Quote,,"Love is not a victory march, it’s a cold and it’s a broken hallelujah.",Hallelujah (song lyric) - Leonard Cohen,1984,,,,,Conflict,Love,,,,,,,,,,,,,,,,,,,
1254,Quote,,"A lie may take care of the present, but it has no future.",Reflections - Croft M. Pentz,1984,,,,,Truth,Consequence,,,,,,,,,,,,,,,,,,,
1255,Quote,,To forgive is to set a prisoner free and discover that the prisoner was you—with God.,Reflections - Lewis B. Smedes,1984,,,,,God,Forgiveness,,,,,,,,,,,,,,,,,,,
1256,Quote,,Laughter is the brush that sweeps away the cobwebs of your heart.,Reflections - Mort Walker,1984,,,,,Humor,Emotion,,,,,,,,,,,,,,,,,,,
1257,Quote,,The skin remembers the touch of those who meant love.,Reflections - Audre Lorde,1984,,,,,Affection,Memory,,,,,,,,,,,,,,,,,,,
1258,Quote,,Rain is grace; rain is the sky descending to the earth.,Reflections - John Updike,1985,,,,,Nature/Natural,Grace,,,,,,,,,,,,,,,,,,,
1259,Quote,,"If you judge people, you have no time to love them.",Interview - Mother Teresa,1985,,,,,Love,Acceptance,,,,,,,,,,,,,,,,,,,
1260,Quote,,Thankfulness expands the heart and opens the path to peace.,Meditations - Henri Nouwen,1985,,,,,Gratitude,Peace,,,,,,,,,,,,,,,,,,,
1261,Quote,,Perseverance is failing 19 times and succeeding the 20th.,Interview - Julie Andrews,1985,,,,,Fortitude,Grit,,,,,,,,,,,,,,,,,,,
1262,Quote,,"What keeps us alive, what allows us to endure? I think it is the hope of loving or being loved.",Reflections - Maya Angelou,1985,,,,,Spirit/Soul,Hope,,,,,,,,,,,,,,,,,,,
1263,Quote,,Spirituality is the art of keeping the inner fire alive.,Reflections - Henri Nouwen,1985,,,,,Spirit/Soul,Fire,,,,,,,,,,,,,,,,,,,
1264,Quote,,"Look at the trees, look at the birds, look at the clouds… everything is simply happy.",Reflections - Osho,1985,,,,,Nature/Natural,Joy,,,,,,,,,,,,,,,,,,,
1265,Quote,,Everything in nature invites us constantly to be what we are.,Reflections - Gretel Ehrlich,1985,,,,,Nature/Natural,Authenticity,,,,,,,,,,,,,,,,,,,
1266,Quote,,"We don’t make mistakes, just happy little accidents.",Reflections - Bob Ross,1985,,,,,Creativity,Mistakes,,,,,,,,,,,,,,,,,,,
1267,Quote,,Creativity is the greatest rebellion in existence.,Reflections - Osho,1985,,,,,Creativity,Rebellion,,,,,,,,,,,,,,,,,,,
1268,Quote,,A non-writing writer is a monster courting insanity.,Letters to a Young Novelist - Julio Cortázar,1985,,,,,Creativity,Writing,,,,,,,,,,,,,,,,,,,
1269,Quote,,"Your intuition knows what to write, so get out of the way.",Reflections - Ray Bradbury,1985,,,,,Creativity,Intuition,,,,,,,,,,,,,,,,,,,
1270,Quote,,Don't think. Thinking is the enemy of creativity.,Reflections - Ray Bradbury,1985,,,,,Creativity,Flow,,,,,,,,,,,,,,,,,,,
1271,Quote,,"We are each of us angels with only one wing, and we can only fly by embracing one another.",Reflections - Luciano De Crescenzo,1985,,,,,Togetherness,Support,,,,,,,,,,,,,,,,,,,
1272,Quote,,"None of us, including me, ever do great things. But we can all do small things with great love, and together we can do something wonderful.",Reflections - Mother Teresa,1985,,,,,Togetherness,Compassion,,,,,,,,,,,,,,,,,,,
1273,Quote,,Let no one ever come to you without leaving better and happier.,Reflections - Mother Teresa,1985,,,,,Togetherness,Uplift,,,,,,,,,,,,,,,,,,,
1274,Quote,,We live in a world that is connected in ways we cannot always see. The thread is love.,Reflections - Henri Nouwen,1985,,,,,Togetherness,Interconnection,,,,,,,,,,,,,,,,,,,
1275,Quote,,It takes both sunshine and rain for a flower to grow.,Reflections - Anonymous,1985,,,,,Healing,Balance,,,,,,,,,,,,,,,,,,,
1276,Quote,,Recovery didn’t open the gates of heaven and let me in. Recovery opened the gates of hell and let me out.,Reflections - Anonymous (AA),1985,,,,,Recovery,Freedom,,,,,,,,,,,,,,,,,,,
1277,Quote,,"The opposite of love is not hate, it's indifference.",The Unbearable Lightness of Being - Elie Wiesel,1985,,,,,Conflict,Emotion,,,,,,,,,,,,,,,,,,,
1278,Quote,,An enemy is one whose story you have not heard.,Reflections - Gene Knudsen Hoffman,1985,,,,,Conflict,Empathy,,,,,,,,,,,,,,,,,,,
1279,Quote,,Sometimes the hardest person to forgive is yourself.,Reflections - Fred Rogers,1985,,,,,Conflict,Guilt,,,,,,,,,,,,,,,,,,,
1280,Quote,,"God, in His infinite wisdom, understands what we do not yet know we need.",Reflections - Henri Nouwen,1985,,,,,God,Providence,,,,,,,,,,,,,,,,,,,
1281,Quote,,You breathe grace when you stop trying to earn your next breath.,Reflections - Henri Nouwen,1985,,,,,Grace,Surrender,,,,,,,,,,,,,,,,,,,
1282,Quote,,You can’t have everything. Where would you put it?,Reflections - Steven Wright,1985,,,,,Humor,Absurdism,,,,,,,,,,,,,,,,,,,
1283,Quote,,I'm writing a book. I've got the page numbers done.,Reflections - Steven Wright,1985,,,,,Humor,Creativity,,,,,,,,,,,,,,,,,,,
1284,Quote,,"Love is not only something you feel, it is something you do.",Reflections - David Wilkerson,1985,,,,,Affection,Action,,,,,,,,,,,,,,,,,,,
1285,Quote,,The real question is not whether life exists after death. The real question is whether you are alive before death.,Reflections - Osho,1985,,,,,Presence,Awareness,,,,,,,,,,,,,,,,,,,
1286,Quote,,You don’t drown by falling in the water; you drown by staying there.,Reflections - Edwin Louis Cole,1986,,,,,Fortitude,Recovery,,,,,,,,,,,,,,,,,,,
1287,Quote,,"Happiness cannot be traveled to, owned, earned... it is the spiritual experience of living every minute with love, grace, and gratitude.",Daily Reflections - Denis Waitley,1986,,,,,Gratitude,Happiness,,,,,,,,,,,,,,,,,,,
1288,Quote,,You do not have to be good. You only have to let the soft animal of your body love what it loves.,Wild Geese - Mary Oliver,1986,,,,,Acceptance,Permission,,,,,,,,,,,,,,,,,,,
1289,Quote,,The ego lives by comparisons. The spirit lives by unity.,Reflections - Henri Nouwen,1986,,,,,Ego/Self,Comparison,,,,,,,,,,,,,,,,,,,
1290,Quote,,"The ache for home lives in all of us, the safe place where we can go and not be questioned.",Reflections - Maya Angelou,1986,,,,,Togetherness,Home,,,,,,,,,,,,,,,,,,,
1291,Quote,,"I have found that among its other benefits, giving liberates the soul of the giver.",Reflections - Maya Angelou,1986,,,,,Togetherness,Giving,,,,,,,,,,,,,,,,,,,
1292,Quote,,Recovery is a process of rediscovery.,Reflections - Melody Beattie,1986,,,,,Recovery,Identity,,,,,,,,,,,,,,,,,,,
1293,Quote,,"Even when we doubt, God believes in us.",Reflections - Henri Nouwen,1986,,,,,God,Trust,,,,,,,,,,,,,,,,,,,
1294,Quote,,God is most glorified in us when we are most satisfied in Him.,Reflections - John Piper,1986,,,,,God,Joy,,,,,,,,,,,,,,,,,,,
1295,Quote,,"Grace is the celebration of life, relentlessly hounding all the non-celebrants.",Reflections - Robert Farrar Capon,1986,,,,,Grace,Joy,,,,,,,,,,,,,,,,,,,
1296,Quote,,"Grace is God loving, God stooping, God coming to the rescue.",Reflections - John Stott,1986,,,,,Grace,Rescue,,,,,,,,,,,,,,,,,,,
1297,Quote,,"Through humor, you can soften some of the worst blows that life delivers.",Reflections - Bill Cosby,1986,,,,,Humor,Coping,,,,,,,,,,,,,,,,,,,
1298,Quote,,The hands that touch gently change the world quietly.,Reflections - Henri Nouwen,1986,,,,,Affection,Service,,,,,,,,,,,,,,,,,,,
1299,Quote,,"Where words fail, hands offer truth.",Reflections - Henri Nouwen,1986,,,,,Affection,Compassion,,,,,,,,,,,,,,,,,,,
1300,Quote,,To give affection is to become someone’s sanctuary.,Reflections - Henri Nouwen,1986,,,,,Affection,Safety,,,,,,,,,,,,,,,,,,,
1301,Quote,,You do not have to be good. You only have to let the soft animal of your body love what it loves.,Wild Geese - Mary Oliver,1986,,,,,Acceptance,Embodiment,,,,,,,,,,,,,,,,,,,
1302,Quote,,"The ache for home lives in all of us, the safe place where we can go as we are and not be questioned.",Reflections - Maya Angelou,1986,,,,,Belonging,Safety,,,,,,,,,,,,,,,,,,,
1303,Quote,,You may have to fight a battle more than once to win it.,Speech - Margaret Thatcher,1987,,,,,Fortitude,Struggle,,,,,,,,,,,,,,,,,,,
1304,Quote,,"You may encounter many defeats, but you must not be defeated.",Speech - Maya Angelou,1987,,,,,Fortitude,Resilience,,,,,,,,,,,,,,,,,,,
1305,Quote,,Champions keep playing until they get it right.,Interview - Billie Jean King,1987,,,,,Fortitude,Excellence,,,,,,,,,,,,,,,,,,,
1306,Quote,,"The miracle is this—the more we share, the more we have.",Reflections - Leonard Nimoy,1987,,,,,Generosity,Abundance,,,,,,,,,,,,,,,,,,,
1307,Quote,,To heal is to touch with love that which we previously touched with fear.,Reflections - Stephen Levine,1987,,,,,Healing,Love,,,,,,,,,,,,,,,,,,,
1308,Quote,,What happens when people open their hearts? They get better.,Norwegian Wood - Haruki Murakami,1987,,,,,Healing,Openness,,,,,,,,,,,,,,,,,,,
1309,Quote,,What happens when people open their hearts? They get better.,Norwegian Wood - Haruki Murakami,1987,,,,,Suffering,Vulnerability,,,,,,,,,,,,,,,,,,,
1310,Quote,,"When someone shows you who they are, believe them the first time.",Reflections - Maya Angelou,1987,,,,,Conflict,Trust,,,,,,,,,,,,,,,,,,,
1311,Quote,,"God does not expect us to do everything, but He does expect us to do something.",Reflections - Charles Swindoll,1987,,,,,God,Action,,,,,,,,,,,,,,,,,,,
1312,Quote,,"Without grace, we turn our wounds into weapons.",Reflections - Henri Nouwen,1987,,,,,Grace,Healing,,,,,,,,,,,,,,,,,,,
1313,Quote,,"If at first you don’t succeed, then skydiving definitely isn’t for you.",Reflections - Steven Wright,1987,,,,,Humor,Failure,,,,,,,,,,,,,,,,,,,
1314,Quote,,Humor is a universal solvent against bitterness.,Reflections - Henri Nouwen,1987,,,,,Humor,Healing,,,,,,,,,,,,,,,,,,,
1315,Quote,,"Laughter gives us distance. It allows us to step back from an event, deal with it, and then move on.",Reflections - Bob Newhart,1987,,,,,Humor,Perspective,,,,,,,,,,,,,,,,,,,
1316,Quote,,"Peace is not something you wish for; it's something you make, something you do, something you are, and something you give away.",Reflections - Robert Fulghum,1988,,,,,Togetherness,Peace,,,,,,,,,,,,,,,,,,,
1317,Quote,,One is loved because one is loved. No reason is needed for loving.,The Alchemist - Paulo Coelho,1988,,,,,Love,Unconditional,,,,,,,,,,,,,,,,,,,
1318,Quote,,"Love recognizes no barriers. It jumps hurdles, leaps fences, penetrates walls to arrive at its destination full of hope.",Interview - Maya Angelou,1988,,,,,Love,Resilience,,,,,,,,,,,,,,,,,,,
1319,Quote,,"I have seen the soul of the world, and it is love.",The Alchemist - Paulo Coelho,1988,,,,,Spirit/Soul,Love,,,,,,,,,,,,,,,,,,,
1320,Quote,,The spiritual life does not remove us from the world but leads us deeper into it.,Reflections - Henri Nouwen,1988,,,,,Spirit/Soul,Engagement,,,,,,,,,,,,,,,,,,,
1321,Quote,,The goal of life is to make your heartbeat match the beat of the universe.,Reflections - Joseph Campbell,1988,,,,,Nature/Natural,Harmony,,,,,,,,,,,,,,,,,,,
1322,Quote,,Apology is the superglue of life. It can repair just about anything.,Reflections - Lynn Johnston,1988,,,,,Conflict,Reconciliation,,,,,,,,,,,,,,,,,,,
1323,Quote,,Conflict is growth trying to happen.,Reflections - Harville Hendrix,1988,,,,,Conflict,Transformation,,,,,,,,,,,,,,,,,,,
1324,Quote,,"When you can't go back, you have to worry only about the best way of moving forward.",The Alchemist - Paulo Coelho,1988,,,,,Journey,Next Step,,,,,,,,,,,,,,,,,,,
1325,Quote,,We are made to persist. That’s how we find out who we are.,Reflections - Tobias Wolff,1989,,,,,Fortitude,Identity,,,,,,,,,,,,,,,,,,,
1326,Quote,,Trust is the glue of life. It’s the most essential ingredient in effective communication.,Reflections - Stephen Covey,1989,,,,,Truth,Trust,,,,,,,,,,,,,,,,,,,
1327,Quote,,Grace is the final answer to despair.,Reflections - Henri Nouwen,1989,,,,,Grace,Hope,,,,,,,,,,,,,,,,,,,
1328,Quote,,The presence of God is not an achievement; it is a grace.,Reflections - Brennan Manning,1990,,,,,God,Grace,,,,,,,,,,,,,,,,,,,
1329,Quote,,"God’s promises are like the stars; the darker the night, the brighter they shine.",Reflections - David Nicholas,1990,,,,,God,Hope,,,,,,,,,,,,,,,,,,,
1330,Quote,,"Gratitude turns denial into acceptance, chaos to order, confusion to clarity.",The Language of Letting Go - Melody Beattie,1990,,,,,Gratitude,Transformation,,,,,,,,,,,,,,,,,,,
1331,Quote,,"When we stop denying reality, we find clarity.",The Language of Letting Go - Melody Beattie,1990,,,,,Acceptance,Clarity,,,,,,,,,,,,,,,,,,,
1332,Quote,,Generosity is the most natural outward expression of an inner attitude of compassion.,Journal - Dalai Lama XIV,1990,,,,,Generosity,Compassion,,,,,,,,,,,,,,,,,,,
1333,Quote,,Ego is the biggest enemy of humans.,Reflections - Sri Sathya Sai Baba,1990,,,,,Ego/Self,Hindrance,,,,,,,,,,,,,,,,,,,
1334,Quote,,To touch the soul of another is to walk on holy ground.,Reflections - Stephen R. Covey,1990,,,,,Spirit/Soul,Connection,,,,,,,,,,,,,,,,,,,
1335,Quote,,Nature is not a place to visit. It is home.,Reflections - Gary Snyder,1990,,,,,Nature/Natural,Belonging,,,,,,,,,,,,,,,,,,,
1336,Quote,,The natural world is the larger sacred community to which we belong.,Reflections - Thomas Berry,1990,,,,,Nature/Natural,Sacredness,,,,,,,,,,,,,,,,,,,
1337,Quote,,"Nature has no need to hurry, for she knows all is already well.",Reflections - Dan Millman,1990,,,,,Nature/Natural,Trust,,,,,,,,,,,,,,,,,,,
1338,Quote,,"The muse visits during the act of creation, not before.",Reflections - Roger Ebert,1990,,,,,Creativity,Inspiration,,,,,,,,,,,,,,,,,,,
1339,Quote,,The most potent muse of all is our own inner child.,Reflections - Stephen Nachmanovitch,1990,,,,,Creativity,Inner Child,,,,,,,,,,,,,,,,,,,
1340,Quote,,To love and be loved is to feel the sun from both sides.,Reflections - David Viscott,1990,,,,,Togetherness,Mutuality,,,,,,,,,,,,,,,,,,,
1341,Quote,,"Every time you are tempted to react in the same old way, ask if you want to be a prisoner of the past or a pioneer of the future.",Reflections - Deepak Chopra,1990,,,,,Recovery,Change,,,,,,,,,,,,,,,,,,,
1342,Quote,,"Just when the caterpillar thought the world was over, it became a butterfly.",Reflections - Anonymous,1990,,,,,Healing,Transformation,,,,,,,,,,,,,,,,,,,
1343,Quote,,"In the process of letting go you will lose many things from the past, but you will find yourself.",Reflections - Deepak Chopra,1990,,,,,Healing,Identity,,,,,,,,,,,,,,,,,,,
1344,Quote,,To be human is to suffer. It is our universal bond.,Reflections - Maya Angelou,1990,,,,,Suffering,Humanity,,,,,,,,,,,,,,,,,,,
1345,Quote,,Truth fears no questions.,Reflections - Unknown,1990,,,,,Truth,Inquiry,,,,,,,,,,,,,,,,,,,
1346,Quote,,"God does not call the qualified, He qualifies the called.",Reflections - Unknown,1990,,,,,God,Calling,,,,,,,,,,,,,,,,,,,
1347,Quote,,The will of God will never take you where the grace of God will not protect you.,Reflections - Unknown,1990,,,,,Grace,Protection,,,,,,,,,,,,,,,,,,,
1348,Quote,,Grace flows best through those who know they need it.,Reflections - Brennan Manning,1990,,,,,Grace,Humility,,,,,,,,,,,,,,,,,,,
1349,Quote,,A hug is a handshake from the heart.,Reflections - Unknown,1990,,,,,Affection,Warmth,,,,,,,,,,,,,,,,,,,
1350,Quote,,We are made whole by each other's warmth.,Reflections - Maya Angelou,1990,,,,,Affection,Completion,,,,,,,,,,,,,,,,,,,
1351,Quote,,"The truth will set you free, but first it will piss you off.",Reflections - Gloria Steinem,1990,,,,,Truth,Disruption,,,,,,,,,,,,,,,,,,,
1352,Quote,,We don’t grow by striving; we grow by receiving grace.,Reflections - Leanne Payne,1991,,,,,Grace,Growth,,,,,,,,,,,,,,,,,,,
1353,Quote,,Pain is not a punishment; pleasure is not a reward.,Reflections - Pema Chödrön,1991,,,,,Suffering,Neutrality,,,,,,,,,,,,,,,,,,,
1354,Quote,,Love is stronger than justice.,Song Lyrics - Sting,1991,,,,,Love,Power,,,,,,,,,,,,,,,,,,,
1355,Quote,,Gratitude is the seed that sprouts peace and joy.,Teachings - Thich Nhat Hanh,1991,,,,,Gratitude,Seeds,,,,,,,,,,,,,,,,,,,
1356,Quote,,We can never obtain peace in the outer world until we make peace with ourselves.,Public Talk - Dalai Lama XIV,1991,,,,,Acceptance,Inner Peace,,,,,,,,,,,,,,,,,,,
1357,Quote,,Love and kindness are never wasted. They always make a difference.,Teachings - Helen James,1991,,,,,Kindness,Effect,,,,,,,,,,,,,,,,,,,
1358,Quote,,Suffering is a kind of mud we must sit in to become lotus flowers.,Reflections - Thich Nhat Hanh,1991,,,,,Suffering,Growth,,,,,,,,,,,,,,,,,,,
1359,Quote,,"Before you criticize someone, walk a mile in their shoes. That way, when you do, you're a mile away and you have their shoes.",Reflections - Jack Handey,1991,,,,,Humor,Satire,,,,,,,,,,,,,,,,,,,
1360,Quote,,Humor is one of the best ingredients of survival.,Reflections - Aung San Suu Kyi,1991,,,,,Humor,Strength,,,,,,,,,,,,,,,,,,,
1361,Quote,,Love is not something you feel. It is something you do.,The Five Love Languages - Gary Chapman,1992,,,,,Love,Action,,,,,,,,,,,,,,,,,,,
1362,Quote,,Gratitude turns what we have into enough.,A Return to Love - Marianne Williamson,1992,,,,,Gratitude,Contentment,,,,,,,,,,,,,,,,,,,
1363,Quote,,There is a crack in everything. That’s how the light gets in.,Anthem - Leonard Cohen,1992,,,,,Acceptance,Imperfection,,,,,,,,,,,,,,,,,,,
1364,Quote,,Your playing small does not serve the world. There is nothing enlightened about shrinking.,A Return to Love - Marianne Williamson,1992,,,,,Acceptance,Self-Worth,,,,,,,,,,,,,,,,,,,
1365,Quote,,There is a crack in everything. That’s how the light gets in.,Anthem - Leonard Cohen,1992,,,,,Acceptance,Imperfection,,,,,,,,,,,,,,,,,,,
1366,Quote,,Acceptance is observation of life and suspension of judgment about whether what is happening is good or bad.,Real Magic - Wayne Dyer,1992,,,,,Acceptance,Nonjudgment,,,,,,,,,,,,,,,,,,,
1367,Quote,,"We are all broken, that’s how the light gets in.",The Crack in Everything - Leonard Cohen,1992,,,,,Acceptance,Brokenness,,,,,,,,,,,,,,,,,,,
1368,Quote,,The practice of forgiveness is our most important contribution to the healing of the world.,A Return to Love - Marianne Williamson,1992,,,,,Acceptance,Forgiveness,,,,,,,,,,,,,,,,,,,
1369,Quote,,It takes two to lie: one to lie and one to listen.,The Simpsons - Homer Simpson,1992,,,,,Honesty,Humor,,,,,,,,,,,,,,,,,,,
1370,Quote,,You give yourself away when you serve others.,Reflections - Marianne Williamson,1992,,,,,Giving,Purpose,,,,,,,,,,,,,,,,,,,
1371,Quote,,"As we let our own light shine, we unconsciously give other people permission to do the same.",Inaugural Speech (quoted) - Marianne Williamson,1992,,,,,Generosity,Inspiration,,,,,,,,,,,,,,,,,,,
1372,Quote,,"When we practice loving kindness, we are the first to profit.",Teachings - Thich Nhat Hanh,1992,,,,,Kindness,Benefit,,,,,,,,,,,,,,,,,,,
1373,Quote,,The soul is the truth of who we are.,Reflections - Marianne Williamson,1992,,,,,Spirit/Soul,Identity,,,,,,,,,,,,,,,,,,,
1374,Quote,,The spiritual journey is the unlearning of fear and the acceptance of love.,Reflections - Marianne Williamson,1992,,,,,Spirit/Soul,Healing,,,,,,,,,,,,,,,,,,,
1375,Quote,,"Even when we are physically alone, our soul is always in community.",Reflections - Thomas Moore,1992,,,,,Spirit/Soul,Communion,,,,,,,,,,,,,,,,,,,
1376,Quote,,"Spirituality is the recognition that we are all one in essence, connected by the same source.",Reflections - Deepak Chopra,1992,,,,,Spirit/Soul,Unity,,,,,,,,,,,,,,,,,,,
1377,Quote,,The soul needs love as much as the body needs air.,Reflections - Thomas Moore,1992,,,,,Spirit/Soul,Love,,,,,,,,,,,,,,,,,,,
1378,Quote,,The soul is never lost. Only forgotten.,Reflections - Clarissa Pinkola Estés,1992,,,,,Spirit/Soul,Memory,,,,,,,,,,,,,,,,,,,
1379,Quote,,The wind plays its own music through the trees.,Reflections - Mary Oliver,1992,,,,,Nature/Natural,Sound,,,,,,,,,,,,,,,,,,,
1380,Quote,,"The creative process is a process of surrender, not control.",Reflections - Julia Cameron,1992,,,,,Creativity,Surrender,,,,,,,,,,,,,,,,,,,
1381,Quote,,"In every community, there is work to be done. In every heart, there is the power to do it.",Reflections - Marianne Williamson,1992,,,,,Togetherness,Community,,,,,,,,,,,,,,,,,,,
1382,Quote,,Each of us is a thread in the fabric of one another’s lives.,Reflections - Fred Rogers,1992,,,,,Togetherness,Belonging,,,,,,,,,,,,,,,,,,,
1383,Quote,,Happiness is only real when shared.,Into the Wild - Christopher McCandless,1992,,,,,Togetherness,Happiness,,,,,,,,,,,,,,,,,,,
1384,Quote,,There is a crack in everything. That’s how the light gets in.,Anthem - Leonard Cohen,1992,,,,,Healing,Imperfection,,,,,,,,,,,,,,,,,,,
1385,Quote,,The practice of forgiveness is our most important contribution to the healing of the world.,Reflections - Marianne Williamson,1992,,,,,Healing,Forgiveness,,,,,,,,,,,,,,,,,,,
1386,Quote,,"Suffering, failure, loneliness, sorrow, discouragement, and death will be part of your journey... but the Kingdom of God will conquer all these horrors.",The Return of the Prodigal Son - Henri Nouwen,1992,,,,,Suffering,Redemption,,,,,,,,,,,,,,,,,,,
1387,Quote,,"There’s a crack in everything, that’s how the light gets in.",Anthem - Leonard Cohen,1992,,,,,Suffering,Light,,,,,,,,,,,,,,,,,,,
1388,Quote,,"We are not held back by the love we didn’t receive in the past, but by the love we’re not extending in the present.",Reflections - Marianne Williamson,1992,,,,,Conflict,Forgiveness,,,,,,,,,,,,,,,,,,,
1389,Quote,,"We each carry the world in our hearts—its sorrow, its joy, and all its unresolved questions.",Reflections - Henri Nouwen,1992,,,,,Conflict,Inner Burden,,,,,,,,,,,,,,,,,,,
1390,Quote,,Only those who risk telling the truth know how dangerous it can be.,Reflections - Vaclav Havel,1992,,,,,Truth,Courage,,,,,,,,,,,,,,,,,,,
1391,Quote,,"There is a crack in everything, that’s how the light gets in.",Anthem - Leonard Cohen,1992,,,,,God,Brokenness,,,,,,,,,,,,,,,,,,,
1392,Quote,,God does not change—our awareness of Him does.,Reflections - Thomas Keating,1992,,,,,God,Perception,,,,,,,,,,,,,,,,,,,
1393,Quote,,Faith is seeing light with your heart when all your eyes see is darkness.,Reflections - Barbara Johnson,1992,,,,,God,Faith,,,,,,,,,,,,,,,,,,,
1394,Quote,,"The image of God is not found in power, but in vulnerability.",Reflections - Henri Nouwen,1992,,,,,God,Identity,,,,,,,,,,,,,,,,,,,
1395,Quote,,God dances with those who dare to be still.,Reflections - Clarissa Pinkola Estés,1992,,,,,God,Stillness,,,,,,,,,,,,,,,,,,,
1396,Quote,,The spiritual journey is the unlearning of fear and the acceptance of love from God.,A Return to Love - Marianne Williamson,1992,,,,,God,Transformation,,,,,,,,,,,,,,,,,,,
1397,Quote,,The desire for God is written in the human heart.,Catechism of the Catholic Church - Catholic Church,1992,,,,,God,Longing,,,,,,,,,,,,,,,,,,,
1398,Quote,,Grace is the divine assistance given to humans for their regeneration or sanctification.,Catechism - Catholic Church,1992,,,,,Grace,Doctrine,,,,,,,,,,,,,,,,,,,
1399,Quote,,The planet is fine. The people are f****d.,Reflections - George Carlin,1992,,,,,Humor,Environmental Irony,,,,,,,,,,,,,,,,,,,
1400,Quote,,Nothing lifts the soul quite like shared laughter.,Reflections - Maya Angelou,1992,,,,,Humor,Fellowship,,,,,,,,,,,,,,,,,,,
1401,Quote,,"To touch the soul, sometimes all you need is to hold the hand.",Reflections - Jean Vanier,1992,,,,,Affection,Tenderness,,,,,,,,,,,,,,,,,,,
1402,Quote,,Affection is a slow-burning flame that warms without demanding.,Reflections - Thomas Moore,1992,,,,,Affection,Steady Love,,,,,,,,,,,,,,,,,,,
1403,Quote,,"Love touches not just the heart, but the skin and soul.",Reflections - Clarissa Pinkola Estés,1992,,,,,Affection,Depth,,,,,,,,,,,,,,,,,,,
1404,Quote,,Even a resting hand on the shoulder can anchor a storm-tossed mind.,Reflections - Thomas Moore,1992,,,,,Affection,Grounding,,,,,,,,,,,,,,,,,,,
1405,Quote,,The soul speaks through the fingertips.,Reflections - Thomas Moore,1992,,,,,Affection,Soulful Gesture,,,,,,,,,,,,,,,,,,,
1406,Quote,,"There’s a crack in everything, that’s how the light gets in.",Anthem - Leonard Cohen,1992,,,,,Imperfection,Grace,,,,,,,,,,,,,,,,,,,
1407,Quote,,"You do not need to know where you are going, only that you are on your way.",Reflections - Clarissa Pinkola Estés,1992,,,,,Journey,Faith,,,,,,,,,,,,,,,,,,,
1408,Quote,,The crack is how the story gets in.,Reflections - Leonard Cohen (variation),1992,,,,,Story,Wounding,,,,,,,,,,,,,,,,,,,
1409,Quote,,Let gratitude be the pillow upon which you kneel to say your nightly prayer.,The Book of Delights - Maya Angelou,1993,,,,,Gratitude,Prayer,,,,,,,,,,,,,,,,,,,
1410,Quote,,"There’s a calmness to a life lived in gratitude, a quiet joy.",Journal - Ralph H. Blum,1993,,,,,Gratitude,Calm,,,,,,,,,,,,,,,,,,,
1411,Quote,,"The truth will set you free, but first it will piss you off.",Interview - Gloria Steinem,1993,,,,,Acceptance,Truth,,,,,,,,,,,,,,,,,,,
1412,Quote,,"I have found that among its other benefits, giving liberates the soul of the giver.",Reflections - Maya Angelou,1993,,,,,Giving,Freedom,,,,,,,,,,,,,,,,,,,
1413,Quote,,"The soul is like a wild animal—tough, resilient, and shy.",The Hidden Life of the Soul - Parker Palmer,1993,,,,,Spirit/Soul,Nature,,,,,,,,,,,,,,,,,,,
1414,Quote,,"The most authentic thing about us is our capacity to create, to overcome, to endure, to transform.",Reflections - Ben Okri,1993,,,,,Spirit/Soul,Creativity,,,,,,,,,,,,,,,,,,,
1415,Quote,,"We are not put on this earth for ourselves, but are placed here for each other.",Reflections - Woodrow Kroll,1993,,,,,Togetherness,Purpose,,,,,,,,,,,,,,,,,,,
1416,Quote,,"The truth will set you free. But first, it will break your heart.",Reflections - Gloria Steinem,1993,,,,,Healing,Truth,,,,,,,,,,,,,,,,,,,
1417,Quote,,The greatest conflicts are not between two people but between one person and himself.,Reflections - Garth Brooks,1993,,,,,Conflict,Inner Struggle,,,,,,,,,,,,,,,,,,,
1418,Quote,,Even pain has its purpose; we must only be willing to feel it.,Reflections - Anne Lamott,1994,,,,,Suffering,Purpose,,,,,,,,,,,,,,,,,,,
1419,Quote,,"You can't stop the waves, but you can learn to surf.","Wherever You Go, There You Are - Jon Kabat-Zinn",1994,,,,,Acceptance,Adaptability,,,,,,,,,,,,,,,,,,,
1420,Quote,,"The oak fought the wind and was broken, the willow bent when it must and survived.",Parables - Robert Jordan,1994,,,,,Fortitude,Endurance,,,,,,,,,,,,,,,,,,,
1421,Quote,,Give cheerfully and freely. It is the energy behind the giving that matters.,The Seven Spiritual Laws of Success - Deepak Chopra,1994,,,,,Giving,Attitude,,,,,,,,,,,,,,,,,,,
1422,Quote,,The most fundamental aggression to ourselves is to remain ignorant by not having the courage and the respect to look at ourselves honestly.,Start Where You Are - Pema Chödrön,1994,,,,,Ego/Self,Honesty,,,,,,,,,,,,,,,,,,,
1423,Quote,,To live soulfully is to embrace the mystery and hold the questions sacred.,Reflections - Thomas Moore,1994,,,,,Spirit/Soul,Mystery,,,,,,,,,,,,,,,,,,,
1424,Quote,,"You can't stop the waves, but you can learn to surf.",Reflections - Jon Kabat-Zinn,1994,,,,,Healing,Resilience,,,,,,,,,,,,,,,,,,,
1425,Quote,,"Sometimes you climb out of bed in the morning and you think, I’m not going to make it, but you laugh inside — remembering all the times you’ve felt that way.",Reflections - Charles Bukowski,1994,,,,,Suffering,Endurance,,,,,,,,,,,,,,,,,,,
1426,Quote,,"A caress, well-timed, can speak louder than any speech.",Reflections - Maya Angelou,1994,,,,,Affection,Communication,,,,,,,,,,,,,,,,,,,
1427,Quote,,"You own everything that happened to you. Tell your stories. If people wanted you to write warmly about them, they should’ve behaved better.",Bird by Bird - Anne Lamott,1994,,,,,Honesty,Storytelling,,,,,,,,,,,,,,,,,,,
1428,Quote,,"Love and compassion are necessities, not luxuries. Without them, humanity cannot survive.",Public Talk - Dalai Lama XIV,1995,,,,,Love,Compassion,,,,,,,,,,,,,,,,,,,
1429,Quote,,"Gratitude unlocks the fullness of life. It turns what we have into enough, and more.",Simple Abundance - Sarah Ban Breathnach,1995,,,,,Gratitude,Fulfillment,,,,,,,,,,,,,,,,,,,
1430,Quote,,Gratitude is a form of wisdom. It transforms memory into hope.,Interview - John S. Kavanaugh,1995,,,,,Gratitude,Transformation,,,,,,,,,,,,,,,,,,,
1431,Quote,,When we choose not to focus on what is missing from our lives but are grateful for the abundance that’s present—we experience heaven on earth.,The Abundance Book - Sarah Ban Breathnach,1995,,,,,Gratitude,Fulfillment,,,,,,,,,,,,,,,,,,,
1432,Quote,,"What you resist not only persists, but will grow in size.",Conversations with God - Neale Donald Walsch,1995,,,,,Acceptance,Resistance,,,,,,,,,,,,,,,,,,,
1433,Quote,,You cannot accept others until you accept yourself.,Interview - Maya Angelou,1995,,,,,Acceptance,Self,,,,,,,,,,,,,,,,,,,
1434,Quote,,"Every experience, no matter how bad it seems, holds within it a blessing of some kind. The goal is to find it.",Conversations with God - Neale Donald Walsch,1995,,,,,Acceptance,Experience,,,,,,,,,,,,,,,,,,,
1435,Quote,,Perseverance is the hard work you do after you get tired of doing the hard work you already did.,Commencement Speech - Newt Gingrich,1995,,,,,Fortitude,Grit,,,,,,,,,,,,,,,,,,,
1436,Quote,,Storms make trees take deeper roots.,Personal Sayings - Dolly Parton,1995,,,,,Fortitude,Growth,,,,,,,,,,,,,,,,,,,
1437,Quote,,Be kind whenever possible. It is always possible.,Public Talk - Dalai Lama XIV,1995,,,,,Kindness,Possibility,,,,,,,,,,,,,,,,,,,
1438,Quote,,"If you want others to be happy, practice compassion. If you want to be happy, practice compassion.",Public Talk - Dalai Lama XIV,1995,,,,,Kindness,Reciprocity,,,,,,,,,,,,,,,,,,,
1439,Quote,,"When we give cheerfully and accept gratefully, everyone is blessed.",Reflections - Maya Angelou,1995,,,,,Giving,Reciprocity,,,,,,,,,,,,,,,,,,,
1440,Quote,,"When we give joyfully, and receive gratefully, everyone is blessed.",Reflections - Sarah Ban Breathnach,1995,,,,,Giving,Joy,,,,,,,,,,,,,,,,,,,
1441,Quote,,"The greatest enemy of knowledge is not ignorance, it is the illusion of knowledge.",The Demon-Haunted World - Carl Sagan,1995,,,,,Ego/Self,Illusion,,,,,,,,,,,,,,,,,,,
1442,Quote,,Real growth begins when we stop trying to prove we're right and start trying to understand.,Reflections - Thich Nhat Hanh,1995,,,,,Ego/Self,Growth,,,,,,,,,,,,,,,,,,,
1443,Quote,,What you are looking for is already in you. You are already everything you are seeking.,Reflections - Thich Nhat Hanh,1995,,,,,Ego/Self,Completion,,,,,,,,,,,,,,,,,,,
1444,Quote,,"Inside us there is something that has no name, that something is what we are.",Blindness - José Saramago,1995,,,,,Spirit/Soul,Essence,,,,,,,,,,,,,,,,,,,
1445,Quote,,"Nature has been for me, for as long as I remember, a source of solace, inspiration, adventure, and delight.",Reflections - Lorraine Anderson,1995,,,,,Nature/Natural,Solace,,,,,,,,,,,,,,,,,,,
1446,Quote,,Creativity is allowing yourself to make mistakes. Art is knowing which ones to keep.,Reflections - Scott Adams,1995,,,,,Creativity,Process,,,,,,,,,,,,,,,,,,,
1447,Quote,,There’s no such thing as writer’s block. That was invented by people in California who couldn’t write.,Reflections - Terry Pratchett,1995,,,,,Creativity,Humor,,,,,,,,,,,,,,,,,,,
1448,Quote,,A friend is someone who knows the song in your heart and can sing it back to you when you forget the words.,Reflections - Donna Roberts,1995,,,,,Togetherness,Friendship,,,,,,,,,,,,,,,,,,,
1449,Quote,,"Grief is not a disorder, a disease or a sign of weakness. It is an emotional, physical and spiritual necessity.",Reflections - Earl Grollman,1995,,,,,Suffering,Grief,,,,,,,,,,,,,,,,,,,
1450,Quote,,Resentment is like setting yourself on fire and hoping the other person dies of smoke inhalation.,Reflections - Nelson Mandela,1995,,,,,Conflict,Resentment,,,,,,,,,,,,,,,,,,,
1451,Quote,,"God dwells within you, as you.",Conversations with God - Neale Donald Walsch,1995,,,,,God,Immanence,,,,,,,,,,,,,,,,,,,
1452,Quote,,"If you want to find God, hang out in the space between your thoughts.",Reflections - Alan Cohen,1995,,,,,God,Awareness,,,,,,,,,,,,,,,,,,,
1453,Quote,,Grace is the fruit of acceptance of your humanity.,Reflections - Thomas Keating,1995,,,,,Grace,Self-Acceptance,,,,,,,,,,,,,,,,,,,
1454,Quote,,"To succeed in life, you need three things: a wishbone, a backbone, and a funny bone.",Reflections - Reba McEntire,1995,,,,,Humor,Wisdom,,,,,,,,,,,,,,,,,,,
1455,Quote,,Laughing together is a small resurrection.,Reflections - Anne Lamott,1995,,,,,Humor,Community,,,,,,,,,,,,,,,,,,,
1456,Quote,,To love someone is to touch them gently with the soul.,Reflections - Unknown,1995,,,,,Affection,Soulful Presence,,,,,,,,,,,,,,,,,,,
1457,Quote,,To offer affection without condition is the work of saints.,Reflections - Jack Kornfield,1995,,,,,Affection,Unconditional Love,,,,,,,,,,,,,,,,,,,
1458,Quote,,"The hand placed with care says: I see you, I hear you, I love you.",Reflections - Ram Dass,1995,,,,,Affection,Presence,,,,,,,,,,,,,,,,,,,
1459,Quote,,To accept is to say yes to life.,Reflections - Joan Borysenko,1996,,,,,Acceptance,Life,,,,,,,,,,,,,,,,,,,
1460,Quote,,"Honesty is more than not lying. It is truth telling, truth speaking, truth living, and truth loving.",Ethics - James E. Faust,1996,,,,,Honesty,Ethics,,,,,,,,,,,,,,,,,,,
1461,Quote,,"We tell lies when we are afraid... afraid of what we don't know, afraid of what others will think.",Essays - Tad Williams,1996,,,,,Honesty,Fear,,,,,,,,,,,,,,,,,,,
1462,Quote,,"Courage doesn’t always roar. Sometimes courage is the quiet voice at the end of the day saying, ‘I will try again tomorrow.’",Reflections - Mary Anne Radmacher,1996,,,,,Fortitude,Quiet Strength,,,,,,,,,,,,,,,,,,,
1463,Quote,,"The soul’s path is quiet, unhurried, and eternal.",Reflections - Clarissa Pinkola Estés,1996,,,,,Spirit/Soul,Timelessness,,,,,,,,,,,,,,,,,,,
1464,Quote,,What we have in common is more powerful than what sets us apart.,Reflections - Bill Clinton,1996,,,,,Togetherness,Commonality,,,,,,,,,,,,,,,,,,,
1465,Quote,,"Healing may not be so much about getting better, as about letting go of everything that isn’t you.",Reflections - Rachel Naomi Remen,1996,,,,,Healing,Letting Go,,,,,,,,,,,,,,,,,,,
1466,Quote,,Recovery begins from the darkest moment.,Reflections - John Major,1996,,,,,Recovery,Hope,,,,,,,,,,,,,,,,,,,
1467,Quote,,"People in their pain want others to hurt as well, so they feel less alone.",Reflections - David Foster Wallace,1996,,,,,Suffering,Projection,,,,,,,,,,,,,,,,,,,
1468,Quote,,Pain nourishes courage. You can’t be brave if you’ve only had wonderful things happen to you.,Reflections - Mary Tyler Moore,1996,,,,,Suffering,Courage,,,,,,,,,,,,,,,,,,,
1469,Quote,,"Honesty is more than not lying. It is truth telling, truth speaking, truth living, and truth loving.",Reflections - James E. Faust,1996,,,,,Truth,Integrity,,,,,,,,,,,,,,,,,,,
1470,Quote,,We can’t climb up to grace—it descends.,Reflections - Peter Kreeft,1996,,,,,Grace,Descent,,,,,,,,,,,,,,,,,,,
1471,Quote,,I'm not great at the advice. Can I interest you in a sarcastic comment?,Friends - Chandler Bing,1996,,,,,Humor,Sarcasm,,,,,,,,,,,,,,,,,,,
1472,Quote,,The first gift we ever received was a hand that held us.,Reflections - Rachel Naomi Remen,1996,,,,,Affection,Beginnings,,,,,,,,,,,,,,,,,,,
1473,Quote,,Love expressed in physical care transcends language.,Reflections - Rachel Naomi Remen,1996,,,,,Affection,Nonverbal Love,,,,,,,,,,,,,,,,,,,
1474,Quote,,"Sometimes, the only medicine we need is to be held.",Reflections - Naomi Remen,1996,,,,,Affection,Healing,,,,,,,,,,,,,,,,,,,
1475,Quote,,Love is a choice you make from moment to moment.,The Path to Love - Deepak Chopra,1997,,,,,Love,Practice,,,,,,,,,,,,,,,,,,,
1476,Quote,,"The most important thing in life is to learn how to give out love, and to let it come in.",Tuesdays with Morrie - Mitch Albom,1997,,,,,Love,Openness,,,,,,,,,,,,,,,,,,,
1477,Quote,,Gratitude for the present moment is the most important spiritual practice.,The Power of Now - Eckhart Tolle,1997,,,,,Gratitude,Presence,,,,,,,,,,,,,,,,,,,
1478,Quote,,It is through gratitude for the present moment that the spiritual dimension of life opens up.,The Power of Now - Eckhart Tolle,1997,,,,,Gratitude,Awareness,,,,,,,,,,,,,,,,,,,
1479,Quote,,"Accept—then act. Whatever the present moment contains, accept it as if you had chosen it.",The Power of Now - Eckhart Tolle,1997,,,,,Acceptance,Presence,,,,,,,,,,,,,,,,,,,
1480,Quote,,To realize that you are not your thoughts is when you begin to awaken spiritually.,The Power of Now - Eckhart Tolle,1997,,,,,Acceptance,Identity,,,,,,,,,,,,,,,,,,,
1481,Quote,,All you need is to accept this moment fully. Then you are at peace in the here and now.,The Power of Now - Eckhart Tolle,1997,,,,,Acceptance,Present,,,,,,,,,,,,,,,,,,,
1482,Quote,,One of the deepest longings of the human soul is to be seen.,Anam Cara - John O’Donohue,1997,,,,,Acceptance,Belonging,,,,,,,,,,,,,,,,,,,
1483,Quote,,Telling the truth and making someone cry is better than telling a lie and making someone smile.,Personal Sayings - Paulo Coelho,1997,,,,,Honesty,Consequence,,,,,,,,,,,,,,,,,,,
1484,Quote,,"As we work to create light for others, we naturally light our own way.",Reflections - Mary Anne Radmacher,1997,,,,,Kindness,Impact,,,,,,,,,,,,,,,,,,,
1485,Quote,,Remember there's no such thing as a small act of kindness. Every act creates a ripple.,Reflections - Scott Adams,1997,,,,,Kindness,Ripple Effect,,,,,,,,,,,,,,,,,,,
1486,Quote,,"The ego says, “I shouldn’t have to suffer,” and that thought makes you suffer so much more.",The Power of Now - Eckhart Tolle,1997,,,,,Ego/Self,Suffering,,,,,,,,,,,,,,,,,,,
1487,Quote,,"To know yourself as the Being underneath the thinker, the stillness underneath the mental noise, is freedom.",The Power of Now - Eckhart Tolle,1997,,,,,Ego/Self,Presence,,,,,,,,,,,,,,,,,,,
1488,Quote,,Your soul knows the geography of your destiny.,Anam Cara - John O’Donohue,1997,,,,,Spirit/Soul,Destiny,,,,,,,,,,,,,,,,,,,
1489,Quote,,A soul awakened to its own beauty can never go back to sleep.,Reflections - John O’Donohue,1997,,,,,Spirit/Soul,Awakening,,,,,,,,,,,,,,,,,,,
1490,Quote,,Every soul is a story unfolding in the light of eternity.,Reflections - John O’Donohue,1997,,,,,Spirit/Soul,Story,,,,,,,,,,,,,,,,,,,
1491,Quote,,Forgive yourself for not knowing what you didn’t know before you learned it.,Reflections - Maya Angelou,1997,,,,,Healing,Forgiveness,,,,,,,,,,,,,,,,,,,
1492,Quote,,Turn your wounds into wisdom.,Reflections - Oprah Winfrey,1997,,,,,Suffering,Wisdom,,,,,,,,,,,,,,,,,,,
1493,Quote,,"Do not resist your pain. Surrender to it, and you will see it dissolve.",The Power of Now - Eckhart Tolle,1997,,,,,Suffering,Surrender,,,,,,,,,,,,,,,,,,,
1494,Quote,,Clarity affords focus.,Reflections - Thomas Leonard,1997,,,,,Truth,Focus,,,,,,,,,,,,,,,,,,,
1495,Quote,,You cannot find truth by seeking it with your mind.,The Power of Now - Eckhart Tolle,1997,,,,,Truth,Presence,,,,,,,,,,,,,,,,,,,
1496,Quote,,"The presence of God is not an escape from life, but the fullness of life itself.",Reflections - Dallas Willard,1997,,,,,God,Presence,,,,,,,,,,,,,,,,,,,
1497,Quote,,"Grace is not opposed to effort, it is opposed to earning.",Reflections - Dallas Willard,1997,,,,,Grace,Spiritual Growth,,,,,,,,,,,,,,,,,,,
1498,Quote,,Grace is the experience of being loved when you are unlovable.,Reflections - Philip Yancey,1997,,,,,Grace,Love,,,,,,,,,,,,,,,,,,,
1499,Quote,,Humor is the whisper of the divine in absurd times.,Reflections - Frederick Buechner,1997,,,,,Humor,Divinity,,,,,,,,,,,,,,,,,,,
1500,Quote,,The warmth of one hand in another can stop a storm inside.,Reflections - John O’Donohue,1997,,,,,Affection,Peace,,,,,,,,,,,,,,,,,,,
1501,Quote,,"There are hands that never heal, and there are hands that always do.",Reflections - John O’Donohue,1997,,,,,Affection,Presence,,,,,,,,,,,,,,,,,,,
1502,Quote,,"Gratitude bestows reverence, allowing us to encounter everyday epiphanies.",The Sacred Depths of Nature - Ursula Goodenough,1998,,,,,Gratitude,Reverence,,,,,,,,,,,,,,,,,,,
1503,Quote,,Be present in all things and thankful for all things.,Sermons - Maya Angelou,1998,,,,,Gratitude,Presence,,,,,,,,,,,,,,,,,,,
1504,Quote,,You can’t lie to your soul.,Interview - Irvine Welsh,1998,,,,,Honesty,Self,,,,,,,,,,,,,,,,,,,
1505,Quote,,"I never lie, because I don’t fear anyone. You only lie when you’re afraid.",Interview - John Gotti,1998,,,,,Honesty,Fear,,,,,,,,,,,,,,,,,,,
1506,Quote,,"Our spirits are not separate from the world, they are woven into it.",Reflections - John O’Donohue,1998,,,,,Spirit/Soul,Unity,,,,,,,,,,,,,,,,,,,
1507,Quote,,"Compassion is the wish to see others free from suffering, born from our deep connection.",The Art of Happiness - Dalai Lama,1998,,,,,Togetherness,Compassion,,,,,,,,,,,,,,,,,,,
1508,Quote,,Our wounds are often the openings into the best and most beautiful part of us.,Reflections - David Richo,1998,,,,,Healing,Self-Discovery,,,,,,,,,,,,,,,,,,,
1509,Quote,,Integrity is telling myself the truth. And honesty is telling the truth to other people.,Reflections - Spencer Johnson,1998,,,,,Truth,Integrity,,,,,,,,,,,,,,,,,,,
1510,Quote,,The truth needs no rehearsal.,Reflections - Barbara Kingsolver,1998,,,,,Truth,Simplicity,,,,,,,,,,,,,,,,,,,
1511,Quote,,God is not a distant sky-father but the ground of being.,Reflections - John Shelby Spong,1998,,,,,God,Immanence,,,,,,,,,,,,,,,,,,,
1512,Quote,,"God has entrusted us with life—not to control it, but to live it.",Reflections - Parker Palmer,1998,,,,,God,Surrender,,,,,,,,,,,,,,,,,,,
1513,Quote,,"Sometimes we don’t need to understand, we just need to trust God.",Reflections - Charles Stanley,1998,,,,,God,Trust,,,,,,,,,,,,,,,,,,,
1514,Quote,,"Where touch is welcome, healing begins.",Reflections - Naomi Shihab Nye,1998,,,,,Affection,Openness,,,,,,,,,,,,,,,,,,,
1515,Quote,,We are not here to fit into the world; we are here to create a new one.,The Invitation - Oriah Mountain Dreamer,1999,,,,,Acceptance,Purpose,,,,,,,,,,,,,,,,,,,
1516,Quote,,We accept the love we think we deserve.,The Perks of Being a Wallflower - Stephen Chbosky,1999,,,,,Love,Self-Worth,,,,,,,,,,,,,,,,,,,
1517,Quote,,"Love is like the wind, you can't see it but you can feel it.",A Walk to Remember - Nicholas Sparks,1999,,,,,Love,Intangibility,,,,,,,,,,,,,,,,,,,
1518,Quote,,Gratitude is a spiritual practice that connects us to our source.,Yoga Journal - Jack Kornfield,1999,,,,,Gratitude,Spirituality,,,,,,,,,,,,,,,,,,,
1519,Quote,,Honesty is a very expensive gift. Don’t expect it from cheap people.,Interviews - Warren Buffett,1999,,,,,Honesty,Value,,,,,,,,,,,,,,,,,,,
1520,Quote,,"Be honest about what you’re feeling. It may scare you, but it will free you.",Reflections - Iyanla Vanzant,1999,,,,,Honesty,Emotion,,,,,,,,,,,,,,,,,,,
1521,Quote,,To give is to invest in humanity.,Reflections - Oprah Winfrey,1999,,,,,Giving,Humanity,,,,,,,,,,,,,,,,,,,
1522,Quote,,The soul is the part of us that never forgets why we came.,Reflections - Oriah Mountain Dreamer,1999,,,,,Spirit/Soul,Purpose,,,,,,,,,,,,,,,,,,,
1523,Quote,,To walk in nature is to witness a thousand miracles.,Reflections - Mary Davis,1999,,,,,Nature/Natural,Wonder,,,,,,,,,,,,,,,,,,,
1524,Quote,,Art should disturb the comfortable and comfort the disturbed.,Reflections - Cesar A. Cruz,1999,,,,,Creativity,Impact,,,,,,,,,,,,,,,,,,,
1525,Quote,,Hope is being able to see that there is light despite all of the darkness.,Reflections - Desmond Tutu,1999,,,,,Healing,Hope,,,,,,,,,,,,,,,,,,,
1526,Quote,,"Healing takes courage, and we all have courage, even if we have to dig a little to find it.",Reflections - Tori Amos,1999,,,,,Conflict,Courage,,,,,,,,,,,,,,,,,,,
1527,Quote,,"You do not need to know where you are going, if you know God is leading.",Reflections - Unknown,1999,,,,,God,Trust,,,,,,,,,,,,,,,,,,,
1528,Quote,,I do not understand the mystery of grace—only that it meets us where we are and does not leave us where it found us.,Reflections - Anne Lamott,1999,,,,,Grace,Mystery,,,,,,,,,,,,,,,,,,,
1529,Quote,,"The trouble with having an open mind, of course, is that people will insist on coming along and trying to put things in it.",Reflections - Terry Pratchett,1999,,,,,Humor,Intelligence,,,,,,,,,,,,,,,,,,,
1530,Quote,,"There’s nothing like a good friend, except maybe a good friend with chocolate.",Reflections - Linda Grayson,1999,,,,,Humor,Friendship,,,,,,,,,,,,,,,,,,,
1531,Quote,,Love that is held in the hands becomes memory in the bones.,Reflections - John O’Donohue,1999,,,,,Affection,Memory,,,,,,,,,,,,,,,,,,,
1532,Quote,,A poet is someone who can pour light into a cup and raise it to nourish your soul.,Reflections - John O’Donohue,1999,,,,,Creativity,Nourishment,,,,,,,,,,,,,,,,,,,
1533,Quote,,"I want to know if you can sit with pain, mine or your own, without moving to hide it or fade it or fix it.",The Invitation - Oriah Mountain Dreamer,1999,,,,,Intimacy,Witnessing,,,,,,,,,,,,,,,,,,,
1534,Quote,,Be thankful for what you have; you'll end up having more.,Daily Reflections - Oprah Winfrey,2000,,,,,Gratitude,Increase,,,,,,,,,,,,,,,,,,,
1535,Quote,,"Understanding is the first step to acceptance, and only with acceptance can there be recovery.",Harry Potter and the Goblet of Fire - J.K. Rowling,2000,,,,,Acceptance,Understanding,,,,,,,,,,,,,,,,,,,
1536,Quote,,In each of us there is a silence as vast as the universe.,Reflections - Gunilla Norris,2000,,,,,Spirit/Soul,Silence,,,,,,,,,,,,,,,,,,,
1537,Quote,,You become what you create.,Reflections - Deepak Chopra,2000,,,,,Creativity,Identity,,,,,,,,,,,,,,,,,,,
1538,Quote,,The worst thing you write is better than the best thing you didn't write.,Reflections - Unknown,2000,,,,,Creativity,Action,,,,,,,,,,,,,,,,,,,
1539,Quote,,We are all connected. What unites us is far greater than what divides us.,Reflections - Unknown,2000,,,,,Togetherness,Unity,,,,,,,,,,,,,,,,,,,
1540,Quote,,"The moment we choose to love we begin to move toward freedom, to act in ways that liberate ourselves and others.",All About Love - bell hooks,2000,,,,,Togetherness,Love,,,,,,,,,,,,,,,,,,,
1541,Quote,,The soul always knows what to do to heal itself. The challenge is to silence the mind.,Reflections - Caroline Myss,2000,,,,,Healing,Inner Wisdom,,,,,,,,,,,,,,,,,,,
1542,Quote,,Sometimes we must yield to the pain in order to emerge on the other side.,Reflections - bell hooks,2000,,,,,Healing,Transformation,,,,,,,,,,,,,,,,,,,
1543,Quote,,"Recovery is about progression, not perfection.",Reflections - Anonymous,2000,,,,,Recovery,Growth,,,,,,,,,,,,,,,,,,,
1544,Quote,,"Some pain you can distance yourself from, but a certain pain belongs to you.",Reflections - Louise Glück,2000,,,,,Suffering,Ownership,,,,,,,,,,,,,,,,,,,
1545,Quote,,"Grief is praise, because it is the natural way love honors what it misses.",Reflections - Martín Prechtel,2000,,,,,Suffering,Grief,,,,,,,,,,,,,,,,,,,
1546,Quote,,"Conflict is inevitable, but combat is optional.",Reflections - Max Lucado,2000,,,,,Conflict,Choice,,,,,,,,,,,,,,,,,,,
1547,Quote,,The only thing more dangerous than a lie is a half-truth.,Reflections - Unknown,2000,,,,,Truth,Deception,,,,,,,,,,,,,,,,,,,
1548,Quote,,Real eyes realize real lies.,Reflections - Unknown,2000,,,,,Truth,Awareness,,,,,,,,,,,,,,,,,,,
1549,Quote,,"Without honesty, there is no foundation for love.",Reflections - Bell Hooks,2000,,,,,Truth,Relationships,,,,,,,,,,,,,,,,,,,
1550,Quote,,We are not abandoned. We are not alone. God is with us.,Reflections - Max Lucado,2000,,,,,God,Presence,,,,,,,,,,,,,,,,,,,
1551,Quote,,The will of God will never take you where the grace of God will not protect you.,Reflections - Unknown,2000,,,,,God,Grace,,,,,,,,,,,,,,,,,,,
1552,Quote,,God is never late. We’re just impatient.,Reflections - Joyce Meyer,2000,,,,,God,Timing,,,,,,,,,,,,,,,,,,,
1553,Quote,,"Nothing you confess could make me love you less, says God.",Reflections - Max Lucado,2000,,,,,God,Mercy,,,,,,,,,,,,,,,,,,,
1554,Quote,,Grace is the voice that calls us to change and then gives us the power to pull it off.,Reflections - Max Lucado,2000,,,,,Grace,Transformation,,,,,,,,,,,,,,,,,,,
1555,Quote,,Grace makes beauty out of ugly things.,Reflections - Bono,2000,,,,,Grace,Redemption,,,,,,,,,,,,,,,,,,,
1556,Quote,,Grace finds us where we are but does not leave us as it found us.,Reflections - Unknown,2000,,,,,Grace,Change,,,,,,,,,,,,,,,,,,,
1557,Quote,,Behind every great man is a woman rolling her eyes.,Reflections - Jim Carrey,2000,,,,,Humor,Relationships,,,,,,,,,,,,,,,,,,,
1558,Quote,,Humor tells us we’re not alone in our foolishness.,Reflections - Anne Lamott,2000,,,,,Humor,Common Humanity,,,,,,,,,,,,,,,,,,,
1559,Quote,,A gentle touch speaks louder than a thousand words.,Reflections - Unknown,2000,,,,,Affection,Comfort,,,,,,,,,,,,,,,,,,,
1560,Quote,,The body remembers touch long after it forgets words.,Reflections - Naomi Remen,2000,,,,,Affection,Memory,,,,,,,,,,,,,,,,,,,
1561,Quote,,You cannot touch with anger and expect to heal.,Reflections - bell hooks,2000,,,,,Affection,Intention,,,,,,,,,,,,,,,,,,,
1562,Quote,,Our capacity for tenderness defines our humanity.,Reflections - Dalai Lama,2000,,,,,Affection,Humanity,,,,,,,,,,,,,,,,,,,
1563,Quote,,Love lingers in the softness of remembered touch.,Reflections - John O’Donohue,2000,,,,,Affection,Remembrance,,,,,,,,,,,,,,,,,,,
1564,Quote,,Each person you meet is an aspect of yourself calling to be loved.,Reflections - Thich Nhat Hanh (paraphrased),2000,,,,,Unity,Relational Self,,,,,,,,,,,,,,,,,,,
1565,Quote,,The greatest gift you can give to others is the gift of unconditional love and acceptance.,Daily Reflections - Brian Tracy,2001,,,,,Acceptance,Unconditional,,,,,,,,,,,,,,,,,,,
1566,Quote,,Acceptance is the answer to all my problems today.,Alcoholics Anonymous - Big Book (4th Edition),2001,,,,,Acceptance,Recovery,,,,,,,,,,,,,,,,,,,
1567,Quote,,"Lies run sprints, but the truth runs marathons.",Interview - Michael Jackson,2001,,,,,Honesty,Endurance,,,,,,,,,,,,,,,,,,,
1568,Quote,,What we say reveals who we are. What we hide reveals what we fear.,Essays - David Whyte,2001,,,,,Honesty,Revelation,,,,,,,,,,,,,,,,,,,
1569,Quote,,"When you are kind to others, it not only changes you, it changes the world.",Reflections - Harold Kushner,2001,,,,,Kindness,Transformation,,,,,,,,,,,,,,,,,,,
1570,Quote,,Ego is just the absence of humility.,Reflections - Wayne Dyer,2001,,,,,Ego/Self,Ego,,,,,,,,,,,,,,,,,,,
1571,Quote,,The ego is the false self born out of fear and defensiveness.,Reflections - John O’Donohue,2001,,,,,Ego/Self,Fear,,,,,,,,,,,,,,,,,,,
1572,Quote,,Don’t try to steer the river.,Reflections - Deepak Chopra,2001,,,,,Ego/Self,Surrender,,,,,,,,,,,,,,,,,,,
1573,Quote,,"Spring is nature’s way of saying, “Let’s party!”",Reflections - Robin Williams,2001,,,,,Nature/Natural,Renewal,,,,,,,,,,,,,,,,,,,
1574,Quote,,"A river cuts through rock not because of its power, but because of its persistence.",Reflections - Jim Watkins,2001,,,,,Nature/Natural,Persistence,,,,,,,,,,,,,,,,,,,
1575,Quote,,What keeps life fascinating is the constant creativity of the soul.,Reflections - Deepak Chopra,2001,,,,,Creativity,Soul,,,,,,,,,,,,,,,,,,,
1576,Quote,,"A story is a letter the author writes to himself, to tell himself things he would be unable to discover otherwise.",Reflections - Carlos Ruiz Zafón,2001,,,,,Creativity,Storytelling,,,,,,,,,,,,,,,,,,,
1577,Quote,,The strength of the team is each individual member. The strength of each member is the team.,Reflections - Phil Jackson,2001,,,,,Togetherness,Teamwork,,,,,,,,,,,,,,,,,,,
1578,Quote,,Tears are words the heart can’t express.,Reflections - Unknown,2001,,,,,Suffering,Emotion,,,,,,,,,,,,,,,,,,,
1579,Quote,,It takes two people to make a lie work: the person who tells it and the one who believes it.,Reflections - Jodi Picoult,2001,,,,,Conflict,Deception,,,,,,,,,,,,,,,,,,,
1580,Quote,,Telling the truth and making someone cry is better than telling a lie and making someone smile.,Reflections - Paulo Coelho,2001,,,,,Truth,Emotional Honesty,,,,,,,,,,,,,,,,,,,
1581,Quote,,God comes to you disguised as your life.,Reflections - Paula D’Arcy,2001,,,,,God,Everyday,,,,,,,,,,,,,,,,,,,
1582,Quote,,"God’s timing may not be our timing, but it is always perfect.",Reflections - Charles Stanley,2001,,,,,God,Timing,,,,,,,,,,,,,,,,,,,
1583,Quote,,Your potential is the gift God gave you. What you do with it is your gift to Him.,Reflections - T.D. Jakes,2001,,,,,God,Purpose,,,,,,,,,,,,,,,,,,,
1584,Quote,,Grace is when God gives us what we don’t deserve.,Reflections - Joyce Meyer,2001,,,,,Grace,Undeserved Favor,,,,,,,,,,,,,,,,,,,
1585,Quote,,They say money talks. Mine just waves goodbye.,Reflections - Unknown,2001,,,,,Humor,Finance,,,,,,,,,,,,,,,,,,,
1586,Quote,,Even the smallest gesture of care plants a seed of belonging.,Reflections - Thich Nhat Hanh,2001,,,,,Affection,Belonging,,,,,,,,,,,,,,,,,,,
1587,Quote,,Touch is the poetry of presence.,Reflections - Naomi Shihab Nye,2001,,,,,Affection,Awareness,,,,,,,,,,,,,,,,,,,
1588,Quote,,There is a divine warmth in shared silence.,Reflections - Richard Rohr,2001,,,,,Affection,Silent Presence,,,,,,,,,,,,,,,,,,,
1589,Quote,,"Courage doesn’t always roar. Sometimes it’s the quiet voice at the end of the day saying, “I will try again tomorrow.”",Reflections - Mary Anne Radmacher,2001,,,,,Courage,Endurance,,,,,,,,,,,,,,,,,,,
1590,Quote,,The soul always knows what to do to heal itself. The challenge is to silence the mind.,Reflections - Caroline Myss,2001,,,,,Healing,Intuition,,,,,,,,,,,,,,,,,,,
1591,Quote,,Gratitude is the ability to experience life as a gift.,Interview - John Ortberg,2002,,,,,Gratitude,Perspective,,,,,,,,,,,,,,,,,,,
1592,Quote,,You cannot change what you refuse to confront.,The War of Art - Steven Pressfield,2002,,,,,Acceptance,Courage,,,,,,,,,,,,,,,,,,,
1593,Quote,,The truth needs no rehearsal.,Reflections - Barbara Kingsolver,2002,,,,,Honesty,Clarity,,,,,,,,,,,,,,,,,,,
1594,Quote,,A hero is an ordinary individual who finds the strength to persevere and endure in spite of overwhelming obstacles.,Interviews - Christopher Reeve,2002,,,,,Fortitude,Heroism,,,,,,,,,,,,,,,,,,,
1595,Quote,,"What you do makes a difference, and you have to decide what kind of difference you want to make.",Reflections - Jane Goodall,2002,,,,,Kindness,Impact,,,,,,,,,,,,,,,,,,,
1596,Quote,,Don’t believe everything you think.,Reflections - Byron Katie,2002,,,,,Ego/Self,Discernment,,,,,,,,,,,,,,,,,,,
1597,Quote,,You are the sky. Everything else—it’s just the weather.,Teachings - Pema Chödrön,2002,,,,,Ego/Self,Detachment,,,,,,,,,,,,,,,,,,,
1598,Quote,,The soul always knows what to do to heal itself. The challenge is to silence the mind.,Reflections - Caroline Myss,2002,,,,,Spirit/Soul,Healing,,,,,,,,,,,,,,,,,,,
1599,Quote,,The soul should have its own sabbath—a time apart to dream and heal.,Reflections - Sue Monk Kidd,2002,,,,,Spirit/Soul,Rest,,,,,,,,,,,,,,,,,,,
1600,Quote,,There is no power for change greater than a community discovering what it cares about.,Reflections - Margaret J. Wheatley,2002,,,,,Togetherness,Change,,,,,,,,,,,,,,,,,,,
1601,Quote,,"When the Japanese mend broken objects, they aggrandize the damage by filling the cracks with gold. They believe that when something’s suffered damage and has a history, it becomes more beautiful.",Reflections - Barbara Bloom,2002,,,,,Healing,Kintsugi,,,,,,,,,,,,,,,,,,,
1602,Quote,,You cannot protect yourself from sadness without protecting yourself from happiness.,Reflections - Jonathan Safran Foer,2002,,,,,Suffering,Balance,,,,,,,,,,,,,,,,,,,
1603,Quote,,The soul always knows what to do to heal itself. The challenge is to silence the mind.,Reflections - Caroline Myss,2002,,,,,Suffering,Healing,,,,,,,,,,,,,,,,,,,
1604,Quote,,Every person in your life is a mirror,Reflections - Byron Katie,2002,,,,,Conflict,Reflection,,,,,,,,,,,,,,,,,,,
1605,Quote,,You can’t hate someone whose story you know.,Reflections - Margaret J. Wheatley,2002,,,,,Conflict,Empathy,,,,,,,,,,,,,,,,,,,
1606,Quote,,"Lies run sprints, but the truth runs marathons.",Reflections - Michael Jackson,2002,,,,,Truth,Endurance,,,,,,,,,,,,,,,,,,,
1607,Quote,,You are never too lost to be found by God.,Reflections - Rick Warren,2002,,,,,God,Redemption,,,,,,,,,,,,,,,,,,,
1608,Quote,,"God has a plan for your life, and it's better than any plan you could imagine.",Reflections - Rick Warren,2002,,,,,God,Purpose,,,,,,,,,,,,,,,,,,,
1609,Quote,,God’s light is not blinding—it’s revealing.,Reflections - Eugene Peterson,2002,,,,,God,Illumination,,,,,,,,,,,,,,,,,,,
1610,Quote,,Grace is God’s refusal to give up on us.,Reflections - Eugene Peterson,2002,,,,,Grace,Faithfulness,,,,,,,,,,,,,,,,,,,
1611,Quote,,"Grace is what God gives us because He loves us, not because we have earned it.",Reflections - Joyce Meyer,2002,,,,,Grace,Gift,,,,,,,,,,,,,,,,,,,
1612,Quote,,Embrace is not escape. It is entry.,Reflections - Parker J. Palmer,2002,,,,,Affection,Presence,,,,,,,,,,,,,,,,,,,
1613,Quote,,Every moment is a poem if you hold it right.,Reflections - Dana Faulds,2002,,,,,Poetry,Presence,,,,,,,,,,,,,,,,,,,
1614,Quote,,Stop trying to ‘fix’ yourself; you’re not broken.,Radical Acceptance - Tara Brach,2003,,,,,Acceptance,Wholeness,,,,,,,,,,,,,,,,,,,
1615,Quote,,To love is to recognize yourself in another.,Stillness Speaks - Eckhart Tolle,2003,,,,,Love,Reflection,,,,,,,,,,,,,,,,,,,
1616,Quote,,"To be brave is to love someone unconditionally, without expecting anything in return.",Letter to Son - Madonna,2003,,,,,Love,Courage,,,,,,,,,,,,,,,,,,,
1617,Quote,,"Gratitude makes sense of our past, brings peace for today, and creates a vision for tomorrow.",The Magic of Gratitude - Melody Beattie,2003,,,,,Gratitude,Perspective,,,,,,,,,,,,,,,,,,,
1618,Quote,,"Acceptance is not a one-time act, it is a daily practice.",Reflections - Tara Brach,2003,,,,,Acceptance,Practice,,,,,,,,,,,,,,,,,,,
1619,Quote,,You don’t need to fix yourself to be whole.,Radical Acceptance - Tara Brach,2003,,,,,Acceptance,Wholeness,,,,,,,,,,,,,,,,,,,
1620,Quote,,"The ego says, “Once everything falls into place, I’ll feel peace.” The spirit says, “Find peace, and everything will fall into place.”",Stillness Speaks - Eckhart Tolle,2003,,,,,Acceptance,Ego,,,,,,,,,,,,,,,,,,,
1621,Quote,,Integrity is telling myself the truth. And honesty is telling the truth to other people.,Reflections - Spencer Johnson,2003,,,,,Honesty,Integrity,,,,,,,,,,,,,,,,,,,
1622,Quote,,Better to get hurt by the truth than comforted with a lie.,Reflections - Khaled Hosseini,2003,,,,,Honesty,Pain,,,,,,,,,,,,,,,,,,,
1623,Quote,,Honesty is spiritual power.,Reflections - Deepak Chopra,2003,,,,,Honesty,Power,,,,,,,,,,,,,,,,,,,
1624,Quote,,"The ego relies on the familiar. It is reluctant to experience the unknown, which is the very essence of life.",Reflections - Deepak Chopra,2003,,,,,Ego/Self,Comfort,,,,,,,,,,,,,,,,,,,
1625,Quote,,"The less you identify with your ego, the more peace you will feel.",Stillness Speaks - Eckhart Tolle,2003,,,,,Ego/Self,Peace,,,,,,,,,,,,,,,,,,,
1626,Quote,,Humility is not denying your strengths. It's being honest about your weaknesses.,Reflections - Rick Warren,2003,,,,,Ego/Self,Honesty,,,,,,,,,,,,,,,,,,,
1627,Quote,,You were born an original. Don't die a copy.,Reflections - John Mason,2003,,,,,Creativity,Authenticity,,,,,,,,,,,,,,,,,,,
1628,Quote,,Only when we join together will our light be strong enough to guide the way.,Reflections - Desmond Tutu,2003,,,,,Togetherness,Light,,,,,,,,,,,,,,,,,,,
1629,Quote,,"Healing takes courage, and we all have courage, even if we have to dig a little to find it.",Reflections - Tori Amos,2003,,,,,Healing,Courage,,,,,,,,,,,,,,,,,,,
1630,Quote,,You cannot go so far that God cannot reach you.,Reflections - Max Lucado,2003,,,,,God,Grace,,,,,,,,,,,,,,,,,,,
1631,Quote,,"God is always doing 10,000 things in your life, and you may be aware of three of them.",Reflections - John Piper,2003,,,,,God,Providence,,,,,,,,,,,,,,,,,,,
1632,Quote,,Grace is the only thing stronger than guilt.,Reflections - Rick Warren,2003,,,,,Grace,Mercy,,,,,,,,,,,,,,,,,,,
1633,Quote,,Grace enters with the breath of forgiveness and leaves behind the silence of peace.,Reflections - John O’Donohue,2003,,,,,Grace,Forgiveness,,,,,,,,,,,,,,,,,,,
1634,Quote,,There is nothing small about grace—it reshapes worlds.,Reflections - John Eldredge,2003,,,,,Grace,Magnitude,,,,,,,,,,,,,,,,,,,
1635,Quote,,Some people graduate with honors. I am just honored to graduate.,Reflections - Unknown,2003,,,,,Humor,Academics,,,,,,,,,,,,,,,,,,,
1636,Quote,,Sometimes the most spiritual thing you can do is give someone a blanket.,Reflections - Anne Lamott,2003,,,,,Affection,Care,,,,,,,,,,,,,,,,,,,
1637,Quote,,Touch brings us back into the body of love.,Reflections - Tara Brach,2003,,,,,Affection,Embodiment,,,,,,,,,,,,,,,,,,,
1638,Quote,,The most radical thing you can do is be tender.,Reflections - Anne Lamott,2003,,,,,Affection,Resistance,,,,,,,,,,,,,,,,,,,
1639,Quote,,One moment of affection can eclipse a lifetime of distance.,Reflections - Anne Lamott,2003,,,,,Affection,Reconnection,,,,,,,,,,,,,,,,,,,
1640,Quote,,There is something wonderfully bold and liberating about saying yes to our entire imperfect and messy life.,Reflections - Tara Brach,2003,,,,,Acceptance,Wholeness,,,,,,,,,,,,,,,,,,,
1641,Quote,,You don’t love someone because they’re perfect. You love them in spite of the fact that they’re not.,My Sister's Keeper - Jodi Picoult,2004,,,,,Love,Imperfection,,,,,,,,,,,,,,,,,,,
1642,Quote,,The struggle ends when gratitude begins.,The Power of Intention - Wayne Dyer,2004,,,,,Gratitude,Peace,,,,,,,,,,,,,,,,,,,
1643,Quote,,"There are things we can’t change, and we just have to accept that. Otherwise, we’ll never find peace.",Interview - Haruki Murakami,2004,,,,,Acceptance,Peace,,,,,,,,,,,,,,,,,,,
1644,Quote,,A river cuts through rock not because of its power but because of its persistence.,Reflections - Jim Watkins,2004,,,,,Fortitude,Persistence,,,,,,,,,,,,,,,,,,,
1645,Quote,,There is no failure in falling—only in not rising again.,Poems - Paulo Coelho,2004,,,,,Fortitude,Recovery,,,,,,,,,,,,,,,,,,,
1646,Quote,,Every act of kindness is a piece of love we leave behind.,Reflections - Paul Williams,2004,,,,,Kindness,Legacy,,,,,,,,,,,,,,,,,,,
1647,Quote,,You have to know who you are before you can know who you aren't.,Reflections - John C. Maxwell,2004,,,,,Ego/Self,Identity,,,,,,,,,,,,,,,,,,,
1648,Quote,,"Stillness is the language God speaks, and everything else is a bad translation.",Reflections - Eckhart Tolle,2004,,,,,Spirit/Soul,Stillness,,,,,,,,,,,,,,,,,,,
1649,Quote,,The soul is the way we feel God.,Reflections - Joan Chittister,2004,,,,,Spirit/Soul,Experience,,,,,,,,,,,,,,,,,,,
1650,Quote,,We need each other. That is the truth of our existence.,Reflections - Desmond Tutu,2004,,,,,Togetherness,Belonging,,,,,,,,,,,,,,,,,,,
1651,Quote,,You don’t have to control your thoughts. You just have to stop letting them control you.,Reflections - Dan Millman,2004,,,,,Healing,Mindfulness,,,,,,,,,,,,,,,,,,,
1652,Quote,,"Don’t raise your voice, improve your argument.",Reflections - Desmond Tutu,2004,,,,,Conflict,Communication,,,,,,,,,,,,,,,,,,,
1653,Quote,,"You don’t have to tell everything you know, but let what you do say be true.",Reflections - Dee Ann Stewart,2004,,,,,Truth,Discernment,,,,,,,,,,,,,,,,,,,
1654,Quote,,"When you focus on being a blessing, God makes sure that you are always blessed in abundance.",Reflections - Joel Osteen,2004,,,,,God,Blessing,,,,,,,,,,,,,,,,,,,
1655,Quote,,Sometimes God calms the storm. Sometimes He lets the storm rage and calms His child.,Reflections - Unknown,2004,,,,,God,Peace,,,,,,,,,,,,,,,,,,,
1656,Quote,,There is no greater discovery than seeing God as the author of your story.,Reflections - Ravi Zacharias,2004,,,,,God,Purpose,,,,,,,,,,,,,,,,,,,
1657,Quote,,Grace demands nothing but what it gives.,Reflections - Marilynne Robinson,2004,,,,,Grace,Generosity,,,,,,,,,,,,,,,,,,,
1658,Quote,,The difference between mercy and grace? Mercy gave the prodigal son a second chance. Grace gave him a feast.,Reflections - Max Lucado,2004,,,,,Grace,Comparison,,,,,,,,,,,,,,,,,,,
1659,Quote,,Love made visible is touch.,Reflections - Richard Rohr,2004,,,,,Affection,Incarnation,,,,,,,,,,,,,,,,,,,
1660,Quote,,Touch is prayer made physical.,Reflections - Barbara Brown Taylor,2004,,,,,Affection,Sacred Contact,,,,,,,,,,,,,,,,,,,
1661,Quote,,Pain is inevitable. Suffering is optional.,Reflections - Haruki Murakami,2004,,,,,Suffering,Agency,,,,,,,,,,,,,,,,,,,
1662,Quote,,"True generosity is an offering; given freely and out of pure love. No strings attached, no expectations.",Reflections - Suze Orman,2005,,,,,Generosity,Purity,,,,,,,,,,,,,,,,,,,
1663,Quote,,God doesn’t give us what we can handle; He helps us handle what we are given.,Reflections - Anonymous,2005,,,,,God,Support,,,,,,,,,,,,,,,,,,,
1664,Quote,,Acknowledging the good that you already have in your life is the foundation for all abundance.,A New Earth - Eckhart Tolle,2005,,,,,Gratitude,Abundance,,,,,,,,,,,,,,,,,,,
1665,Quote,,"Give thanks not just on Thanksgiving Day, but every day of your life.",Daily Devotions - Catherine Pulsifer,2005,,,,,Gratitude,Practice,,,,,,,,,,,,,,,,,,,
1666,Quote,,Acceptance is the key to be truly free.,A New Earth - Eckhart Tolle,2005,,,,,Acceptance,Freedom,,,,,,,,,,,,,,,,,,,
1667,Quote,,"What you deny or ignore, you delay. What you accept and face, you conquer.",The Slight Edge - Jeff Olson,2005,,,,,Acceptance,Transformation,,,,,,,,,,,,,,,,,,,
1668,Quote,,A lie begins in the soul before it’s ever spoken with the tongue.,Reflections - John Piper,2005,,,,,Honesty,Inner Life,,,,,,,,,,,,,,,,,,,
1669,Quote,,What a liberation to realize that the 'voice in my head' is not who I am.,A New Earth - Eckhart Tolle,2005,,,,,Ego/Self,Inner Voice,,,,,,,,,,,,,,,,,,,
1670,Quote,,"Let go of your attachment to being right, and suddenly your mind is more open.",Reflections - Ralph Marston,2005,,,,,Ego/Self,Openness,,,,,,,,,,,,,,,,,,,
1671,Quote,,Our soul is a fire that needs tending lest it flicker and die.,Reflections - Parker J. Palmer,2005,,,,,Spirit/Soul,Maintenance,,,,,,,,,,,,,,,,,,,
1672,Quote,,The world always seems brighter when you’ve just made something that wasn’t there before.,Reflections - Neil Gaiman,2005,,,,,Creativity,Joy,,,,,,,,,,,,,,,,,,,
1673,Quote,,I am because we are.,Ubuntu Philosophy - Desmond Tutu,2005,,,,,Togetherness,Identity,,,,,,,,,,,,,,,,,,,
1674,Quote,,"Love is not about how much you say “I love you,” but how much you prove that it’s true.",Reflections - Unknown,2005,,,,,Togetherness,Action,,,,,,,,,,,,,,,,,,,
1675,Quote,,Addiction is the only prison where the locks are on the inside.,Reflections - Unknown,2005,,,,,Recovery,Addiction,,,,,,,,,,,,,,,,,,,
1676,Quote,,Sometimes we must be broken to become whole.,Reflections - Richard Rohr,2005,,,,,Healing,Transformation,,,,,,,,,,,,,,,,,,,
1677,Quote,,"Healing is a journey, not a destination.",Reflections - Unknown,2005,,,,,Healing,Journey,,,,,,,,,,,,,,,,,,,
1678,Quote,,Man is not made for comfort. He is made for greatness.,Reflections - Pope Benedict XVI,2005,,,,,Suffering,Calling,,,,,,,,,,,,,,,,,,,
1679,Quote,,"Pain makes you stronger, fear makes you braver, heartbreak makes you wiser.",Reflections - Unknown,2005,,,,,Suffering,Strength,,,,,,,,,,,,,,,,,,,
1680,Quote,,One of the most sincere forms of respect is actually listening to what another has to say.,Reflections - Bryant H. McGill,2005,,,,,Conflict,Listening,,,,,,,,,,,,,,,,,,,
1681,Quote,,"Emotions are like waves: we can’t stop them from coming, but we can choose which ones to surf.",Reflections - Jonatan Mårtensson,2005,,,,,Conflict,Emotion,,,,,,,,,,,,,,,,,,,
1682,Quote,,Sometimes silence is the best answer.,Reflections - Dalai Lama,2005,,,,,Conflict,Restraint,,,,,,,,,,,,,,,,,,,
1683,Quote,,One lie is enough to question all truths.,Reflections - Unknown,2005,,,,,Truth,Distrust,,,,,,,,,,,,,,,,,,,
1684,Quote,,"Only the truth of who you are, if realized, will set you free.",A New Earth - Eckhart Tolle,2005,,,,,Truth,Identity,,,,,,,,,,,,,,,,,,,
1685,Quote,,"Where there is truth, there is freedom.",Reflections - Desmond Tutu,2005,,,,,Truth,Liberation,,,,,,,,,,,,,,,,,,,
1686,Quote,,"If people don’t trust you, they won’t listen to you.",Reflections - Marcus Buckingham,2005,,,,,Truth,Leadership,,,,,,,,,,,,,,,,,,,
1687,Quote,,"God's grace is not a reward for the righteous, it is a gift for the broken.",Reflections - Timothy Keller,2005,,,,,God,Grace,,,,,,,,,,,,,,,,,,,
1688,Quote,,"The moment God is figured out with nice neat lines and definitions, we are no longer dealing with God.",Reflections - Rob Bell,2005,,,,,God,Mystery,,,,,,,,,,,,,,,,,,,
1689,Quote,,The beauty you see in others is the reflection of God in you.,Reflections - Wayne Dyer,2005,,,,,God,Perception,,,,,,,,,,,,,,,,,,,
1690,Quote,,The greatest act of grace is forgiveness.,Reflections - T.D. Jakes,2005,,,,,Grace,Forgiveness,,,,,,,,,,,,,,,,,,,
1691,Quote,,You are loved more than you will ever know by someone who died to know you.,Reflections - Unknown,2005,,,,,Grace,Love,,,,,,,,,,,,,,,,,,,
1692,Quote,,God has a sense of humor—just look at your life.,Reflections - Unknown,2005,,,,,Humor,Divine Irony,,,,,,,,,,,,,,,,,,,
1693,Quote,,There are no small acts of affection. Every gesture plants a seed.,Reflections - Sharon Salzberg,2005,,,,,Affection,Impact,,,,,,,,,,,,,,,,,,,
1694,Quote,,"When we dare to touch someone in their pain, we embody compassion.",Reflections - Thich Nhat Hanh,2005,,,,,Affection,Compassion,,,,,,,,,,,,,,,,,,,
1695,Quote,,Keep some room in your heart for the unimaginable.,Reflections - Mary Oliver,2005,,,,,Wonder,Openness,,,,,,,,,,,,,,,,,,,
1696,Quote,,I wanted the world to know I existed. That’s all. Just to know.,The Book Thief - Markus Zusak,2005,,,,,Visibility,Longing,,,,,,,,,,,,,,,,,,,
1697,Quote,,God is not a distant observer; He is the breath in our lungs.,Reflections - N.T. Wright,2006,,,,,God,Immanence,,,,,,,,,,,,,,,,,,,
1698,Quote,,"Gratitude opens the door to the power, the wisdom, the creativity of the universe.",The Gratitude Effect - Deepak Chopra,2006,,,,,Gratitude,Openness,,,,,,,,,,,,,,,,,,,
1699,Quote,,Gratitude is the great multiplier.,Reflections - Rhonda Byrne,2006,,,,,Gratitude,Expansion,,,,,,,,,,,,,,,,,,,
1700,Quote,,"God accepts us where we are, but He never intends to leave us there.",Sermon - Max Lucado,2006,,,,,Acceptance,Divine,,,,,,,,,,,,,,,,,,,
1701,Quote,,Honest communication is built on truth and integrity and upon respect of the one for the other.,The Speed of Trust - Stephen M.R. Covey,2006,,,,,Honesty,Communication,,,,,,,,,,,,,,,,,,,
1702,Quote,,Even small lies can erode big trust.,The Speed of Trust - Stephen M.R. Covey,2006,,,,,Honesty,Trust,,,,,,,,,,,,,,,,,,,
1703,Quote,,"Tell the truth, or someone will tell it for you.",Reflections - Stephanie Klein,2006,,,,,Honesty,Consequence,,,,,,,,,,,,,,,,,,,
1704,Quote,,Persistence and resilience only come from having been given the chance to work through difficult problems.,Commencement Speech - Gever Tulley,2006,,,,,Fortitude,Resilience,,,,,,,,,,,,,,,,,,,
1705,Quote,,Pain is inevitable. Suffering is optional.,Reflections - Haruki Murakami,2006,,,,,Fortitude,Pain,,,,,,,,,,,,,,,,,,,
1706,Quote,,Freedom lies in being bold—but boldness must be grounded in self-awareness.,Reflections - Robert Greene,2006,,,,,Ego/Self,Freedom,,,,,,,,,,,,,,,,,,,
1707,Quote,,"You were never created to live depressed, defeated, guilty, condemned, ashamed or unworthy. You were created to be victorious.",Reflections - Joel Osteen,2006,,,,,Recovery,Identity,,,,,,,,,,,,,,,,,,,
1708,Quote,,Pain is inevitable. Suffering is optional.,Reflections - Haruki Murakami,2006,,,,,Suffering,Choice,,,,,,,,,,,,,,,,,,,
1709,Quote,,"Tell the truth, or someone will tell it for you.",Reflections - Stephanie Klein,2006,,,,,Truth,Vulnerability,,,,,,,,,,,,,,,,,,,
1710,Quote,,A lie is just a great story that someone ruined with the truth.,Reflections - Barney Stinson (How I Met Your Mother),2006,,,,,Truth,Irony,,,,,,,,,,,,,,,,,,,
1711,Quote,,God’s mercy is bigger than any mistake you’ve made.,Reflections - T.D. Jakes,2006,,,,,God,Mercy,,,,,,,,,,,,,,,,,,,
1712,Quote,,God is in the interruptions.,Reflections - Peter Scazzero,2006,,,,,God,Attention,,,,,,,,,,,,,,,,,,,
1713,Quote,,Grace isn’t a little prayer you chant before receiving a meal. It’s a way to live.,Reflections - Jackie Windspear,2006,,,,,Grace,Lifestyle,,,,,,,,,,,,,,,,,,,
1714,Quote,,Grace is not a license to sin but a key to freedom.,Reflections - John Bevere,2006,,,,,Grace,Liberty,,,,,,,,,,,,,,,,,,,
1715,Quote,,The kindness of touch is a liturgy of grace.,Reflections - Barbara Brown Taylor,2006,,,,,Affection,Sacredness,,,,,,,,,,,,,,,,,,,
1716,Quote,,Loving touch is where God lives in the body.,Reflections - Richard Rohr,2006,,,,,Affection,Embodiment,,,,,,,,,,,,,,,,,,,
1717,Quote,,To love someone is to let your affection arrive before your advice.,Reflections - Anne Lamott,2006,,,,,Affection,Priorities,,,,,,,,,,,,,,,,,,,
1718,Quote,,Life is not about waiting for the storm to pass but learning to dance in the rain.,Reflections - Vivian Greene,2006,,,,,Resilience,Joy,,,,,,,,,,,,,,,,,,,
1719,Quote,,"Hope begins in the dark, the stubborn hope that if you just show up and try to do the right thing, the dawn will come.",Reflections - Anne Lamott,2006,,,,,Hope,Persistence,,,,,,,,,,,,,,,,,,,
1720,Quote,,Community is much more than belonging to something; it's about doing something together that makes belonging matter.,Reflections - Brian Solis,2007,,,,,Togetherness,Community,,,,,,,,,,,,,,,,,,,
1721,Quote,,The miracle of gratitude is that it shifts your perception to such an extent that it changes the world you see.,Teachings - Robert Holden,2007,,,,,Gratitude,Perception,,,,,,,,,,,,,,,,,,,
1722,Quote,,You don't have to control your thoughts. You just have to stop letting them control you.,The Happiness Trap - Russ Harris,2007,,,,,Acceptance,Mind,,,,,,,,,,,,,,,,,,,
1723,Quote,,Nothing is more confining than the prison we don’t know we’re in.,The Untethered Soul - Michael A. Singer,2007,,,,,Acceptance,Awareness,,,,,,,,,,,,,,,,,,,
1724,Quote,,Your relationship with yourself sets the tone for every other relationship you have.,Self-Care Writings - Robert Holden,2007,,,,,Acceptance,Relationships,,,,,,,,,,,,,,,,,,,
1725,Quote,,It takes strength and courage to admit the truth.,Interview - Rick Riordan,2007,,,,,Honesty,Courage,,,,,,,,,,,,,,,,,,,
1726,Quote,,The human capacity for burden is like bamboo—far more flexible than you'd ever believe at first glance.,The Art of Happiness - Jodi Picoult,2007,,,,,Fortitude,Flexibility,,,,,,,,,,,,,,,,,,,
1727,Quote,,"You are not your thoughts, you are the awareness behind them.",The Untethered Soul - Michael A. Singer,2007,,,,,Ego/Self,Awareness,,,,,,,,,,,,,,,,,,,
1728,Quote,,You cannot transcend what you do not accept.,The Untethered Soul - Michael A. Singer,2007,,,,,Ego/Self,Transcendence,,,,,,,,,,,,,,,,,,,
1729,Quote,,Your true self is not defined by the story your ego keeps telling you.,Reflections - Michael A. Singer,2007,,,,,Ego/Self,Self-Liberation,,,,,,,,,,,,,,,,,,,
1730,Quote,,You are not the voice of the mind—you are the one who hears it.,The Untethered Soul - Michael A. Singer,2007,,,,,Ego/Self,Detachment,,,,,,,,,,,,,,,,,,,
1731,Quote,,No amount of anxiety can change the future. No amount of regret can change the past.,Reflections - Karen Salmansohn,2007,,,,,Healing,Presence,,,,,,,,,,,,,,,,,,,
1732,Quote,,Suffering is nothing by itself. But suffering shared with the passion of Christ is a wonderful gift.,Come Be My Light - Mother Teresa,2007,,,,,Suffering,Christ,,,,,,,,,,,,,,,,,,,
1733,Quote,,Pain is not your enemy. It is your messenger.,Reflections - Michael A. Singer,2007,,,,,Suffering,Message,,,,,,,,,,,,,,,,,,,
1734,Quote,,Arguments drag out because one is too stubborn to forgive and the other is too proud to apologize.,Reflections - Unknown,2007,,,,,Conflict,Stubbornness,,,,,,,,,,,,,,,,,,,
1735,Quote,,"Without trust, words become hollow noise.",Reflections - Unknown,2007,,,,,Truth,Communication,,,,,,,,,,,,,,,,,,,
1736,Quote,,The face of God is seen in a moment of kindness.,Reflections - Desmond Tutu,2007,,,,,God,Goodness,,,,,,,,,,,,,,,,,,,
1737,Quote,,"If you’re too busy to pray, you’re busier than God wants you to be.",Reflections - Wanda E. Brunstetter,2007,,,,,God,Prayer,,,,,,,,,,,,,,,,,,,
1738,Quote,,"Grace doesn’t excuse sin, but it empowers righteousness.",Reflections - Bill Johnson,2007,,,,,Grace,Empowerment,,,,,,,,,,,,,,,,,,,
1739,Quote,,Grace is not something you earn. It's something you accept.,Reflections - Rob Bell,2007,,,,,Grace,Acceptance,,,,,,,,,,,,,,,,,,,
1740,Quote,,The tenderness of touch opens doors that force never will.,Reflections - Thich Nhat Hanh,2007,,,,,Affection,Gentleness,,,,,,,,,,,,,,,,,,,
1741,Quote,,What we achieve inwardly will change outer reality.,The Chamber of Secrets Commencement Address - J.K. Rowling,2008,,,,,Acceptance,Inner Power,,,,,,,,,,,,,,,,,,,
1742,Quote,,Rock bottom became the solid foundation on which I rebuilt my life.,Speech - J.K. Rowling,2008,,,,,Fortitude,Renewal,,,,,,,,,,,,,,,,,,,
1743,Quote,,What we achieve inwardly will change outer reality.,Commencement Address - J.K. Rowling,2008,,,,,Ego/Self,Inner Power,,,,,,,,,,,,,,,,,,,
1744,Quote,,What brings us together is stronger than what drives us apart.,Reflections - Barack Obama,2008,,,,,Togetherness,Unity,,,,,,,,,,,,,,,,,,,
1745,Quote,,Recovery is an acceptance that your life is in shambles and you have to change it.,Reflections - James Lee Curtis,2008,,,,,Recovery,Acceptance,,,,,,,,,,,,,,,,,,,
1746,Quote,,Transparency is the antidote to hypocrisy.,Reflections - Dalai Lama,2008,,,,,Truth,Transparency,,,,,,,,,,,,,,,,,,,
1747,Quote,,"Truth makes you free, not comfortable.",Reflections - N.T. Wright,2008,,,,,Truth,Liberation,,,,,,,,,,,,,,,,,,,
1748,Quote,,The grace of God is wind in the sails of the weary.,Reflections - Beth Moore,2008,,,,,Grace,Strength,,,,,,,,,,,,,,,,,,,
1749,Quote,,"Physical touch is not about need, it’s about knowing you’re not alone.",Reflections - Sue Johnson,2008,,,,,Affection,Presence,,,,,,,,,,,,,,,,,,,
1750,Quote,,To touch someone sincerely is to bless them.,Reflections - Barbara Brown Taylor,2008,,,,,Affection,Blessing,,,,,,,,,,,,,,,,,,,
1751,Quote,,"Every touch is a chance to say, “I am with you.”",Reflections - Sue Johnson,2008,,,,,Affection,Bonding,,,,,,,,,,,,,,,,,,,
1752,Quote,,Your nakedness is the truth of your soul in the light of your own seeing.,Reflections - David Whyte,2008,,,,,Vulnerability,Seeing,,,,,,,,,,,,,,,,,,,
1753,Quote,,Gratitude and attitude are not challenges; they are choices.,Interview - Robert Brault,2009,,,,,Gratitude,Choice,,,,,,,,,,,,,,,,,,,
1754,Quote,,Gratitude paints little smiley faces on everything it touches.,The Happiness Project - Gretchen Rubin,2009,,,,,Gratitude,Whimsy,,,,,,,,,,,,,,,,,,,
1755,Quote,,Life becomes easier when you learn to accept the apology you never got.,Reflections - Robert Brault,2009,,,,,Acceptance,Forgiveness,,,,,,,,,,,,,,,,,,,
1756,Quote,,"Honesty requires depth, because superficial truth can still be a form of deception.",Essays on Ethics - Jonathan Sacks,2009,,,,,Honesty,Depth,,,,,,,,,,,,,,,,,,,
1757,Quote,,Kindness begins with the understanding that we all struggle.,Reflections - Charles Glassman,2009,,,,,Kindness,Empathy,,,,,,,,,,,,,,,,,,,
1758,Quote,,Time spent among trees is never time wasted.,Reflections - Katrina Mayer,2009,,,,,Nature/Natural,Time,,,,,,,,,,,,,,,,,,,
1759,Quote,,The most important things in life are the connections you make with others.,Reflections - Tom Ford,2009,,,,,Togetherness,Connection,,,,,,,,,,,,,,,,,,,
1760,Quote,,"Scars are not injuries… a scar is a healing. After injury, a scar is what makes you whole.",Reflections - China Miéville,2009,,,,,Healing,Wholeness,,,,,,,,,,,,,,,,,,,
1761,Quote,,The mind replays what the heart can’t delete.,Reflections - Unknown,2009,,,,,Healing,Memory,,,,,,,,,,,,,,,,,,,
1762,Quote,,"The truth may hurt for a little while, but a lie hurts forever.",Reflections - Unknown,2009,,,,,Truth,Pain,,,,,,,,,,,,,,,,,,,
1763,Quote,,"To experience God is to understand that He is not what you think, but far more than you can imagine.",Reflections - Richard Rohr,2009,,,,,God,Transcendence,,,,,,,,,,,,,,,,,,,
1764,Quote,,God doesn’t hide from us—He hides for us to seek.,Reflections - Bill Johnson,2009,,,,,God,Seeking,,,,,,,,,,,,,,,,,,,
1765,Quote,,Grace flows through cracks of surrender.,Reflections - Richard Rohr,2009,,,,,Grace,Surrender,,,,,,,,,,,,,,,,,,,
1766,Quote,,"You didn’t earn grace, and you can’t lose it.",Reflections - Francis Chan,2009,,,,,Grace,Assurance,,,,,,,,,,,,,,,,,,,
1767,Quote,,Let your presence be your most affectionate act.,Reflections - Thich Nhat Hanh,2009,,,,,Affection,Mindfulness,,,,,,,,,,,,,,,,,,,
1768,Quote,,Create with the heart; build with the mind.,Reflections - Criss Jami,2010,,,,,Creativity,Balance,,,,,,,,,,,,,,,,,,,
1769,Quote,,Acceptance doesn’t mean resignation; it means understanding that something is what it is and there’s got to be a way through it.,The Gifts of Imperfection - Brené Brown,2010,,,,,Acceptance,Resilience,,,,,,,,,,,,,,,,,,,
1770,Quote,,A loving silence often has far more power to heal and to connect than the most well-intentioned words.,The Gift of Imperfection - Brené Brown,2010,,,,,Love,Presence,,,,,,,,,,,,,,,,,,,
1771,Quote,,Gratitude is the antidote to entitlement.,The Gifts of Imperfection - Brené Brown,2010,,,,,Gratitude,Humility,,,,,,,,,,,,,,,,,,,
1772,Quote,,"When you are grateful, fear disappears and abundance appears.",Interview - Tony Robbins,2010,,,,,Gratitude,Mindset,,,,,,,,,,,,,,,,,,,
1773,Quote,,"No matter how bad things get, you can always be grateful for something.",Interviews - Nick Vujicic,2010,,,,,Gratitude,Resilience,,,,,,,,,,,,,,,,,,,
1774,Quote,,"To be fully seen by somebody, then, and be loved anyhow—this is a human offering that can border on miraculous.",The Gifts of Imperfection - Brené Brown,2010,,,,,Acceptance,Love,,,,,,,,,,,,,,,,,,,
1775,Quote,,To be accepted as we are means to risk being truly seen.,The Gifts of Imperfection - Brené Brown,2010,,,,,Acceptance,Vulnerability,,,,,,,,,,,,,,,,,,,
1776,Quote,,"You teach people how to treat you by what you allow, what you stop, and what you reinforce.",Interview - Tony Gaskins,2010,,,,,Acceptance,Boundaries,,,,,,,,,,,,,,,,,,,
1777,Quote,,The only thing more exhausting than having a false self is maintaining it.,The Gifts of Imperfection - Brené Brown,2010,,,,,Ego/Self,Authenticity,,,,,,,,,,,,,,,,,,,
1778,Quote,,"The soul is a sacred space, not a problem to be solved.",Reflections - Jeff Brown,2010,,,,,Spirit/Soul,Sacredness,,,,,,,,,,,,,,,,,,,
1779,Quote,,A wise soul opens its hands even when it is trembling.,Reflections - Mark Nepo,2010,,,,,Spirit/Soul,Courage,,,,,,,,,,,,,,,,,,,
1780,Quote,,Art must be life—it must belong to everybody.,Reflections - Marina Abramović,2010,,,,,Creativity,Universality,,,,,,,,,,,,,,,,,,,
1781,Quote,,The desire to create is one of the deepest yearnings of the human soul.,Reflections - Dieter F. Uchtdorf,2010,,,,,Creativity,Yearning,,,,,,,,,,,,,,,,,,,
1782,Quote,,There is no greater joy than to share what you love with those you love.,Reflections - Unknown,2010,,,,,Togetherness,Joy,,,,,,,,,,,,,,,,,,,
1783,Quote,,The beauty of life is not in the things we see or do. It is in the people we meet.,Reflections - Unknown,2010,,,,,Togetherness,Encounter,,,,,,,,,,,,,,,,,,,
1784,Quote,,The journey of healing is not a straight line.,Reflections - Unknown,2010,,,,,Healing,Process,,,,,,,,,,,,,,,,,,,
1785,Quote,,No one heals in a straight line.,Reflections - Unknown,2010,,,,,Healing,Process,,,,,,,,,,,,,,,,,,,
1786,Quote,,"You were born to be real, not to be perfect.",Reflections - Unknown,2010,,,,,Healing,Authenticity,,,,,,,,,,,,,,,,,,,
1787,Quote,,Your illness does not define you. Your strength and courage does.,Reflections - Unknown,2010,,,,,Healing,Strength,,,,,,,,,,,,,,,,,,,
1788,Quote,,The wound you refuse to touch is the one that will never heal.,Reflections - Yehuda Berg,2010,,,,,Healing,Avoidance,,,,,,,,,,,,,,,,,,,
1789,Quote,,"Sometimes pain is the teacher we require, a hidden gift wrapped in discomfort.",Reflections - Unknown,2010,,,,,Suffering,Lessons,,,,,,,,,,,,,,,,,,,
1790,Quote,,"Let your pain shape you, not define you.",Reflections - Brené Brown,2010,,,,,Suffering,Identity,,,,,,,,,,,,,,,,,,,
1791,Quote,,"Sometimes it’s not the people who change, it’s the mask that falls off.",Reflections - Unknown,2010,,,,,Conflict,Truth,,,,,,,,,,,,,,,,,,,
1792,Quote,,Even the smallest lie can break the strongest trust.,Reflections - Unknown,2010,,,,,Truth,Trust,,,,,,,,,,,,,,,,,,,
1793,Quote,,Honesty saves everyone's time.,Reflections - Unknown,2010,,,,,Truth,Efficiency,,,,,,,,,,,,,,,,,,,
1794,Quote,,"Without trust, we’re all just actors on a stage.",Reflections - Brené Brown,2010,,,,,Truth,Authenticity,,,,,,,,,,,,,,,,,,,
1795,Quote,,The first step in finding God is to stop looking elsewhere.,Reflections - Richard Rohr,2010,,,,,God,Presence,,,,,,,,,,,,,,,,,,,
1796,Quote,,"The closer you walk with God, the less room for anything to come between.",Reflections - Unknown,2010,,,,,God,Relationship,,,,,,,,,,,,,,,,,,,
1797,Quote,,We meet God in the most unexpected places.,Reflections - Barbara Brown Taylor,2010,,,,,God,Encounter,,,,,,,,,,,,,,,,,,,
1798,Quote,,You are never too broken to be healed by grace.,Reflections - Matt Chandler,2010,,,,,Grace,Healing,,,,,,,,,,,,,,,,,,,
1799,Quote,,God’s grace often arrives in the form of uncomfortable blessings.,Reflections - Tim Keller,2010,,,,,Grace,Paradox,,,,,,,,,,,,,,,,,,,
1800,Quote,,Grace doesn't always take the pain away—but it always brings you through it.,Reflections - Beth Moore,2010,,,,,Grace,Perseverance,,,,,,,,,,,,,,,,,,,
1801,Quote,,"I'm not arguing, I'm just explaining why I'm right.",Reflections - Unknown,2010,,,,,Humor,Relationships,,,,,,,,,,,,,,,,,,,
1802,Quote,,There’s no “I” in denial.,Reflections - Unknown,2010,,,,,Humor,Wordplay,,,,,,,,,,,,,,,,,,,
1803,Quote,,"In humor, truth often slips past our defenses.",Reflections - George Saunders,2010,,,,,Humor,Truth,,,,,,,,,,,,,,,,,,,
1804,Quote,,Caring touch rewires the soul.,Reflections - Brene Brown,2010,,,,,Affection,Vulnerability,,,,,,,,,,,,,,,,,,,
1805,Quote,,Hug often. Touch heals. Love speaks even in silence.,Reflections - Unknown,2010,,,,,Affection,Healing Touch,,,,,,,,,,,,,,,,,,,
1806,Quote,,"We touch not to fix, but to remind.",Reflections - Tara Brach,2010,,,,,Affection,Mindfulness,,,,,,,,,,,,,,,,,,,
1807,Quote,,"If you want to find happiness, find gratitude.",Interviews - Steve Maraboli,2011,,,,,Gratitude,Happiness,,,,,,,,,,,,,,,,,,,
1808,Quote,,"You don't always need a plan. Sometimes you just need to breathe, trust, let go, and see what happens.",Reflections - Mandy Hale,2011,,,,,Acceptance,Flow,,,,,,,,,,,,,,,,,,,
1809,Quote,,People will accept your mistakes if you are honest about them.,Personal Reflections - Simon Sinek,2011,,,,,Honesty,Mistakes,,,,,,,,,,,,,,,,,,,
1810,Quote,,"Life is not about how fast you run or how high you climb, but how well you bounce.",Reflections - Vivian Komori,2011,,,,,Fortitude,Resilience,,,,,,,,,,,,,,,,,,,
1811,Quote,,"We can’t always give big, but we can always give kindly.",Reflections - Bob Goff,2011,,,,,Giving,Intent,,,,,,,,,,,,,,,,,,,
1812,Quote,,"We don’t heal in isolation, but in community.",Reflections - S. Kelley Harrell,2011,,,,,Togetherness,Healing,,,,,,,,,,,,,,,,,,,
1813,Quote,,"To heal is to become whole again, not to become what you once were.",Reflections - Unknown,2011,,,,,Healing,Wholeness,,,,,,,,,,,,,,,,,,,
1814,Quote,,It’s okay to be a glowstick: sometimes we have to break before we shine.,Reflections - Unknown,2011,,,,,Healing,Light,,,,,,,,,,,,,,,,,,,
1815,Quote,,"I found out that the same power I had to destroy myself, I had to save myself.",Reflections - Joybell C.,2011,,,,,Recovery,Empowerment,,,,,,,,,,,,,,,,,,,
1816,Quote,,"Sometimes we endure pain not because we are weak, but because we are strong enough to wait for healing.",Reflections - Unknown,2011,,,,,Suffering,Patience,,,,,,,,,,,,,,,,,,,
1817,Quote,,"If you do not transform your pain, you will transmit it.",Falling Upward - Richard Rohr,2011,,,,,Conflict,Cycles,,,,,,,,,,,,,,,,,,,
1818,Quote,,Even a tiny crack in trust can become a canyon.,Reflections - Unknown,2011,,,,,Truth,Trust,,,,,,,,,,,,,,,,,,,
1819,Quote,,"Trust, once lost, could not be easily found. Not in a year, perhaps not even in a lifetime.",Reflections - J.E.B. Spredemann,2011,,,,,Truth,Fragility,,,,,,,,,,,,,,,,,,,
1820,Quote,,"Where the will of God leads you, the grace of God will keep you.",Reflections - Unknown,2011,,,,,God,Grace,,,,,,,,,,,,,,,,,,,
1821,Quote,,God’s grace flows best through cracks.,Reflections - Ann Voskamp,2011,,,,,God,Healing,,,,,,,,,,,,,,,,,,,
1822,Quote,,Grace rewrites the story of our lives.,Reflections - Christine Caine,2011,,,,,Grace,Redemption,,,,,,,,,,,,,,,,,,,
1823,Quote,,Grace is divine oxygen for the suffocating soul.,Reflections - Ann Voskamp,2011,,,,,Grace,Relief,,,,,,,,,,,,,,,,,,,
1824,Quote,,Grace is not for the deserving but for the desperate.,Reflections - Tim Keller,2011,,,,,Grace,Desperation,,,,,,,,,,,,,,,,,,,
1825,Quote,,Grace allows you to live gently with yourself.,Reflections - Tara Brach,2011,,,,,Grace,Self-Compassion,,,,,,,,,,,,,,,,,,,
1826,Quote,,We are shaped as much by who holds us as by what we hold onto.,Reflections - Sue Johnson,2011,,,,,Affection,Influence,,,,,,,,,,,,,,,,,,,
1827,Quote,,The moon is a loyal companion. It never leaves.,Reflections - Tahereh Mafi,2011,,,,,Presence,Constancy,,,,,,,,,,,,,,,,,,,
1828,Quote,,The only thing more unthinkable than leaving was staying; the only thing more impossible than staying was leaving.,Wild - Cheryl Strayed,2012,,,,,Suffering,Conflict,,,,,,,,,,,,,,,,,,,
1829,Quote,,What separates privilege from entitlement is gratitude.,Interview - Brené Brown,2012,,,,,Gratitude,Privilege,,,,,,,,,,,,,,,,,,,
1830,Quote,,"Sometimes you just have to accept that some people are only a part of your history, not your destiny.",Personal Sayings - Steve Maraboli,2012,,,,,Acceptance,Relationships,,,,,,,,,,,,,,,,,,,
1831,Quote,,It's not our job to fix people. It's our job to love them while they fix themselves.,Interview - Steve Maraboli,2012,,,,,Acceptance,Love,,,,,,,,,,,,,,,,,,,
1832,Quote,,Surrender is the inner transition from resistance to acceptance.,Letting Go - David R. Hawkins,2012,,,,,Acceptance,Surrender,,,,,,,,,,,,,,,,,,,
1833,Quote,,"Being yourself is all it takes. If you want someone to like you for who you are, then be yourself.",Daring Greatly - Brené Brown,2012,,,,,Acceptance,Authenticity,,,,,,,,,,,,,,,,,,,
1834,Quote,,Acceptance is the doorway to freedom.,Letting Go - David R. Hawkins,2012,,,,,Acceptance,Liberation,,,,,,,,,,,,,,,,,,,
1835,Quote,,To live a lie is to deny yourself the grace of authenticity.,Reflections - Brené Brown,2012,,,,,Honesty,Authenticity,,,,,,,,,,,,,,,,,,,
1836,Quote,,"There is a strength in being real, in being honest, even when it’s uncomfortable.",Reflections - Brené Brown,2012,,,,,Honesty,Strength,,,,,,,,,,,,,,,,,,,
1837,Quote,,A kind gesture can reach a wound that only compassion can heal.,Reflections - Steve Maraboli,2012,,,,,Kindness,Healing,,,,,,,,,,,,,,,,,,,
1838,Quote,,The ego feeds on approval. The soul is nourished by authenticity.,Reflections - Danielle LaPorte,2012,,,,,Ego/Self,Approval,,,,,,,,,,,,,,,,,,,
1839,Quote,,Nature is the one song of praise that never stops singing.,Reflections - Richard Rohr,2012,,,,,Nature/Natural,Praise,,,,,,,,,,,,,,,,,,,
1840,Quote,,"When we share, we open the door for joy to walk in.",Reflections - Brené Brown,2012,,,,,Togetherness,Sharing,,,,,,,,,,,,,,,,,,,
1841,Quote,,"Real connection is built through shared vulnerability, not perfection.",Daring Greatly - Brené Brown,2012,,,,,Togetherness,Vulnerability,,,,,,,,,,,,,,,,,,,
1842,Quote,,Sometimes the people around you won’t understand your journey. They don’t need to. It’s not for them.,Reflections - Joubert Botha,2012,,,,,Recovery,Individual Path,,,,,,,,,,,,,,,,,,,
1843,Quote,,Owning our story and loving ourselves through that process is the bravest thing we’ll ever do.,Daring Greatly - Brené Brown,2012,,,,,Recovery,Self-Love,,,,,,,,,,,,,,,,,,,
1844,Quote,,Pain is real. But so is hope.,Reflections - Unknown,2012,,,,,Healing,Duality,,,,,,,,,,,,,,,,,,,
1845,Quote,,Grace means that all of your mistakes now serve a purpose instead of serving shame.,Reflections - Brené Brown,2012,,,,,Recovery,Grace,,,,,,,,,,,,,,,,,,,
1846,Quote,,Let whatever you do today be enough.,Reflections - Unknown,2012,,,,,Healing,Self-Compassion,,,,,,,,,,,,,,,,,,,
1847,Quote,,"Sometimes we just need someone to simply be there—not to fix anything, but to let us feel supported and not alone.",Reflections - Unknown,2012,,,,,Healing,Presence,,,,,,,,,,,,,,,,,,,
1848,Quote,,The place of true healing is a fierce place. It’s a giant place. It’s a place of monstrous beauty and endless dark and glimmering light.,Tiny Beautiful Things - Cheryl Strayed,2012,,,,,Healing,Paradox,,,,,,,,,,,,,,,,,,,
1849,Quote,,"When we deny our stories, they define us. When we own our stories, we get to write the ending.",Daring Greatly - Brené Brown,2012,,,,,Recovery,Ownership,,,,,,,,,,,,,,,,,,,
1850,Quote,,We repeat what we don’t repair.,Reflections - Christine Langley-Obaugh,2012,,,,,Recovery,Cycles,,,,,,,,,,,,,,,,,,,
1851,Quote,,"Pain is a great teacher, but no one wants to attend its class.",Reflections - Unknown,2012,,,,,Suffering,Learning,,,,,,,,,,,,,,,,,,,
1852,Quote,,The universe is not short on wake-up calls. We’re just quick to hit the snooze button.,Reflections - Brené Brown,2012,,,,,Suffering,Awareness,,,,,,,,,,,,,,,,,,,
1853,Quote,,You cannot shame or belittle people into changing their behaviors.,Reflections - Brené Brown,2012,,,,,Conflict,Motivation,,,,,,,,,,,,,,,,,,,
1854,Quote,,"Even when we know better, we don’t always do better. That’s the human condition.",Reflections - Brené Brown,2012,,,,,Conflict,Fallibility,,,,,,,,,,,,,,,,,,,
1855,Quote,,Trust starts with truth and ends with truth.,Reflections - Santosh Kalwar,2012,,,,,Truth,Trust,,,,,,,,,,,,,,,,,,,
1856,Quote,,One honest word is better than a hundred insincere compliments.,Reflections - Unknown,2012,,,,,Truth,Sincerity,,,,,,,,,,,,,,,,,,,
1857,Quote,,"Even when I cannot see Him, the wind still moves the leaves.",Reflections - Unknown,2012,,,,,God,Faith,,,,,,,,,,,,,,,,,,,
1858,Quote,,God’s plans will always be greater and more beautiful than all your disappointments.,Reflections - Christine Caine,2012,,,,,God,Trust,,,,,,,,,,,,,,,,,,,
1859,Quote,,Grace means that all of your mistakes now serve a purpose instead of serving shame.,Reflections - Brené Brown,2012,,,,,Grace,Redemption,,,,,,,,,,,,,,,,,,,
1860,Quote,,You can’t out-sin grace.,Reflections - J.D. Greear,2012,,,,,Grace,Limitlessness,,,,,,,,,,,,,,,,,,,
1861,Quote,,"Let grace be your default, not your defense.",Reflections - Bob Goff,2012,,,,,Grace,Attitude,,,,,,,,,,,,,,,,,,,
1862,Quote,,Grace rebuilds what guilt has torn down.,Reflections - Christine Caine,2012,,,,,Grace,Recovery,,,,,,,,,,,,,,,,,,,
1863,Quote,,Grace is the echo of love when we least deserve it.,Reflections - Jason Gray,2012,,,,,Grace,Mercy,,,,,,,,,,,,,,,,,,,
1864,Quote,,Grace is when you realize God is enough.,Reflections - Matt Chandler,2012,,,,,Grace,Sufficiency,,,,,,,,,,,,,,,,,,,
1865,Quote,,Grace is a divine pardon wrapped in eternal affection.,Reflections - Lisa Harper,2012,,,,,Grace,Pardon,,,,,,,,,,,,,,,,,,,
1866,Quote,,The problem with doing nothing is not knowing when you’re finished.,Reflections - Unknown,2012,,,,,Humor,Laziness,,,,,,,,,,,,,,,,,,,
1867,Quote,,Humor doesn’t diminish the pain—it makes space for it.,Reflections - Brene Brown,2012,,,,,Humor,Vulnerability,,,,,,,,,,,,,,,,,,,
1868,Quote,,"Affection is a presence, not a performance.",Reflections - Brene Brown,2012,,,,,Affection,Authenticity,,,,,,,,,,,,,,,,,,,
1869,Quote,,"Affection is a rhythm, not a reaction.",Reflections - David Whyte,2012,,,,,Affection,Natural Flow,,,,,,,,,,,,,,,,,,,
1870,Quote,,"The path is not straight, and it is not safe. But it leads to the true you.",Reflections - Cheryl Strayed,2012,,,,,Courage,Transformation,,,,,,,,,,,,,,,,,,,
1871,Quote,,Grace means that all of your mistakes now serve a purpose instead of serving shame.,Reflections - Brené Brown,2012,,,,,Grace,Redemption,,,,,,,,,,,,,,,,,,,
1872,Quote,,It is not joy that makes us grateful; it is gratitude that makes us joyful.,Living a Life of Awareness - David Steindl-Rast,2013,,,,,Gratitude,Joy,,,,,,,,,,,,,,,,,,,
1873,Quote,,Gratitude is not only a response to God in good times—it's a declaration of trust in the midst of suffering.,Daily Devotionals - Tim Keller,2013,,,,,Gratitude,Trust,,,,,,,,,,,,,,,,,,,
1874,Quote,,I am no longer trying to become perfect. I have accepted the imperfect nature of my soul.,Reflections - Nayyirah Waheed,2013,,,,,Acceptance,Imperfection,,,,,,,,,,,,,,,,,,,
1875,Quote,,I’m not rude. I’m honest. I just speak what’s on my mind without filtering it.,Journal - Rihanna,2013,,,,,Honesty,Bluntness,,,,,,,,,,,,,,,,,,,
1876,Quote,,To be honest is to be human. To hide is to forget your own heart.,Poems - Nayyirah Waheed,2013,,,,,Honesty,Humanity,,,,,,,,,,,,,,,,,,,
1877,Quote,,Giving is not just about making a donation. It is about making a difference.,Interview - Kathy Calvin,2013,,,,,Giving,Impact,,,,,,,,,,,,,,,,,,,
1878,Quote,,Creativity doesn't wait for that perfect moment. It fashions its own perfect moments out of ordinary ones.,Reflections - Bruce Garrabrandt,2013,,,,,Creativity,Spontaneity,,,,,,,,,,,,,,,,,,,
1879,Quote,,Healing doesn’t mean the damage never existed. It means the damage no longer controls our lives.,Reflections - Akshay Dubey,2013,,,,,Healing,Freedom,,,,,,,,,,,,,,,,,,,
1880,Quote,,Recovery is something that you have to work on every single day and it’s something that doesn’t get a day off.,Reflections - Demi Lovato,2013,,,,,Recovery,Discipline,,,,,,,,,,,,,,,,,,,
1881,Quote,,"Pain can change you, but that doesn’t mean it has to be a bad change.",Reflections - Unknown,2013,,,,,Suffering,Transformation,,,,,,,,,,,,,,,,,,,
1882,Quote,,All that remains is the memory of what pain taught me.,Reflections - Nayyirah Waheed,2013,,,,,Suffering,Memory,,,,,,,,,,,,,,,,,,,
1883,Quote,,"You can’t calm the storm, so stop trying. What you can do is calm yourself. The storm will pass.",Reflections - Timber Hawkeye,2013,,,,,Conflict,Inner Peace,,,,,,,,,,,,,,,,,,,
1884,Quote,,"Where there is clarity, confusion cannot exist.",Reflections - Mooji,2013,,,,,Truth,Clarity,,,,,,,,,,,,,,,,,,,
1885,Quote,,Grace is not a thing. It is a person—and His name is Jesus.,Reflections - Judah Smith,2013,,,,,Grace,Personification,,,,,,,,,,,,,,,,,,,
1886,Quote,,Grace covers what we cannot fix.,Reflections - Lisa Bevere,2013,,,,,Grace,Restoration,,,,,,,,,,,,,,,,,,,
1887,Quote,,You are not too much. You have never been too much. You are exactly enough—by grace.,Reflections - Sarah Bessey,2013,,,,,Grace,Worthiness,,,,,,,,,,,,,,,,,,,
1888,Quote,,Grace turns burdens into blessings.,Reflections - Sheila Walsh,2013,,,,,Grace,Transformation,,,,,,,,,,,,,,,,,,,
1889,Quote,,Grace reminds us we are more than our worst moment.,Reflections - Tullian Tchividjian,2013,,,,,Grace,Redemption,,,,,,,,,,,,,,,,,,,
1890,Quote,,"When grace takes hold, shame loses its grip.",Reflections - Ann Voskamp,2013,,,,,Grace,Shame,,,,,,,,,,,,,,,,,,,
1891,Quote,,Humor is not the opposite of seriousness. It's the opposite of despair.,Reflections - Stephen Colbert,2013,,,,,Humor,Contrast,,,,,,,,,,,,,,,,,,,
1892,Quote,,Affection is the echo of love made present.,Reflections - David Whyte,2013,,,,,Affection,Echo,,,,,,,,,,,,,,,,,,,
1893,Quote,,"Grace is not part of consciousness; it is the amount of light in our souls, not knowledge nor reason.",Reflections - Pope Francis,2014,,,,,Grace,Divine Light,,,,,,,,,,,,,,,,,,,
1894,Quote,,Grace is not the reward of the righteous; it is the gift of the guilty.,Reflections - Steven Furtick,2014,,,,,Grace,Forgiveness,,,,,,,,,,,,,,,,,,,
1895,Quote,,"The more grateful I am, the more beauty I see.",Reflections - Mary Davis,2014,,,,,Gratitude,Perception,,,,,,,,,,,,,,,,,,,
1896,Quote,,"Even in the trials of life, if we have eyes to see them, we can find things to be thankful for.",Conference Talk - Dieter F. Uchtdorf,2014,,,,,Gratitude,Trials,,,,,,,,,,,,,,,,,,,
1897,Quote,,Honesty is the fastest way to prevent a mistake from turning into a failure.,Leadership Reflections - James Altucher,2014,,,,,Honesty,Prevention,,,,,,,,,,,,,,,,,,,
1898,Quote,,Be the reason someone believes in the goodness of people.,Reflections - Karen Salmansohn,2014,,,,,Kindness,Goodness,,,,,,,,,,,,,,,,,,,
1899,Quote,,"When we listen with curiosity, we don't listen with the intent to reply. We listen for what's behind the words.",Reflections - Roy T. Bennett,2014,,,,,Togetherness,Listening,,,,,,,,,,,,,,,,,,,
1900,Quote,,Sometimes the smallest step in the right direction ends up being the biggest step of your life.,Reflections - Naeem Callaway,2014,,,,,Recovery,Progress,,,,,,,,,,,,,,,,,,,
1901,Quote,,"You do not have to be fearless, just don't let fear stop you.",Reflections - Charlie Day,2014,,,,,Recovery,Courage,,,,,,,,,,,,,,,,,,,
1902,Quote,,"When suffering knocks at your door and you say there is no seat for him, he tells you, ‘I am sorrow, and I need to sit with you.’",Reflections - Rupi Kaur,2014,,,,,Suffering,Presence,,,,,,,,,,,,,,,,,,,
1903,Quote,,"Most misunderstandings in the world could be avoided if people would simply take the time to ask, “What else could this mean?”",Reflections - Shannon L. Alder,2014,,,,,Conflict,Misunderstanding,,,,,,,,,,,,,,,,,,,
1904,Quote,,Trust is built with consistency.,Reflections - Lincoln Chafee,2014,,,,,Truth,Trust,,,,,,,,,,,,,,,,,,,
1905,Quote,,Trust is earned when actions meet words.,Reflections - Chris Butler,2014,,,,,Truth,Alignment,,,,,,,,,,,,,,,,,,,
1906,Quote,,The truth is not always in the middle. Sometimes it's just the truth.,Reflections - Neil deGrasse Tyson,2014,,,,,Truth,Objectivity,,,,,,,,,,,,,,,,,,,
1907,Quote,,We don’t need to see the whole path. Just take the next step in faith with God.,Reflections - Christine Caine,2014,,,,,God,Faith,,,,,,,,,,,,,,,,,,,
1908,Quote,,"When you see through the eyes of God, everything becomes sacred.",Reflections - Richard Rohr,2014,,,,,God,Vision,,,,,,,,,,,,,,,,,,,
1909,Quote,,Grace makes room for who you are becoming.,Reflections - Emily P. Freeman,2014,,,,,Grace,Becoming,,,,,,,,,,,,,,,,,,,
1910,Quote,,Grace is the invitation to begin again.,Reflections - Nadia Bolz-Weber,2014,,,,,Grace,Renewal,,,,,,,,,,,,,,,,,,,
1911,Quote,,You cannot fall so far that grace cannot reach you.,Reflections - Sheila Walsh,2014,,,,,Grace,Hope,,,,,,,,,,,,,,,,,,,
1912,Quote,,"You will be lost and unlost, over and over again. Relax, love the journey.",Reflections - Nayyirah Waheed,2014,,,,,Journey,Becoming,,,,,,,,,,,,,,,,,,,
1913,Quote,,"When we focus on our gratitude, the tide of disappointment goes out and the tide of love rushes in.",The Gratitude Diaries - Janice Kaplan,2015,,,,,Gratitude,Perspective,,,,,,,,,,,,,,,,,,,
1914,Quote,,"Being honest isn’t always easy, but it’s always worth it.",Leadership Reflections - Craig Groeschel,2015,,,,,Honesty,Value,,,,,,,,,,,,,,,,,,,
1915,Quote,,"If you're honest, you won't be popular, but you'll be respected.",Journal - Naval Ravikant,2015,,,,,Honesty,Respect,,,,,,,,,,,,,,,,,,,
1916,Quote,,To shine your brightest light is to be who you truly are.,Reflections - Roy T. Bennett,2015,,,,,Ego/Self,Authenticity,,,,,,,,,,,,,,,,,,,
1917,Quote,,"A soulful life is not about fixing ourselves, but about finding the courage to bring our whole self to the world.",Reflections - Brené Brown,2015,,,,,Spirit/Soul,Wholeness,,,,,,,,,,,,,,,,,,,
1918,Quote,,Holding space for someone is an act of love and connection.,Reflections - Heather Plett,2015,,,,,Togetherness,Presence,,,,,,,,,,,,,,,,,,,
1919,Quote,,You are not broken. You are breaking through.,Reflections - Alex Myles,2015,,,,,Healing,Breakthrough,,,,,,,,,,,,,,,,,,,
1920,Quote,,"The light in me honors the light in you, especially the light that’s been through the dark.",Reflections - Unknown,2015,,,,,Healing,Recognition,,,,,,,,,,,,,,,,,,,
1921,Quote,,Healing begins the moment you allow yourself to feel.,Reflections - Yasmin Mogahed,2015,,,,,Healing,Emotion,,,,,,,,,,,,,,,,,,,
1922,Quote,,"Healing comes in waves, and maybe today the wave hits the rocks. And that’s okay.",Reflections - Ijeoma Umebinyuo,2015,,,,,Healing,Process,,,,,,,,,,,,,,,,,,,
1923,Quote,,Sometimes the bravest thing you can do is ask for help.,Reflections - Demi Lovato,2015,,,,,Recovery,Support,,,,,,,,,,,,,,,,,,,
1924,Quote,,You can rise up from anything. You can completely recreate yourself.,Reflections - Unknown,2015,,,,,Recovery,Renewal,,,,,,,,,,,,,,,,,,,
1925,Quote,,"Your pain is valid, even if others have it worse.",Reflections - Unknown,2015,,,,,Suffering,Validation,,,,,,,,,,,,,,,,,,,
1926,Quote,,"The truth isn’t always easy, but it’s always necessary.",Reflections - Brené Brown,2015,,,,,Truth,Necessity,,,,,,,,,,,,,,,,,,,
1927,Quote,,God’s love is not based on your performance. It’s based on His character.,Reflections - Louie Giglio,2015,,,,,God,Love,,,,,,,,,,,,,,,,,,,
1928,Quote,,Grace is the undeserved embrace of the Divine.,Reflections - Richard Rohr,2015,,,,,Grace,Unconditional Love,,,,,,,,,,,,,,,,,,,
1929,Quote,,"When you live by grace, the scoreboard disappears.",Reflections - Louie Giglio,2015,,,,,Grace,Freedom,,,,,,,,,,,,,,,,,,,
1930,Quote,,Grace allows us to live unfinished.,Reflections - Sarah Bessey,2015,,,,,Grace,Imperfection,,,,,,,,,,,,,,,,,,,
1931,Quote,,Grace shows up in the dark.,Reflections - Tasha Cobbs,2015,,,,,Grace,Presence,,,,,,,,,,,,,,,,,,,
1932,Quote,,God’s grace meets us in the reality we deny.,Reflections - Curt Thompson,2015,,,,,Grace,Acceptance,,,,,,,,,,,,,,,,,,,
1933,Quote,,Grace is God’s refusal to let our sin define our identity.,Reflections - Paul David Tripp,2015,,,,,Grace,Identity,,,,,,,,,,,,,,,,,,,
1934,Quote,,You are drenched in grace even when you feel dry.,Reflections - Emily Freeman,2015,,,,,Grace,Awareness,,,,,,,,,,,,,,,,,,,
1935,Quote,,Why be moody when you can shake that booty?,Reflections - Unknown,2015,,,,,Humor,Positivity,,,,,,,,,,,,,,,,,,,
1936,Quote,,"I used to think I was indecisive, but now I’m not so sure.",Reflections - Unknown,2015,,,,,Humor,Self-Contradiction,,,,,,,,,,,,,,,,,,,
1937,Quote,,A soft hand on a hard day changes everything.,Reflections - Unknown,2015,,,,,Affection,Relief,,,,,,,,,,,,,,,,,,,
1938,Quote,,"Affection doesn’t cling—it rests, like a bird on a branch.",Reflections - David Whyte,2015,,,,,Affection,Non-Attachment,,,,,,,,,,,,,,,,,,,
1939,Quote,,A kiss on the forehead is a poem of protection.,Reflections - David Whyte,2015,,,,,Affection,Safety,,,,,,,,,,,,,,,,,,,
1940,Quote,,To be touched without being asked is to be recognized.,Reflections - Unknown,2015,,,,,Affection,Dignity,,,,,,,,,,,,,,,,,,,
1941,Quote,,Sometimes I pretend to be normal. But it gets boring. So I go back to being me.,Reflections - Unknown,2015,,,,,Humor,Self-Acceptance,,,,,,,,,,,,,,,,,,,
1942,Quote,,There is no need to rush. What is meant for you will arrive in time.,Reflections - Unknown,2015,,,,,Patience,Trust,,,,,,,,,,,,,,,,,,,
1943,Quote,,Healing is not about changing who you are; it’s about changing your relationship to who you are.,Reflections - Suzanne Heyn,2016,,,,,Healing,Identity,,,,,,,,,,,,,,,,,,,
1944,Quote,,Let our lives be full of both thanks and giving.,Reflections - Amy Collette,2016,,,,,Gratitude,Generosity,,,,,,,,,,,,,,,,,,,
1945,Quote,,Gratitude is a powerful catalyst for happiness. It's the spark that lights a fire of joy in your soul.,Reflections - Amy Collette,2016,,,,,Gratitude,Joy,,,,,,,,,,,,,,,,,,,
1946,Quote,,Only by accepting ourselves fully can we begin to accept others.,The Road Back to You - Ian Cron,2016,,,,,Acceptance,Others,,,,,,,,,,,,,,,,,,,
1947,Quote,,"If you're not honest with yourself, how can you be honest with anyone else?",Reflections - Shane Parrish,2016,,,,,Honesty,Self,,,,,,,,,,,,,,,,,,,
1948,Quote,,"I’m thankful for my struggle, because without it I wouldn’t have stumbled across my strength.",Personal Writings - Alex Elle,2016,,,,,Fortitude,Gratitude,,,,,,,,,,,,,,,,,,,
1949,Quote,,"Healing is an art. It takes time, it takes practice, it takes love.",Reflections - Maza Dohta,2016,,,,,Healing,Patience,,,,,,,,,,,,,,,,,,,
1950,Quote,,The only way to heal is to face what you fear.,Reflections - Lalah Delia,2016,,,,,Healing,Courage,,,,,,,,,,,,,,,,,,,
1951,Quote,,Sometimes healing means walking away.,Reflections - Najwa Zebian,2016,,,,,Healing,Boundaries,,,,,,,,,,,,,,,,,,,
1952,Quote,,Shame dies when stories are told in safe places.,Reflections - Ann Voskamp,2016,,,,,Recovery,Vulnerability,,,,,,,,,,,,,,,,,,,
1953,Quote,,"The ache will always be there, but it will teach you how to breathe again.",Reflections - Unknown,2016,,,,,Healing,Grief,,,,,,,,,,,,,,,,,,,
1954,Quote,,You are allowed to be both a masterpiece and a work in progress simultaneously.,Reflections - Sophia Bush,2016,,,,,Healing,Duality,,,,,,,,,,,,,,,,,,,
1955,Quote,,"Suffering has a face, and it needs to be looked in the eye.",The Book of Joy - Desmond Tutu,2016,,,,,Suffering,Witnessing,,,,,,,,,,,,,,,,,,,
1956,Quote,,A good relationship is not one that is always peaceful. It’s one where conflict is handled with honesty and grace.,Reflections - Alain de Botton,2016,,,,,Conflict,Relationships,,,,,,,,,,,,,,,,,,,
1957,Quote,,Grace doesn’t rush. It waits with you.,Reflections - Sarah Clarkson,2016,,,,,Grace,Patience,,,,,,,,,,,,,,,,,,,
1958,Quote,,My therapist says I have a preoccupation with vengeance. We'll see about that.,Reflections - Unknown,2016,,,,,Humor,Therapy,,,,,,,,,,,,,,,,,,,
1959,Quote,,Even the briefest hug can change the course of a day.,Reflections - Unknown,2016,,,,,Affection,Impact,,,,,,,,,,,,,,,,,,,
1960,Quote,,Be messy and complicated and afraid and show up anyway.,Reflections - Glennon Doyle,2016,,,,,Authenticity,Courage,,,,,,,,,,,,,,,,,,,
1961,Quote,,"When we are in love, we open to all that life has to offer with passion, excitement, and acceptance.",The Wisdom of Sundays - Oprah Winfrey,2017,,,,,Love,Aliveness,,,,,,,,,,,,,,,,,,,
1962,Quote,,"Some things are not problems to be solved, they are truths to be accepted.",Personal Essays - Lysa TerKeurst,2017,,,,,Acceptance,Truth,,,,,,,,,,,,,,,,,,,
1963,Quote,,Ego is the anesthesia that deadens the pain of stupidity.,Reflections - Rick Rigsby,2017,,,,,Ego/Self,Delusion,,,,,,,,,,,,,,,,,,,
1964,Quote,,"By discovering nature, you discover yourself.",Reflections - Maxime Lagacé,2017,,,,,Nature/Natural,Self,,,,,,,,,,,,,,,,,,,
1965,Quote,,Recovery is hard. Regret is harder.,Reflections - Brittany Burgunder,2017,,,,,Recovery,Choices,,,,,,,,,,,,,,,,,,,
1966,Quote,,Healing doesn’t happen by pretending the pain isn’t there.,Reflections - Susan David,2017,,,,,Healing,Honesty,,,,,,,,,,,,,,,,,,,
1967,Quote,,Let it hurt. Let it bleed. Let it heal. And let it go.,Reflections - Nikita Gill,2017,,,,,Healing,Release,,,,,,,,,,,,,,,,,,,
1968,Quote,,Being near someone with love in their eyes is a form of touch.,Reflections - Unknown,2017,,,,,Affection,Presence,,,,,,,,,,,,,,,,,,,
1969,Quote,,I am learning to trust the journey even when I do not understand it.,Reflections - Morgan Harper Nichols,2018,,,,,Acceptance,Trust,,,,,,,,,,,,,,,,,,,
1970,Quote,,"Resolve to keep going, no matter how small the step.",Reflections - James Clear,2018,,,,,Fortitude,Habit,,,,,,,,,,,,,,,,,,,
1971,Quote,,"When you show up with a generous heart, people feel safe to be themselves.",Reflections - Brené Brown,2018,,,,,Generosity,Vulnerability,,,,,,,,,,,,,,,,,,,
1972,Quote,,"To know yourself, you must sacrifice the illusion that you already do.",Reflections - David Goggins,2018,,,,,Ego/Self,Discipline,,,,,,,,,,,,,,,,,,,
1973,Quote,,Pain travels through families until someone is ready to feel it.,Reflections - Stephi Wagner,2018,,,,,Healing,Generational,,,,,,,,,,,,,,,,,,,
1974,Quote,,Keep taking time for yourself until you’re you again.,Reflections - Lalah Delia,2018,,,,,Recovery,Self-Care,,,,,,,,,,,,,,,,,,,
1975,Quote,,Healing happens when you sit with what hurts and choose to love yourself anyway.,Reflections - Cleo Wade,2018,,,,,Healing,Self-Love,,,,,,,,,,,,,,,,,,,
1976,Quote,,The human capacity for burden is like bamboo – far more flexible than you'd ever believe at first glance.,The Art of Gathering - Priya Parker,2018,,,,,Suffering,Resilience,,,,,,,,,,,,,,,,,,,
1977,Quote,,You will not grow without pain. You will not improve without failure.,Reflections - Jordan Peterson,2018,,,,,Suffering,Growth,,,,,,,,,,,,,,,,,,,
1978,Quote,,The most important conversations you’ll ever have are the ones you’ll have with yourself.,Reflections - David Goggins,2018,,,,,Conflict,Internal Dialogue,,,,,,,,,,,,,,,,,,,
1979,Quote,,Clarity is the kindness we give to confusion.,Reflections - Brené Brown,2018,,,,,Truth,Clarity,,,,,,,,,,,,,,,,,,,
1980,Quote,,"You are carried by grace, not credentials.",Reflections - Bob Goff,2018,,,,,Grace,Identity,,,,,,,,,,,,,,,,,,,
1981,Quote,,I'm not lazy. I'm just on energy-saving mode.,Reflections - Unknown,2018,,,,,Humor,Excuses,,,,,,,,,,,,,,,,,,,
1982,Quote,,"Children remember love through hugs, not lectures.",Reflections - Unknown,2018,,,,,Affection,Parenting,,,,,,,,,,,,,,,,,,,
1983,Quote,,"Acceptance is not giving up, it is acknowledging that there is more to be done.",Reflections - Morgan Harper Nichols,2019,,,,,Acceptance,Resilience,,,,,,,,,,,,,,,,,,,
1984,Quote,,A quiet mind is able to hear intuition over fear.,Reflections - Yung Pueblo,2019,,,,,Ego/Self,Listening,,,,,,,,,,,,,,,,,,,
1985,Quote,,You were never meant to carry it all alone.,Reflections - Morgan Harper Nichols,2019,,,,,Suffering,Support,,,,,,,,,,,,,,,,,,,
1986,Quote,,Every lie we tell incurs a debt to the truth.,Chernobyl - Valery Legasov (HBO),2019,,,,,Truth,Reckoning,,,,,,,,,,,,,,,,,,,
1987,Quote,,The worst part of online dating is meeting.,Reflections - Unknown,2019,,,,,Humor,Romance,,,,,,,,,,,,,,,,,,,
1988,Quote,,It’s okay to outgrow people who don’t grow. Growth is not betrayal.,Reflections - Thema Bryant,2020,,,,,Recovery,Growth,,,,,,,,,,,,,,,,,,,
1989,Quote,,Your suffering is not noble. It is a call to transform.,Reflections - Adrienne Maree Brown,2020,,,,,Suffering,Awakening,,,,,,,,,,,,,,,,,,,
1990,Quote,,The truth does not mind being questioned. A lie does.,Reflections - Unknown,2020,,,,,Truth,Examination,,,,,,,,,,,,,,,,,,,
1991,Quote,,Let the presence of God wash over your anxiety like waves over sand.,Reflections - Unknown,2020,,,,,God,Presence,,,,,,,,,,,,,,,,,,,
1992,Quote,,"In a world of noise, a quiet touch is a revolution.",Reflections - Unknown,2020,,,,,Affection,Stillness,,,,,,,,,,,,,,,,,,,
1993,Quote,,"I told my computer I needed a break, and now it won’t stop sending me beaches.",Reflections - Internet Joke,2022,,,,,Humor,AI,,,,,,,,,,,,,,,,,,,
1994,Quote,,One heart can’t beat well if the others it loves are starving.,Reflections - Aaron Sogoian,2024,,,,,Togetherness,Empathy,,,,,,,,,,,,,,,,,,,
1995,Quote,,"The painter tries to master color, the poet sound, the mystic silence.",Reflections - Aaron Sogoian,2025,,,,,Creativity,Discipline,,,,,,,,,,,,,,,,,,,
1996,Quote,,Every song has a soul if you listen with the right kind of silence.,Reflections - Aaron Sogoian,2025,,,,,Creativity,Listening,,,,,,,,,,,,,,,,,,,
1997,Quote,,The bonds we form are the threads from which we weave our lives.,Reflections - Aaron Sogoian,2025,,,,,Togetherness,Bonds,,,,,,,,,,,,,,,,,,,
1998,Quote,,"Life is easier when we walk it together, even if we don’t always walk in step.",Reflections - Aaron Sogoian,2025,,,,,Togetherness,Journey,,,,,,,,,,,,,,,,,,,
1999,Quote,,"To belong is to be seen, to be safe, and to be loved without needing to perform.",Reflections - Aaron Sogoian,2025,,,,,Togetherness,Belonging,,,,,,,,,,,,,,,,,,,
2000,Quote,,"Let each of us see each other as we are: necessary, sacred, and wonderfully incomplete.",Reflections - Aaron Sogoian,2025,,,,,Togetherness,Acceptance,,,,,,,,,,,,,,,,,,,
2001,Movie,Leave Her to Heaven,,John M. Stahl,1945,,,,,Drama/Thriller,,,,,,,,,,,,,,Oscar Winner,Want,2,,,,0
2002,Movie,The Wizard of Oz,,Victor Fleming,1939,,,,,Drama/Fantasy,,,,,,,,,,,,,,2 Oscars,Yes,,7,10,6,7.25
2003,Movie,Ikiru,,Akira Kurosawa,1952,,,,,Drama,,,,,,,,,,,,,,Blue Ribbon: Best Film,Want,1,,,,0
2004,Movie,Tokyo Story,,Yasujirō Ozu,1953,,,,,Drama/Family,,,,,,,,,,,,,,Kinema Junpo: Best Film,Want,1,,,,0
2005,Movie,The Seventh Seal,,Ingmar Bergman,1957,,,,,Drama/Fantasy,,,,,,,,,,,,,,Cannes: Jury Special Prize,Yes,,5,6,6,5.75
2006,Movie,Room at the Top,,Jack Clayton,1959,,,,,Drama,,,,,,,,,,,,,,Oscar: Best Actress,Want,2,,,,0
2007,Movie,Solaris,,Andrei Tarkovsky,1972,,,,,Sci-Fi/Drama,,,,,,,,,,,,,,Cannes Grand Prix,Want,1,,,,0
2008,Movie,The Godfather,,Francis Ford Coppola,1972,,,,,Crime/Drama,,,,,,,,,,,,,,Oscar: Best Picture,Yes,,8,10,7,8
2009,Movie,The Godfather Part II,,Francis Ford Coppola,1974,,,,,Crime/Drama,,,,,,,,,,,,,,Oscar: Best Picture,Yes,,8,10,7.5,8.25
2010,Movie,Barry Lyndon,,Stanley Kubrick,1975,,,,,Period Drama,,,,,,,,,,,,,,4 Oscars,Want,1,,,,0
2011,Movie,The Mirror,,Andrei Tarkovsky,1975,,,,,Drama/Art,,,,,,,,,,,,,,International Critics' Prize,Want,2,,,,0
2012,Movie,The Man Who Fell to Earth,,Nicolas Roeg,1976,,,,,Sci-Fi/Drama,,,,,,,,,,,,,,Saturn Nominated,Want,3,,,,0
2013,Movie,Star Wars: Episode IV A New Hope,,George Lucas,1977,,,,,Sci-Fi/Adventure,,,,,,,,,,,,,,6 Oscars,Yes,,7,10,7,7.75
2014,Movie,Superman,,Richard Donner,1978,,,,,Superhero,,,,,,,,,,,,,,Oscar: Special Achievement,Yes,,5,6,6,5.75
2015,Movie,Stalker,,Andrei Tarkovsky,1979,,,,,Sci-Fi/Art,,,,,,,,,,,,,,Cannes Ecumenical Jury,Want,,,,,0
2016,Movie,The Warriors,,Walter Hill,1979,,,,,Action/Crime,,,,,,,,,,,,,,Cult Classic,Yes,,4,7,5,5.25
2017,Movie,Alien,,Ridley Scott,1979,,,,,Sci-Fi/Horror,,,,,,,,,,,,,,Oscar: Best Visual Effects,Yes,,7,9,7.5,7.75
2018,Movie,The Shining,,Stanley Kubrick,1980,,,,,Horror/Psychological,,,,,,,,,,,,,,Cult Classic,Yes,,6,9,6,6.75
2019,Movie,Superman II,,Richard Lester,1980,,,,,Superhero,,,,,,,,,,,,,,Saturn Winner,Yes,,6,8,7,7
2020,Movie,Star Wars: Episode V The Empire Strikes Back,,Irvin Kershner,1980,,,,,Sci-Fi/Adventure,,,,,,,,,,,,,,Oscar: Best Sound,Yes,,8,10,9,9
2021,Movie,Style Wars,,Tony Silver,1983,,,,,Documentary/Music,,,,,,,,,,,,,,Grand Jury Prize Sundance,Want,2,,,,0
2022,Movie,Christine,,John Carpenter,1983,,,,,Horror/Thriller,,,,,,,,,,,,,,Cult Classic,Yes,,4,6,5,5
2023,Movie,Star Wars: Episode VI Return of the Jedi,,Richard Marquand,1983,,,,,Sci-Fi/Adventure,,,,,,,,,,,,,,Special Achievement Oscar,Yes,,8,10,8,8.5
2024,Movie,Beat Street,,Stan Lathan,1984,,,,,Drama/Music,,,,,,,,,,,,,,Hip-Hop Classic,Want,2,,,,0
2025,Movie,Body Double,,Brian De Palma,1984,,,,,Thriller,,,,,,,,,,,,,,Cult Favorite,Want,2,,,,0
2026,Movie,Amadeus,,Milos Forman,1984,,,,,Biography/Drama,,,,,,,,,,,,,,Oscar: Best Picture,Yes,,6,5,7,6.25
2027,Movie,Terminator,,James Cameron,1984,,,,,Sci-Fi/Action,,,,,,,,,,,,,,Saturn Award Winner,Yes,,8,8,7,7.5
2028,Movie,Nausicaa of the Valley of the Wind,,Hayao Miyazaki,1984,,,,,Anime/Fantasy,,,,,,,,,,,,,,Ofuji Noburo Award,Yes,,9,8,8.3,8.4
2029,Movie,Come and See,,Elem Klimov,1985,,,,,War/Drama,,,,,,,,,,,,,,Venice: FIPRESCI Prize,Want,2,,,,0
2030,Movie,Tampopo,,Juzo Itami,1985,,,,,Comedy/Food,,,,,,,,,,,,,,Japanese Academy Award Nominated,Want,1,,,,0
2031,Movie,My Life as a Dog,,Lasse HallstrÃ¶m,1985,,,,,Drama,,,,,,,,,,,,,,Golden Globe: Best Foreign Film,Yes,,6,5,7,6.25
2032,Movie,The Color Purple,,Steven Spielberg,1985,,,,,Drama,,,,,,,,,,,,,,Oscar Nominated,Yes,,5,9,6.5,6.75
2033,Movie,Ran,,Akira Kurosawa,1985,,,,,Historical Epic,,,,,,,,,,,,,,Oscar: Best Costume Design,Yes,,9,6,8,7.75
2034,Movie,Labyrinth,,Jim Henson,1986,,,,,Fantasy/Musical,,,,,,,,,,,,,,Fantasy Classic,Yes,,7,8,7.5,7.5
2035,Movie,Castle in the Sky,,Hayao Miyazaki,1986,,,,,Anime/Adventure,,,,,,,,,,,,,,Anime Grand Prix,Yes,,8,7,8,7.75
2036,Movie,Stand by Me,,Rob Reiner,1986,,,,,Drama/Coming-of-Age,,,,,,,,,,,,,,Oscar Nominated,Yes,,7,9,8,8
2037,Movie,The Mission,,Roland JoffÃ©,1986,,,,,Drama/History,,,,,,,,,,,,,,Palme d'Or Winner,Yes,,9,6.5,9,8.375
2038,Movie,Aliens,,James Cameron,1986,,,,,Sci-Fi/Action,,,,,,,,,,,,,,Oscar: Best Visual Effects & Sound,Yes,,9,8,8.5,8.5
2039,Movie,Wings of Desire,,Wim Wenders,1987,,,,,Drama/Fantasy,,,,,,,,,,,,,,Cannes: Best Director,Want,1,,,,0
2040,Movie,The Last Emperor,,Bernardo Bertolucci,1987,,,,,Historical Drama,,,,,,,,,,,,,,9 Oscars including Best Picture,Yes,,9,5,7.5,7.25
2041,Movie,Full Metal Jacket,,Stanley Kubrick,1987,,,,,War/Drama,,,,,,,,,,,,,,Oscar Nominated,Yes,,8,9,9,8.75
2042,Movie,The Princess Bride,,Rob Reiner,1987,,,,,Fantasy/Adventure,,,,,,,,,,,,,,Saturn Award Nominated,Yes,,7,9,9.5,8.75
2043,Movie,Cinema Paradiso,,Giuseppe Tornatore,1988,,,,,Drama,,,,,,,,,,,,,,Oscar: Best Foreign Language Film,Want,3,,,,0
2044,Movie,The Accused,,Jonathan Kaplan,1988,,,,,Drama/Legal,,,,,,,,,,,,,,Oscar: Best Actress,Yes,,5,7,6,6
2045,Movie,Rain Man,,Barry Levinson,1988,,,,,Drama,,,,,,,,,,,,,,"Oscar: Best Picture, Actor",Yes,,6,7,6.5,6.5
2046,Movie,Grave of the Fireflies,,Isao Takahata,1988,,,,,Animation/War,,,,,,,,,,,,,,Blue Ribbon: Best Film,Yes,,7,6,8,7.25
2047,Movie,My Neighbor Totoro,,Hayao Miyazaki,1988,,,,,Animation/Fantasy,,,,,,,,,,,,,,Animage Anime Grand Prix,Yes,,8,8,7,7.5
2048,Movie,Akira,,Katsuhiro Otomo,1988,,,,,Animation/Sci-Fi,,,,,,,,,,,,,,Cult Classic,Yes,,10,8,9,9
2049,Movie,Do the Right Thing,,Spike Lee,1989,,,,,Drama,,,,,,,,,,,,,,Oscar Nominated,Yes,,6,7,6,6.25
2050,Movie,Batman,,Tim Burton,1989,,,,,Superhero,,,,,,,,,,,,,,Oscar: Best Art Direction,Yes,,7,6,6,6.25
2051,Movie,My Left Foot,,Jim Sheridan,1989,,,,,Drama/Biography,,,,,,,,,,,,,,Oscar: Best Actor,Yes,,7,6.5,6,6.375
2052,Movie,Kiki's Delivery Service,,Hayao Miyazaki,1989,,,,,Anime/Fantasy,,,,,,,,,,,,,,Anime Grand Prix,Yes,,8,8,6,7
2053,Movie,Dead Poets Society,,Peter Weir,1989,,,,,Drama,,,,,,,,,,,,,,Oscar: Best Screenplay,Yes,,7,7.5,7.5,7.375
2054,Movie,The Abyss,,James Cameron,1989,,,,,Sci-Fi/Drama,,,,,,,,,,,,,,Oscar: Best Visual Effects,Yes,,8.5,7,8,7.875
2055,Movie,Paris Is Burning,,Jennie Livingston,1990,,,,,Documentary,,,,,,,,,,,,,,Sundance: Grand Jury Prize,Want,3,,,,0
2056,Movie,Slacker,,Richard Linklater,1990,,,,,Comedy/Drama,,,,,,,,,,,,,,Sundance: Grand Jury Nominee,Want,3,,,,0
2057,Movie,Awakenings,,Penny Marshall,1990,,,,,Drama/Biography,,,,,,,,,,,,,,Oscar Nominated,Yes,,6,6,7,6.5
2058,Movie,Goodfellas,,Martin Scorsese,1990,,,,,Crime/Drama,,,,,,,,,,,,,,Oscar: Best Supporting Actor,Yes,,7,8,7,7.25
2059,Movie,Pretty Woman,,Garry Marshall,1990,,,,,Romantic Comedy,,,,,,,,,,,,,,Golden Globe: Best Actress,Yes,,6,9,7,7.25
2060,Movie,Misery,,Rob Reiner,1990,,,,,Thriller/Horror,,,,,,,,,,,,,,Oscar: Best Actress,Yes,,6,8.5,9,8.125
2061,Movie,The Fisher King,,Terry Gilliam,1991,,,,,Drama/Fantasy,,,,,,,,,,,,,,Oscar: Best Supporting Actress,Yes,,4,7,7,6.25
2062,Movie,Boyz n the Hood,,John Singleton,1991,,,,,Crime/Drama,,,,,,,,,,,,,,Oscar Nominated,Yes,,5,8,7,6.75
2063,Movie,Terminator 2: Judgment Day,,James Cameron,1991,,,,,Sci-Fi/Action,,,,,,,,,,,,,,Oscar: Best Visual Effects,Yes,,9,8,7,7.75
2064,Movie,Beauty and the Beast,,Gary Trousdale & Kirk Wise,1991,,,,,Animation/Romance,,,,,,,,,,,,,,Oscar Nominated: Best Picture,Yes,,8,9,8.5,8.5
2065,Movie,Orlando,,Sally Potter,1992,,,,,Historical Fantasy,,,,,,,,,,,,,,Oscar Nominated,Want,1,,,,0
2066,Movie,Alien 3,,David Fincher,1992,,,,,Sci-Fi/Horror,,,,,,,,,,,,,,Oscar Nominated,Yes,,7,7,5,6
2067,Movie,The Bodyguard,,Mick Jackson,1992,,,,,Romantic Thriller,,,,,,,,,,,,,,Grammy: Best Song,Yes,,5,6,7,6.25
2068,Movie,Batman Returns,,Tim Burton,1992,,,,,Superhero,,,,,,,,,,,,,,Oscar Nominated,Yes,,7,5,8,7
2069,Movie,A Few Good Men,,Rob Reiner,1992,,,,,Drama/Legal,,,,,,,,,,,,,,Oscar Nominated,Yes,,6,9,8.5,8
2070,Movie,Reservoir Dogs,,Quentin Tarantino,1992,,,,,Crime/Drama,,,,,,,,,,,,,,Sundance Acclaim,Yes,,8,9,8,8.25
2071,Movie,Carlito's Way,,Brian De Palma,1993,,,,,Crime/Drama,,,,,,,,,,,,,,Critics' Acclaim,Yes,,5,6,6.5,6
2072,Movie,The Man Without a Face,,Mel Gibson,1993,,,,,Drama,,,,,,,,,,,,,,Critics' Acclaim,Yes,,5,7,7,6.5
2073,Movie,The Pelican Brief,,Alan J. Pakula,1993,,,,,Thriller/Drama,,,,,,,,,,,,,,Box Office Hit,Yes,,7,7,7,7
2074,Movie,Menace II Society,,The Hughes Brothers,1993,,,,,Crime/Drama,,,,,,,,,,,,,,Independent Spirit Award Winner,Yes,,5,9,8,7.5
2075,Movie,Philadelphia,,Jonathan Demme,1993,,,,,Legal Drama,,,,,,,,,,,,,,Oscar: Best Actor,Yes,,8,9,7,7.75
2076,Movie,Falling Down,,Joel Schumacher,1993,,,,,Crime/Drama,,,,,,,,,,,,,,Cult Classic,Yes,,6,8.5,8.5,7.875
2077,Movie,True Romance,,Tony Scott,1993,,,,,Crime/Romance,,,,,,,,,,,,,,Cult Classic,Yes,,8,9,8.5,8.5
2078,Movie,Quiz Show,,Robert Redford,1994,,,,,Drama/History,,,,,,,,,,,,,,Oscar Nominated,Yes,,8,5,6.5,6.5
2079,Movie,The Client,,Joel Schumacher,1994,,,,,Thriller/Drama,,,,,,,,,,,,,,Oscar Nominated,Yes,,6,7,7,6.75
2080,Movie,Forrest Gump,,Robert Zemeckis,1994,,,,,Drama/Comedy,,,,,,,,,,,,,,Oscar: Best Picture,Yes,,9,10,8,8.75
2081,Movie,Leon: The Professional,,Luc Besson,1994,,,,,Crime/Drama,,,,,,,,,,,,,,Cult Classic,Yes,,8,9.5,9,8.875
2082,Movie,Pulp Fiction,,Quentin Tarantino,1994,,,,,Crime/Drama,,,,,,,,,,,,,,"Palme d'Or, Oscar Nominated",Yes,,8,10,9,9
2083,Movie,The Shawshank Redemption,,Frank Darabont,1994,,,,,Drama,,,,,,,,,,,,,,Oscar Nominated,Yes,,9,10,9.5,9.5
2084,Movie,Before Sunrise,,Richard Linklater,1995,,,,,Romance/Drama,,,,,,,,,,,,,,Independent Spirit Nominated,Want,1,,,,0
2085,Movie,La Haine,,Mathieu Kassovitz,1995,,,,,Crime/Drama,,,,,,,,,,,,,,Cannes: Best Director,Want,1,,,,0
2086,Movie,Batman Forever,,Joel Schumacher,1995,,,,,Superhero,,,,,,,,,,,,,,Oscar Nominated,Yes,,6,5,6,5.75
2087,Movie,Dead Presidents,,Albert & Allen Hughes,1995,,,,,Crime/War,,,,,,,,,,,,,,Image Awards Nominated,Yes,,6,6,7,6.5
2088,Movie,Friday,,F. Gary Gray,1995,,,,,Comedy,,,,,,,,,,,,,,MTV Movie Awards Winner,Yes,,5,8,6.5,6.5
2089,Movie,Kids,,Larry Clark,1995,,,,,Drama,,,,,,,,,,,,,,Independent Spirit Nominated,Yes,,6,7,8,7.25
2090,Movie,Heat,,Michael Mann,1995,,,,,Crime/Drama,,,,,,,,,,,,,,Oscar Nominated,Yes,,8,7,7.5,7.5
2091,Movie,The Usual Suspects,,Bryan Singer,1995,,,,,Crime/Thriller,,,,,,,,,,,,,,Oscar: Best Supporting Actor,Yes,,7,7.5,8,7.625
2092,Movie,Crimson Tide,,Tony Scott,1995,,,,,Thriller/Drama,,,,,,,,,,,,,,Oscar Nominated,Yes,,7,7,8.5,7.75
2093,Movie,Casino,,Martin Scorsese,1995,,,,,Crime/Drama,,,,,,,,,,,,,,Critics' Choice,Yes,,8,7,9,8.25
2094,Movie,Braveheart,,Mel Gibson,1995,,,,,War/Drama,,,,,,,,,,,,,,Oscar: Best Picture,Yes,,9,10,9,9.25
2095,Movie,Se7en,,David Fincher,1995,,,,,Crime/Thriller,,,,,,,,,,,,,,MTV Movie Award: Best Movie,Yes,,9,10,9,9.25
2096,Movie,Jerry Maguire,,Cameron Crowe,1996,,,,,Romance/Drama,,,,,,,,,,,,,,Oscar: Best Supporting Actor,Yes,,6,7,6,6.25
2097,Movie,Michael Collins,,Neil Jordan,1996,,,,,Biography/Drama,,,,,,,,,,,,,,Golden Lion Winner,Yes,,6,7,7.5,7
2098,Movie,The Rock,,Michael Bay,1996,,,,,Action/Thriller,,,,,,,,,,,,,,Blockbuster Hit,Yes,,8,6,7,7
2099,Movie,Basquiat,,Julian Schnabel,1996,,,,,Biography/Drama,,,,,,,,,,,,,,Independent Spirit Nominated,Want,3,7,8,7,7.25
2100,Movie,Sleepers,,Barry Levinson,1996,,,,,Crime/Drama,,,,,,,,,,,,,,Critics' Acclaim,Yes,,6,7,8,7.25
2101,Movie,Trainspotting,,Danny Boyle,1996,,,,,Drama,,,,,,,,,,,,,,BAFTA Winner,Yes,,7,9,8.5,8.25
2102,Movie,A Time to Kill,,Joel Schumacher,1996,,,,,Drama/Crime,,,,,,,,,,,,,,MTV Movie Winner,Yes,,7,9,9,8.5
2103,Movie,Primal Fear,,Gregory Hoblit,1996,,,,,Thriller/Drama,,,,,,,,,,,,,,Oscar Nominated,Yes,,7,9,9,8.5
2104,Movie,The English Patient,,Anthony Minghella,1996,,,,,Romantic War Drama,,,,,,,,,,,,,,9 Oscars including Best Picture,Yes,,9,9,8.5,8.75
2105,Movie,The Sweet Hereafter,,Atom Egoyan,1997,,,,,Drama,,,,,,,,,,,,,,Cannes Grand Prix,Want,,,,,0
2106,Movie,Batman & Robin,,Joel Schumacher,1997,,,,,Superhero,,,,,,,,,,,,,,Razzie Winner,Yes,,5,3,5,4.5
2107,Movie,Jackie Brown,,Quentin Tarantino,1997,,,,,Crime/Drama,,,,,,,,,,,,,,Golden Globe Nominated,Yes,,6,6.5,6.5,6.375
2108,Movie,Donnie Brasco,,Mike Newell,1997,,,,,Crime/Drama,,,,,,,,,,,,,,Oscar Nominated,Yes,,6,7,7,6.75
2109,Movie,The Fifth Element,,Luc Besson,1997,,,,,Sci-Fi/Adventure,,,,,,,,,,,,,,CÃ©sar Award,Yes,,8,6,6.5,6.75
2110,Movie,The Rainmaker,,Francis Ford Coppola,1997,,,,,Drama,,,,,,,,,,,,,,Critics' Acclaim,Yes,,6,7,8,7.25
2111,Movie,The Boxer,,Jim Sheridan,1997,,,,,Drama/Romance,,,,,,,,,,,,,,Golden Globe Nominated,Yes,,7,8,7.5,7.5
2112,Movie,Perfect Blue,,Satoshi Kon,1997,,,,,Anime/Thriller,,,,,,,,,,,,,,Fantasia Film Festival Winner,Yes,,8,7,8,7.75
2113,Movie,Gattaca,,Andrew Niccol,1997,,,,,Sci-Fi/Thriller,,,,,,,,,,,,,,Hugo Award Nominee,Yes,,8,8,8,8
2114,Movie,Contact,,Robert Zemeckis,1997,,,,,Sci-Fi/Drama,,,,,,,,,,,,,,Hugo Award Winner,Yes,,9,10,8.5,9
2115,Movie,Good Will Hunting,,Gus Van Sant,1997,,,,,Drama,,,,,,,,,,,,,,Oscar: Best Screenplay,Yes,,9,10,9,9.25
2116,Movie,Princess Mononoke,,Hayao Miyazaki,1997,,,,,Animation/Fantasy,,,,,,,,,,,,,,Japan Academy Prize: Best Picture,Yes,,9.5,10,9,9.375
2117,Movie,Run Lola Run,,Tom Tykwer,1998,,,,,Thriller/Drama,,,,,,,,,,,,,,German Film Award: Best Film,Want,1,,,,0
2118,Movie,Enemy of the State,,Tony Scott,1998,,,,,Action/Thriller,,,,,,,,,,,,,,Box Office Hit,Yes,,7,6,7,6.75
2119,Movie,"Lock, Stock and Two Smoking Barrels",,Guy Ritchie,1998,,,,,Crime/Comedy,,,,,,,,,,,,,,Empire Award Winner,Yes,,6,7,8,7.25
2120,Movie,What Dreams May Come,,Vincent Ward,1998,,,,,Drama/Fantasy,,,,,,,,,,,,,,Oscar: Best Visual Effects,Yes,,8,6,7.5,7.25
2121,Movie,Pleasantville,,Gary Ross,1998,,,,,Drama/Fantasy,,,,,,,,,,,,,,Oscar Nominated,Yes,,7,8,7.5,7.5
2122,Movie,Rounders,,John Dahl,1998,,,,,Drama,,,,,,,,,,,,,,Cult Favorite,Yes,,7,7,8.5,7.75
2123,Movie,You've Got Mail,,Nora Ephron,1998,,,,,Romance/Comedy,,,,,,,,,,,,,,Golden Globe Nominated,Yes,,5,9,8.5,7.75
2124,Movie,American History X,,Tony Kaye,1998,,,,,Drama,,,,,,,,,,,,,,Oscar Nominated,Yes,,7,8,8.5,8
2125,Movie,The Truman Show,,Peter Weir,1998,,,,,Drama/Satire,,,,,,,,,,,,,,Golden Globe: Best Actor,Yes,,8,8,8,8
2126,Movie,The Thin Red Line,,Terrence Malick,1998,,,,,War/Drama,,,,,,,,,,,,,,Oscar Nominated,Yes,,9,7,9,8.5
2127,Movie,Elizabeth,,Shekhar Kapur,1998,,,,,Historical Drama,,,,,,,,,,,,,,Oscar: Best Makeup,Yes,,8,9,9,8.75
2128,Movie,Saving Private Ryan,,Steven Spielberg,1998,,,,,War/Drama,,,,,,,,,,,,,,Oscar: Best Director,Yes,,10,10,9.5,9.75
2129,Movie,Payback,,Brian Helgeland,1999,,,,,Crime/Action,,,,,,,,,,,,,,Cult Favorite,Yes,,6,5,6,5.75
2130,Movie,Boys Don't Cry,,Kimberly Peirce,1999,,,,,Biography/Drama,,,,,,,,,,,,,,Oscar: Best Actress,Yes,,6,7,7,6.75
2131,Movie,Man on the Moon,,Milos Forman,1999,,,,,Biography/Drama,,,,,,,,,,,,,,Golden Globe: Best Actor,Yes,,7,7.5,6.5,6.875
2132,Movie,Snow Falling on Cedars,,Scott Hicks,1999,,,,,Drama/Romance,,,,,,,,,,,,,,Oscar Nominated,Yes,,7,6,7.5,7
2133,Movie,The Ninth Gate,,Roman Polanski,1999,,,,,Mystery/Thriller,,,,,,,,,,,,,,Cult Classic,Yes,,8,6,7,7
2134,Movie,The Boondock Saints,,Troy Duffy,1999,,,,,Action/Crime,,,,,,,,,,,,,,Cult Classic,Yes,,6.5,7,7.5,7.125
2135,Movie,The Iron Giant,,Brad Bird,1999,,,,,Animation/Family,,,,,,,,,,,,,,Annie Award Winner,Yes,,8,9,6,7.25
2136,Movie,The Sixth Sense,,M. Night Shyamalan,1999,,,,,Thriller/Mystery,,,,,,,,,,,,,,Oscar Nominated,Yes,,7,7,7.5,7.25
2137,Movie,The Green Mile,,Frank Darabont,1999,,,,,Drama/Fantasy,,,,,,,,,,,,,,Oscar Nominated,Yes,,8,8,7,7.5
2138,Movie,Eyes Wide Shut,,Stanley Kubrick,1999,,,,,Drama/Mystery,,,,,,,,,,,,,,Cult Favorite,Yes,,9,6.5,7.5,7.625
2139,Movie,Sleepy Hollow,,Tim Burton,1999,,,,,Horror/Fantasy,,,,,,,,,,,,,,Oscar: Best Art Direction,Yes,,9,8,7,7.75
2140,Movie,Star Wars: Episode I The Phantom Menace,,George Lucas,1999,,,,,Sci-Fi/Adventure,,,,,,,,,,,,,,Oscar Nominated,Yes,,9,8,7,7.75
2141,Movie,The Insider,,Michael Mann,1999,,,,,Biography/Drama,,,,,,,,,,,,,,Oscar Nominated,Yes,,8,8,8,8
2142,Movie,Fight Club,,David Fincher,1999,,,,,Drama/Thriller,,,,,,,,,,,,,,Cult Classic,Yes,,8,8,8.5,8.25
2143,Movie,American Beauty,,Sam Mendes,1999,,,,,Drama,,,,,,,,,,,,,,Oscar: Best Picture,Yes,,8.5,9,8.5,8.625
2144,Movie,The Matrix,,The Wachowskis,1999,,,,,Sci-Fi/Action,,,,,,,,,,,,,,Oscar: Best Visual Effects,Yes,,10,10,9,9.5
2145,Movie,Dancer in the Dark,,Lars von Trier,2000,,,,,Drama/Musical,,,,,,,,,,,,,,Cannes: Palme d'Or,Want,3,,,,0
2146,Movie,The Beach,,Danny Boyle,2000,,,,,Adventure/Drama,,,,,,,,,,,,,,Cult Favorite,Yes,,7.5,5,6.5,6.375
2147,Movie,X-Men,,Bryan Singer,2000,,,,,Action/Superhero,,,,,,,,,,,,,,Saturn Winner,Yes,,8,7,6,6.75
2148,Movie,Requiem for a Dream,,Darren Aronofsky,2000,,,,,Drama/Psychological,,,,,,,,,,,,,,Oscar Nominated,Yes,,7,5,8.5,7.25
2149,Movie,The Cell,,Tarsem Singh,2000,,,,,Thriller/Fantasy,,,,,,,,,,,,,,Saturn Award Nominated,Yes,,8,6,7.5,7.25
2150,Movie,Unbreakable,,M. Night Shyamalan,2000,,,,,Thriller/Superhero,,,,,,,,,,,,,,Saturn Award Nominated,Yes,,8,7,7,7.25
2151,Movie,Billy Elliot,,Stephen Daldry,2000,,,,,Drama/Music,,,,,,,,,,,,,,BAFTA: Best British Film,Yes,,6,8,8,7.5
2152,Movie,Gladiator,,Ridley Scott,2000,,,,,Action/Drama,,,,,,,,,,,,,,Oscar: Best Picture,Yes,,9,8,7,7.75
2153,Movie,"Crouching Tiger, Hidden Dragon",,Ang Lee,2000,,,,,Action/Drama,,,,,,,,,,,,,,Oscar: Best Foreign Language Film,Yes,,9,7.5,8,8.125
2154,Movie,Cast Away,,Robert Zemeckis,2000,,,,,Adventure/Drama,,,,,,,,,,,,,,Oscar Nominated,Yes,,7,9,9,8.5
2155,Movie,Snatch,,Guy Ritchie,2000,,,,,Crime/Comedy,,,,,,,,,,,,,,Cult Classic,Yes,,9,7,9,8.5
2156,Movie,Boiler Room,,Ben Younger,2000,,,,,Drama/Crime,,,,,,,,,,,,,,Cult Favorite,Yes,,8,8.5,9,8.625
2157,Movie,Memento,,Christopher Nolan,2000,,,,,Thriller/Mystery,,,,,,,,,,,,,,Oscar Nominated,Yes,,8,9,9,8.75
2158,Movie,The Patriot,,Roland Emmerich,2000,,,,,War/Drama,,,,,,,,,,,,,,Oscar Nominated,Yes,,9,9,9,9
2159,Movie,Millennium Actress,,Satoshi Kon,2001,,,,,Animation/Drama,,,,,,,,,,,,,,Tokyo Anime Award: Grand Prize,Want,1,,,,0
2160,Movie,The Man Who Wasn't There,,Joel Coen,2001,,,,,Crime/Drama,,,,,,,,,,,,,,Cannes: Best Director,Want,1,,,,0
2161,Movie,Waking Life,,Richard Linklater,2001,,,,,Animation/Philosophy,,,,,,,,,,,,,,Venice: Future Film Festival Digital Award,Want,2,,,,0
2162,Movie,A Beautiful Mind,,Ron Howard,2001,,,,,Biography/Drama,,,,,,,,,,,,,,Oscar: Best Picture,Yes,,6,5,7.5,6.5
2163,Movie,The Score,,Frank Oz,2001,,,,,Crime/Drama,,,,,,,,,,,,,,Blockbuster Favorite,Yes,,6.5,6,7,6.625
2164,Movie,Blow,,Ted Demme,2001,,,,,Biography/Crime,,,,,,,,,,,,,,MTV Movie Awards Nominated,Yes,,7,6,7,6.75
2165,Movie,The Majestic,,Frank Darabont,2001,,,,,Drama/Romance,,,,,,,,,,,,,,Cult Favorite,Yes,,7.5,7,6.5,6.875
2166,Movie,Donnie Darko,,Richard Kelly,2001,,,,,Sci-Fi/Drama,,,,,,,,,,,,,,Cult Classic,Yes,,6.5,7,7.5,7.125
2167,Movie,Ocean's Eleven,,Steven Soderbergh,2001,,,,,Crime/Comedy,,,,,,,,,,,,,,Box Office Hit,Yes,,8,7.5,6.5,7.125
2168,Movie,Amélie,,Jean-Pierre Jeunet,2001,,,,,Romance/Comedy,,,,,,,,,,,,,,Oscar Nominated,Yes,,7,7,7.5,7.25
2169,Movie,From Hell,,Albert & Allen Hughes,2001,,,,,Mystery/Horror,,,,,,,,,,,,,,Saturn Award Nominated,Yes,,8,6,7.5,7.25
2170,Movie,Training Day,,Antoine Fuqua,2001,,,,,Crime/Drama,,,,,,,,,,,,,,Oscar: Best Actor,Yes,,7,8.5,8.5,8.125
2171,Movie,Enemy at the Gates,,Jean-Jacques Annaud,2001,,,,,War/Drama,,,,,,,,,,,,,,European Film Award Winner,Yes,,8,8,9,8.5
2172,Movie,Spirited Away,,Hayao Miyazaki,2001,,,,,Animation/Fantasy,,,,,,,,,,,,,,Oscar: Best Animated Feature,Yes,,9.5,9,9,9.125
2173,Movie,Black Hawk Down,,Ridley Scott,2001,,,,,War/Drama,,,,,,,,,,,,,,Oscar: Best Editing,Yes,,10,9,9,9.25
2174,Movie,The Lord of the Rings: The Fellowship of the Ring,,Peter Jackson,2001,,,,,Fantasy/Adventure,,,,,,,,,,,,,,4 Oscars,Yes,,10,10,8.5,9.25
2175,Movie,Far from Heaven,,Todd Haynes,2002,,,,,Drama/Romance,,,,,,,,,,,,,,Venice Best Actress,Want,1,,,,0
2176,Movie,Whale Rider,,Niki Caro,2002,,,,,Drama,,,,,,,,,,,,,,Oscar Nominated,Want,1,,,,0
2177,Movie,Punch-Drunk Love,,Paul Thomas Anderson,2002,,,,,Romance/Comedy,,,,,,,,,,,,,,Cannes Best Director,Yes,,5,6,6,5.75
2178,Movie,8 Mile,,Curtis Hanson,2002,,,,,Drama/Music,,,,,,,,,,,,,,Oscar: Best Original Song,Yes,,6,5,6.5,6
2179,Movie,About Schmidt,,Alexander Payne,2002,,,,,Drama/Comedy,,,,,,,,,,,,,,Oscar Nominated,Yes,,7,6,6,6.25
2180,Movie,Phone Booth,,Joel Schumacher,2002,,,,,Thriller,,,,,,,,,,,,,,MTV Movie Awards Nominated,Yes,,6,6,6.5,6.25
2181,Movie,Frida,,Julie Taymor,2002,,,,,Biography/Drama,,,,,,,,,,,,,,Oscar: Best Makeup & Score,Yes,,6,8,6,6.5
2182,Movie,Changing Lanes,,Roger Michell,2002,,,,,Drama/Thriller,,,,,,,,,,,,,,Blockbuster Favorite,Yes,,6.5,6.5,7,6.75
2183,Movie,Catch Me If You Can,,Steven Spielberg,2002,,,,,Biography/Drama,,,,,,,,,,,,,,Oscar Nominated,Yes,,8,7.5,7,7.375
2184,Movie,The Hours,,Stephen Daldry,2002,,,,,Drama,,,,,,,,,,,,,,Oscar: Best Actress,Yes,,8,7,7.5,7.5
2185,Movie,Minority Report,,Steven Spielberg,2002,,,,,Sci-Fi/Thriller,,,,,,,,,,,,,,Saturn Award Winner,Yes,,7.5,7,8,7.625
2186,Movie,The Bourne Identity,,Doug Liman,2002,,,,,Action/Thriller,,,,,,,,,,,,,,MTV Movie Awards Winner,Yes,,8.5,8,8,8.125
2187,Movie,Star Wars: Episode II Attack of the Clones,,George Lucas,2002,,,,,Sci-Fi/Adventure,,,,,,,,,,,,,,Oscar Nominated,Yes,,9,8,8,8.25
2188,Movie,City of God,,Fernando Meirelles,2002,,,,,Crime/Drama,,,,,,,,,,,,,,Oscar Nominated,Yes,,8,8.5,8.5,8.375
2189,Movie,The Lord of the Rings: The Two Towers,,Peter Jackson,2002,,,,,Fantasy/Adventure,,,,,,,,,,,,,,2 Oscars,Yes,,9,9,8,8.5
2190,Movie,The Pianist,,Roman Polanski,2002,,,,,Biography/Drama,,,,,,,,,,,,,,Oscar: Best Actor,Yes,,9.5,8,9,8.875
2191,Movie,Gangs of New York,,Martin Scorsese,2002,,,,,Historical/Crime,,,,,,,,,,,,,,Oscar Nominated,Yes,,9.5,10,9.5,9.625
2192,Movie,Lost in Translation,,Sofia Coppola,2003,,,,,Drama/Romance,,,,,,,,,,,,,,Oscar: Best Screenplay,Want,1,,,,0
2193,Movie,Memories of Murder,,Bong Joon-ho,2003,,,,,Crime/Drama,,,,,,,,,,,,,,Grand Bell Award: Best Film,Want,1,,,,0
2194,Movie,Big Fish,,Tim Burton,2003,,,,,Fantasy/Drama,,,,,,,,,,,,,,Oscar Nominated,Yes,,7,6,5,5.75
2195,Movie,Master and Commander: The Far Side of the World,,Peter Weir,2003,,,,,Adventure/Drama,,,,,,,,,,,,,,Oscar Winner,Yes,,8,5,5,5.75
2196,Movie,Runaway Jury,,Gary Fleder,2003,,,,,Drama/Thriller,,,,,,,,,,,,,,Blockbuster Favorite,Yes,,6,6,6.5,6.25
2197,Movie,X2: X-Men United,,Bryan Singer,2003,,,,,Action/Superhero,,,,,,,,,,,,,,Saturn Winner,Yes,,7,6,6,6.25
2198,Movie,House of Sand and Fog,,Vadim Perelman,2003,,,,,Drama,,,,,,,,,,,,,,Oscar Nominated,Yes,,7,7,7,7
2199,Movie,The Triplets of Belleville,,Sylvain Chomet,2003,,,,,Animation/Comedy,,,,,,,,,,,,,,Oscar Nominated,Yes,,8,7,7,7.25
2200,Movie,21 Grams,,Alejandro G. Inarritu,2003,,,,,Drama,,,,,,,,,,,,,,Oscar Nominated,Yes,,7,7.5,7.5,7.375
2201,Movie,The Italian Job,,F. Gary Gray,2003,,,,,Action/Crime,,,,,,,,,,,,,,Blockbuster Favorite,Yes,,9,7,7,7.5
2202,Movie,Mystic River,,Clint Eastwood,2003,,,,,Crime/Drama,,,,,,,,,,,,,,Oscar: Best Actor & Supporting Actor,Yes,,7,8,8,7.75
2203,Movie,Monster,,Patty Jenkins,2003,,,,,Drama/Crime,,,,,,,,,,,,,,Oscar: Best Actress,Yes,,7,7.5,8.5,7.875
2204,Movie,Tears of the Sun,,Antoine Fuqua,2003,,,,,War/Drama,,,,,,,,,,,,,,Box Office Hit,Yes,,8.5,8,8,8.125
2205,Movie,The Last Samurai,,Edward Zwick,2003,,,,,Action/Drama,,,,,,,,,,,,,,Oscar Nominated,Yes,,9,8.5,8,8.375
2206,Movie,Kill Bill: Vol. 1,,Quentin Tarantino,2003,,,,,Action/Thriller,,,,,,,,,,,,,,Saturn Award Winner,Yes,,8,8,9,8.5
2207,Movie,The Matrix Reloaded,,The Wachowskis,2003,,,,,Sci-Fi/Action,,,,,,,,,,,,,,Blockbuster Favorite,Yes,,10,8,8,8.5
2208,Movie,Love Actually,,Richard Curtis,2003,,,,,Romance/Comedy,,,,,,,,,,,,,,BAFTA Nominated,Yes,,7,10,9.5,9
2209,Movie,The Lord of the Rings: The Return of the King,,Peter Jackson,2003,,,,,Fantasy/Adventure,,,,,,,,,,,,,,11 Oscars,Yes,,10,9,9,9.25
2210,Movie,Before Sunset,,Richard Linklater,2004,,,,,Romance/Drama,,,,,,,,,,,,,,Oscar Nominated,Want,3,,,,0
2211,Movie,Nobody Knows,,Hirokazu Kore-eda,2004,,,,,Drama,,,,,,,,,,,,,,Cannes: Best Actor,Want,1,,,,0
2212,Movie,The Sea Inside,,Alejandro Amenábar,2004,,,,,Drama/Biography,,,,,,,,,,,,,,Oscar: Best Foreign Film,Want,2,,,,0
2213,Movie,Sideways,,Alexander Payne,2004,,,,,Comedy/Drama,,,,,,,,,,,,,,Oscar: Best Adapted Screenplay,Yes,,8,6,6,6.5
2214,Movie,The Butterfly Effect,,Eric Bress & J. Mackye Gruber,2004,,,,,Thriller/Sci-Fi,,,,,,,,,,,,,,Teen Choice Award Winner,Yes,,6,6,7,6.5
2215,Movie,Ladder 49,,Jay Russell,2004,,,,,Drama/Action,,,,,,,,,,,,,,Blockbuster Favorite,Yes,,8,7,6,6.75
2216,Movie,Finding Neverland,,Marc Forster,2004,,,,,Biographical Drama,,,,,,,,,,,,,,Oscar Nominated,Yes,,8,7,6.5,7
2217,Movie,The Motorcycle Diaries,,Walter Salles,2004,,,,,Biography/Drama,,,,,,,,,,,,,,Oscar: Best Song,Yes,,8,7,7,7.25
2218,Movie,The Bourne Supremacy,,Paul Greengrass,2004,,,,,Action/Thriller,,,,,,,,,,,,,,Empire Nominated,Yes,,8,6.5,7.5,7.375
2219,Movie,The Aviator,,Martin Scorsese,2004,,,,,Biopic,,,,,,,,,,,,,,5 Oscars,Yes,,9,7,7,7.5
2220,Movie,The Terminal,,Steven Spielberg,2004,,,,,Comedy/Drama,,,,,,,,,,,,,,Critics' Choice Nominated,Yes,,8,8,7,7.5
2221,Movie,Troy,,Wolfgang Petersen,2004,,,,,Action/Drama,,,,,,,,,,,,,,Blockbuster Favorite,Yes,,8,7,7.5,7.5
2222,Movie,The Machinist,,Brad Anderson,2004,,,,,Thriller/Drama,,,,,,,,,,,,,,Independent Spirit Nominated,Yes,,8,8,7.5,7.75
2223,Movie,Hotel Rwanda,,Terry George,2004,,,,,Drama/History,,,,,,,,,,,,,,Oscar Nominated,Yes,,8,8,8,8
2224,Movie,I Heart Huckabees,,David O. Russell,2004,,,,,Comedy/Drama,,,,,,,,,,,,,,Independent Spirit Nominated,Yes,,7,8,9,8.25
2225,Movie,Million Dollar Baby,,Clint Eastwood,2004,,,,,Drama/Sports,,,,,,,,,,,,,,4 Oscars including Best Picture,Yes,,9,8.5,8,8.375
2226,Movie,Eternal Sunshine of the Spotless Mind,,Michel Gondry,2004,,,,,Romance/Sci-Fi,,,,,,,,,,,,,,Oscar: Best Original Screenplay,Yes,,8,9,8.5,8.5
2227,Movie,Kill Bill: Vol. 2,,Quentin Tarantino,2004,,,,,Action/Drama,,,,,,,,,,,,,,Critics' Choice Nominated,Yes,,8,8,9,8.5
2228,Movie,Collateral,,Michael Mann,2004,,,,,Crime/Thriller,,,,,,,,,,,,,,Oscar Nominated,Yes,,9,8,9,8.75
2229,Movie,Man on Fire,,Tony Scott,2004,,,,,Action/Drama,,,,,,,,,,,,,,Cult Favorite,Yes,,8,9,9,8.75
2230,Movie,Howl's Moving Castle,,Hayao Miyazaki,2004,,,,,Anime/Fantasy,,,,,,,,,,,,,,Oscar Nominated,Yes,,10,9,9,9.25
2231,Movie,Green Street Hooligans,,Lexi Alexander,2005,,,,,Crime/Drama,,,,,,,,,,,,,,SXSW Audience Award,Want,1,,,,0
2232,Movie,The Proposition,,John Hillcoat,2005,,,,,Western/Drama,,,,,,,,,,,,,,Australian Film Institute Winner,Want,1,,,,0
2233,Movie,Lord of War,,Andrew Niccol,2005,,,,,Crime/Drama,,,,,,,,,,,,,,Saturn Award Nominated,Yes,,6.5,6,6.5,6.375
2234,Movie,Hustle & Flow,,Craig Brewer,2005,,,,,Drama/Music,,,,,,,,,,,,,,Oscar: Best Original Song,Yes,,7,7,6,6.5
2235,Movie,Capote,,Bennett Miller,2005,,,,,Biography/Drama,,,,,,,,,,,,,,Oscar: Best Actor,Yes,,8,6.5,6.5,6.875
2236,Movie,Jarhead,,Sam Mendes,2005,,,,,War/Drama,,,,,,,,,,,,,,BAFTA Nominated,Yes,,7,6,7.5,7
2237,Movie,The Constant Gardener,,Fernando Meirelles,2005,,,,,Thriller/Drama,,,,,,,,,,,,,,Oscar: Best Supporting Actress,Yes,,8,6.5,7,7.125
2238,Movie,"Good Night, and Good Luck",,George Clooney,2005,,,,,Drama/History,,,,,,,,,,,,,,Oscar Nominated,Yes,,9,7,6.5,7.25
2239,Movie,Brokeback Mountain,,Ang Lee,2005,,,,,Romance/Drama,,,,,,,,,,,,,,Oscar: Best Director,Yes,,9,7,7,7.5
2240,Movie,Walk the Line,,James Mangold,2005,,,,,Biography/Romance,,,,,,,,,,,,,,Oscar: Best Actress,Yes,,8,7,7.5,7.5
2241,Movie,A History of Violence,,David Cronenberg,2005,,,,,Thriller/Drama,,,,,,,,,,,,,,Oscar Nominated,Yes,,8,7,8,7.75
2242,Movie,V for Vendetta,,James McTeigue,2005,,,,,Action/Drama,,,,,,,,,,,,,,Saturn Award Winner,Yes,,8.5,8,8,8.125
2243,Movie,Munich,,Steven Spielberg,2005,,,,,Historical Thriller,,,,,,,,,,,,,,Oscar Nominated,Yes,,9,8,8,8.25
2244,Movie,Star Wars: Episode III Revenge of the Sith,,George Lucas,2005,,,,,Sci-Fi/Adventure,,,,,,,,,,,,,,Oscar Nominated,Yes,,9.5,8.5,8.5,8.75
2245,Movie,Batman Begins,,Christopher Nolan,2005,,,,,Action/Superhero,,,,,,,,,,,,,,BAFTA Nominated,Yes,,9,8,9,8.75
2246,Movie,Alpha Dog,,Nick Cassavetes,2006,,,,,Crime/Drama,,,,,,,,,,,,,,Sundance Nominated,Want,1,,,,0
2247,Movie,Little Children,,Todd Field,2006,,,,,Drama,,,,,,,,,,,,,,Oscar Nominated,Want,2,,,,0
2248,Movie,Notes on a Scandal,,Richard Eyre,2006,,,,,Drama/Thriller,,,,,,,,,,,,,,Oscar Nominated,Want,1,,,,0
2249,Movie,The Fall,,Tarsem Singh,2006,,,,,Fantasy/Adventure,,,,,,,,,,,,,,Austin Film Critics Award,Want,2,,,,0
2250,Movie,The Guardian,,Andrew Davis,2006,,,,,Drama/Action,,,,,,,,,,,,,,Box Office Hit,Want,3,,,,0
2251,Movie,The Lives of Others,,Florian Henckel von Donnersmarck,2006,,,,,Drama/Thriller,,,,,,,,,,,,,,Oscar: Best Foreign Language Film,Want,1,,,,0
2252,Movie,The Science of Sleep,,Michel Gondry,2006,,,,,Fantasy/Romance,,,,,,,,,,,,,,Independent Spirit Nominated,Want,1,,,,0
2253,Movie,X-Men: The Last Stand,,Brett Ratner,2006,,,,,Action/Superhero,,,,,,,,,,,,,,Saturn Nominated,Yes,,7,6,6,6.25
2254,Movie,Inside Man,,Spike Lee,2006,,,,,Thriller/Crime,,,,,,,,,,,,,,Box Office Hit,Yes,,6.5,7,6,6.375
2255,Movie,The Painted Veil,,John Curran,2006,,,,,Romance/Drama,,,,,,,,,,,,,,Golden Globe: Best Score,Yes,,6,6.5,7,6.625
2256,Movie,Lucky Number Slevin,,Paul McGuigan,2006,,,,,Crime/Thriller,,,,,,,,,,,,,,Cult Favorite,Yes,,8,6,7,7
2257,Movie,The Queen,,Stephen Frears,2006,,,,,Biographical Drama,,,,,,,,,,,,,,Oscar: Best Actress,Yes,,8,7,7,7.25
2258,Movie,The Illusionist,,Neil Burger,2006,,,,,Drama/Fantasy,,,,,,,,,,,,,,Oscar Nominated,Yes,,7.5,7,7.5,7.375
2259,Movie,Rescue Dawn,,Werner Herzog,2006,,,,,War/Drama,,,,,,,,,,,,,,Critics' Choice,Yes,,7,7,8,7.5
2260,Movie,Babel,,Alejandro González Iñárritu,2006,,,,,Drama,,,,,,,,,,,,,,Oscar: Best Editing,Yes,,7,7,8.5,7.75
2261,Movie,Marie Antoinette,,Sofia Coppola,2006,,,,,Historical Drama,,,,,,,,,,,,,,Oscar: Best Costume Design,Yes,,8.5,8,7.5,7.875
2262,Movie,The Prestige,,Christopher Nolan,2006,,,,,Mystery/Drama,,,,,,,,,,,,,,Oscar Nominated,Yes,,7.5,8,8,7.875
2263,Movie,Blood Diamond,,Edward Zwick,2006,,,,,Drama/Thriller,,,,,,,,,,,,,,Oscar Nominated,Yes,,8,8,8,8
2264,Movie,The Pursuit of Happyness,,Gabriele Muccino,2006,,,,,Drama/Biography,,,,,,,,,,,,,,Oscar Nominated,Yes,,8,8,8,8
2265,Movie,Children of Men,,Alfonso Cuarón,2006,,,,,Sci-Fi/Thriller,,,,,,,,,,,,,,Oscar Nominated,Yes,,8.5,8,8,8.125
2266,Movie,Paprika,,Satoshi Kon,2006,,,,,Animation/Sci-Fi,,,,,,,,,,,,,,Tokyo Anime Award Winner,Yes,,8,7.5,8.5,8.125
2267,Movie,The Fountain,,Darren Aronofsky,2006,,,,,Sci-Fi/Drama,,,,,,,,,,,,,,Venice Nominee,Yes,,9.5,8,7.5,8.125
2268,Movie,The Last King of Scotland,,Kevin Macdonald,2006,,,,,Biography/Drama,,,,,,,,,,,,,,Oscar: Best Actor,Yes,,8,7.5,8.5,8.125
2269,Movie,Little Miss Sunshine,,Jonathan Dayton & Valerie Faris,2006,,,,,Comedy/Drama,,,,,,,,,,,,,,Oscar: Best Screenplay,Yes,,8,9,8,8.25
2270,Movie,Pan's Labyrinth,,Guillermo del Toro,2006,,,,,Fantasy/Drama,,,,,,,,,,,,,,Oscar: Best Cinematography,Yes,,9,8,9,8.75
2271,Movie,The Departed,,Martin Scorsese,2006,,,,,Crime/Thriller,,,,,,,,,,,,,,Oscar: Best Picture,Yes,,9,9,9,9
2272,Movie,Eastern Promises,,David Cronenberg,2007,,,,,Crime/Thriller,,,,,,,,,,,,,,Oscar Nominated,Want,1,,,,0
2273,Movie,Gone Baby Gone,,Ben Affleck,2007,,,,,Crime/Drama,,,,,,,,,,,,,,Oscar Nominated,Want,1,,,,0
2274,Movie,The Counterfeiters,,Stefan Ruzowitzky,2007,,,,,Drama/War,,,,,,,,,,,,,,Oscar: Best Foreign Film,Want,1,,,,0
2275,Movie,The Hunting Party,,Richard Shepard,2007,,,,,Adventure/Drama,,,,,,,,,,,,,,Venice Film Fest Entry,Want,3,,,,0
2276,Movie,Timecrimes,,Nacho Vigalondo,2007,,,,,Sci-Fi/Thriller,,,,,,,,,,,,,,Fantastic Fest Winner,Want,3,,,,0
2277,Movie,Death Proof,,Quentin Tarantino,2007,,,,,Thriller/Action,,,,,,,,,,,,,,Cult Favorite,Yes,,7,6,5.5,6
2278,Movie,The Mist,,Frank Darabont,2007,,,,,Horror/Drama,,,,,,,,,,,,,,Saturn Award Nominated,Yes,,7,5,6.5,6.25
2279,Movie,Lars and the Real Girl,,Craig Gillespie,2007,,,,,Drama/Comedy,,,,,,,,,,,,,,Oscar Nominated,Yes,,6,6,7,6.5
2280,Movie,Michael Clayton,,Tony Gilroy,2007,,,,,Thriller/Drama,,,,,,,,,,,,,,Oscar: Best Supporting Actress,Yes,,6,7,7,6.75
2281,Movie,Sunshine,,Danny Boyle,2007,,,,,Sci-Fi/Thriller,,,,,,,,,,,,,,British Independent Film Nominee,Yes,,7,7,7,7
2282,Movie,American Gangster,,Ridley Scott,2007,,,,,Crime/Drama,,,,,,,,,,,,,,Oscar Nominated,Yes,,7,7,7.5,7.25
2283,Movie,Shooter,,Antoine Fuqua,2007,,,,,Action/Thriller,,,,,,,,,,,,,,Box Office Hit,Yes,,6,6,8.5,7.25
2284,Movie,We Own the Night,,James Gray,2007,,,,,Crime/Drama,,,,,,,,,,,,,,Festival Award Winner,Yes,,8,7,7,7.25
2285,Movie,The Assassination of Jesse James by the Coward Robert Ford,,Andrew Dominik,2007,,,,,Western/Drama,,,,,,,,,,,,,,Oscar Nominated,Yes,,7.5,7,7.5,7.375
2286,Movie,Elizabeth: The Golden Age,,Shekhar Kapur,2007,,,,,Historical Drama,,,,,,,,,,,,,,Oscar: Best Costume Design,Yes,,7.5,7.5,7.5,7.5
2287,Movie,The Kite Runner,,Marc Forster,2007,,,,,Drama,,,,,,,,,,,,,,Oscar Nominated,Yes,,8,8,7,7.5
2288,Movie,The Bourne Ultimatum,,Paul Greengrass,2007,,,,,Action/Thriller,,,,,,,,,,,,,,3 Oscars,Yes,,8,7,7.5,7.5
2289,Movie,Persepolis,,Marjane Satrapi & Vincent Paronnaud,2007,,,,,Animation/Biography,,,,,,,,,,,,,,Cannes Jury Prize,Yes,,8.5,7,7.5,7.625
2290,Movie,Ratatouille,,Brad Bird,2007,,,,,Animation/Comedy,,,,,,,,,,,,,,Oscar: Best Animated Feature,Yes,,8,8,7.5,7.75
2291,Movie,Atonement,,Joe Wright,2007,,,,,Romance/Drama,,,,,,,,,,,,,,Oscar: Best Score,Yes,,8,7,8.5,8
2292,Movie,The Diving Bell and the Butterfly,,Julian Schnabel,2007,,,,,Biography/Drama,,,,,,,,,,,,,,Oscar Nominated,Yes,,7.5,7,9,8.125
2293,Movie,Into the Wild,,Sean Penn,2007,,,,,Adventure/Drama,,,,,,,,,,,,,,Oscar Nominated,Yes,,7,9,9,8.5
2294,Movie,No Country for Old Men,,Joel & Ethan Coen,2007,,,,,Crime/Thriller,,,,,,,,,,,,,,Oscar: Best Picture,Yes,,9,8,9,8.75
2295,Movie,There Will Be Blood,,Paul Thomas Anderson,2007,,,,,Drama,,,,,,,,,,,,,,Oscar: Best Actor,Yes,,9,9,9,9
2296,Movie,Still Walking,,Hirokazu Kore-eda,2008,,,,,Drama,,,,,,,,,,,,,,Asian Film Awards Winner,Want,1,,,,0
2297,Movie,Street Kings,,David Ayer,2008,,,,,Crime/Drama,,,,,,,,,,,,,,Box Office Hit,Yes,,6,5,5.5,5.5
2298,Movie,The Incredible Hulk,,Louis Leterrier,2008,,,,,Action/Superhero,,,,,,,,,,,,,,Saturn Nominated,Yes,,7,6,6.5,6.5
2299,Movie,Defiance,,Edward Zwick,2008,,,,,War/Drama,,,,,,,,,,,,,,Oscar Nominated,Yes,,7,6,7.5,7
2300,Movie,Frost/Nixon,,Ron Howard,2008,,,,,Historical Drama,,,,,,,,,,,,,,Oscar Nominated,Yes,,8,7,7,7.25
2301,Movie,The Duchess,,Saul Dibb,2008,,,,,Historical Drama,,,,,,,,,,,,,,Oscar: Best Costume Design,Yes,,8,6.5,7.5,7.375
2302,Movie,The Wrestler,,Darren Aronofsky,2008,,,,,Drama/Sports,,,,,,,,,,,,,,Golden Globe: Best Actor,Yes,,7.5,7,7.5,7.375
2303,Movie,Milk,,Gus Van Sant,2008,,,,,Biography/Drama,,,,,,,,,,,,,,Oscar: Best Actor,Yes,,8,7,7.5,7.5
2304,Movie,Revolutionary Road,,Sam Mendes,2008,,,,,Drama/Romance,,,,,,,,,,,,,,Golden Globe: Best Actress,Yes,,7,7.5,8,7.625
2305,Movie,The Reader,,Stephen Daldry,2008,,,,,Romance/Drama,,,,,,,,,,,,,,Oscar: Best Actress,Yes,,8,7,8,7.75
2306,Movie,Waltz with Bashir,,Ari Folman,2008,,,,,Animation/Documentary,,,,,,,,,,,,,,Golden Globe: Best Foreign Language Film,Yes,,8.5,7.5,7.5,7.75
2307,Movie,Iron Man,,Jon Favreau,2008,,,,,Action/Superhero,,,,,,,,,,,,,,Oscar Nominated,Yes,,8,8,7.5,7.75
2308,Movie,Gran Torino,,Clint Eastwood,2008,,,,,Drama,,,,,,,,,,,,,,Critics' Choice Award,Yes,,8,8,8,8
2309,Movie,Changeling,,Clint Eastwood,2008,,,,,Drama/Mystery,,,,,,,,,,,,,,Oscar Nominated,Yes,,8.5,7,8.5,8.125
2310,Movie,Doubt,,John Patrick Shanley,2008,,,,,Drama,,,,,,,,,,,,,,Oscar Nominated,Yes,,8.5,8,8,8.125
2311,Movie,The Dark Knight,,Christopher Nolan,2008,,,,,Action/Crime,,,,,,,,,,,,,,Oscar: Best Supporting Actor,Yes,,8.5,8,8,8.125
2312,Movie,Slumdog Millionaire,,Danny Boyle,2008,,,,,Drama/Romance,,,,,,,,,,,,,,Oscar: Best Picture,Yes,,9,8,8,8.25
2313,Movie,The Curious Case of Benjamin Button,,David Fincher,2008,,,,,Drama/Fantasy,,,,,,,,,,,,,,Oscar: Best Art Direction,Yes,,9,9,7.5,8.25
2314,Movie,"Synecdoche, New York",,Charlie Kaufman,2008,,,,,Drama/Fantasy,,,,,,,,,,,,,,Independent Spirit Nominated,Yes,,9,8,9,8.75
2315,Movie,Hurt Locker,,Kathryn Bigelow,2008,,,,,War/Drama,,,,,,,,,,,,,,Oscar: Best Picture,Yes,,9,9,9,9
2316,Movie,WALL-E,,Andrew Stanton,2008,,,,,Animation/Sci-Fi,,,,,,,,,,,,,,Oscar: Best Animated Feature,Yes,,9.5,10,9.5,9.625
2317,Movie,Mr. Nobody,,Jaco Van Dormael,2009,,,,,Sci-Fi/Drama,,,,,,,,,,,,,,Magritte: Best Film,Want,2,,,,0
2318,Movie,The Lovely Bones,,Peter Jackson,2009,,,,,Drama/Fantasy,,,,,,,,,,,,,,BAFTA Nominated,Want,3,,,,0
2319,Movie,The Secret in Their Eyes,,Juan Josae Campanella,2009,,,,,Mystery/Drama,,,,,,,,,,,,,,Oscar: Best Foreign Film,Want,1,,,,0
2320,Movie,X-Men Origins: Wolverine,,Gavin Hood,2009,,,,,Action/Adventure,,,,,,,,,,,,,,Teen Choice Winner,Want,3,,,,0
2321,Movie,Law Abiding Citizen,,F. Gary Gray,2009,,,,,Crime/Thriller,,,,,,,,,,,,,,Box Office Hit,Yes,,6,6,6.5,6.25
2322,Movie,The Secret of Kells,,Tomm Moore,2009,,,,,Animation/Fantasy,,,,,,,,,,,,,,Oscar Nominated,Yes,,7,5,6.5,6.25
2323,Movie,State of Play,,Kevin Macdonald,2009,,,,,Thriller/Drama,,,,,,,,,,,,,,Critics' Choice Nominated,Yes,,6.5,6,7,6.625
2324,Movie,500 Days of Summer,,Marc Webb,2009,,,,,Romance/Drama,,,,,,,,,,,,,,Independent Spirit Nominated,Yes,,6,7,7,6.75
2325,Movie,Moon,,Duncan Jones,2009,,,,,Sci-Fi/Drama,,,,,,,,,,,,,,BAFTA: Best Debut,Yes,,7,7,6.5,6.75
2326,Movie,Julie & Julia,,Nora Ephron,2009,,,,,Biographical Comedy/Drama,,,,,,,,,,,,,,Oscar Nominated,Yes,,7,7,7,7
2327,Movie,An Education,,Lone Scherfig,2009,,,,,Drama/Romance,,,,,,,,,,,,,,Oscar Nominated,Yes,,6.5,7,7.5,7.125
2328,Movie,Public Enemies,,Michael Mann,2009,,,,,Crime/Drama,,,,,,,,,,,,,,Box Office Hit,Yes,,7,7.5,7,7.125
2329,Movie,The Messenger,,Oren Moverman,2009,,,,,Drama/War,,,,,,,,,,,,,,Oscar Nominated,Yes,,6.5,7,7.5,7.125
2330,Movie,Valhalla Rising,,Nicolas Winding Refn,2009,,,,,Adventure/Drama,,,,,,,,,,,,,,Sitges: Best Director,Yes,,6.5,7,7.5,7.125
2331,Movie,Brooklyn's Finest,,Antoine Fuqua,2009,,,,,Crime/Drama,,,,,,,,,,,,,,Sundance: Closing Night Film,Yes,,8,7.5,7.5,7.625
2332,Movie,Precious,,Lee Daniels,2009,,,,,Drama,,,,,,,,,,,,,,Oscar: Best Supporting Actress,Yes,,6.5,9,7.5,7.625
2333,Movie,Fantastic Mr. Fox,,Wes Anderson,2009,,,,,Animation/Comedy,,,,,,,,,,,,,,Oscar Nominated,Yes,,9,8.5,7,7.875
2334,Movie,Up,,Pete Docter,2009,,,,,Animation/Adventure,,,,,,,,,,,,,,Oscar: Best Animated Feature,Yes,,8.5,8,8.5,8.375
2335,Movie,District 9,,Neill Blomkamp,2009,,,,,Sci-Fi/Action,,,,,,,,,,,,,,Oscar Nominated,Yes,,8.5,8.5,8.5,8.5
2336,Movie,Blue Valentine,,Derek Cianfrance,2010,,,,,Romance/Drama,,,,,,,,,,,,,,Oscar Nominated,Want,3,,,,0
2337,Movie,Certified Copy,,Abbas Kiarostami,2010,,,,,Drama/Romance,,,,,,,,,,,,,,Cannes: Best Actress,Want,1,,,,0
2338,Movie,Incendies,,Denis Villeneuve,2010,,,,,Drama/War,,,,,,,,,,,,,,Oscar Nominated,Want,1,,,,0
2339,Movie,L'Illusionniste,,Sylvain Chomet,2010,,,,,Animation/Drama,,,,,,,,,,,,,,Oscar Nominated,Want,2,,,,0
2340,Movie,The Next Three Days,,Paul Haggis,2010,,,,,Thriller/Drama,,,,,,,,,,,,,,Underrated Favorite,Yes,,6,6,7,6.5
2341,Movie,The Company Men,,John Wells,2010,,,,,Drama,,,,,,,,,,,,,,Critics' Recognition,Yes,,7,7,6.5,6.75
2342,Movie,The Fighter,,David O. Russell,2010,,,,,Biography/Drama,,,,,,,,,,,,,,Oscar: Best Supporting Actor/Actress,Yes,,8,7,7,7.25
2343,Movie,Iron Man 2,,Jon Favreau,2010,,,,,Action/Superhero,,,,,,,,,,,,,,Oscar Nominated,Yes,,8.5,8,7,7.625
2344,Movie,The Secret World of Arrietty,,Hiromasa Yonebayashi,2010,,,,,Animation/Fantasy,,,,,,,,,,,,,,Tokyo Anime Award Winner,Yes,,8,8,7.5,7.75
2345,Movie,Winter's Bone,,Debra Granik,2010,,,,,Drama/Thriller,,,,,,,,,,,,,,Oscar Nominated,Yes,,7,7,8.5,7.75
2346,Movie,Exit Through the Gift Shop,,Banksy,2010,,,,,Documentary/Art,,,,,,,,,,,,,,Oscar Nominated,Yes,,8,7.5,8,7.875
2347,Movie,The King's Speech,,Tom Hooper,2010,,,,,Historical Drama,,,,,,,,,,,,,,4 Oscars including Best Picture,Yes,,8.5,8,8,8.125
2348,Movie,The Town,,Ben Affleck,2010,,,,,Crime/Drama,,,,,,,,,,,,,,Oscar Nominated,Yes,,8,8.5,8,8.125
2349,Movie,Black Swan,,Darren Aronofsky,2010,,,,,Drama/Thriller,,,,,,,,,,,,,,Oscar: Best Actress,Yes,,8.5,8.5,8.5,8.5
2350,Movie,The Book of Eli,,The Hughes Brothers,2010,,,,,Action/Drama,,,,,,,,,,,,,,Cult Favorite,Yes,,8,8,9,8.5
2351,Movie,The Social Network,,David Fincher,2010,,,,,Drama/Biography,,,,,,,,,,,,,,Oscar: Best Adapted Screenplay,Yes,,8.5,9,8.5,8.625
2352,Movie,Inception,,Christopher Nolan,2010,,,,,Sci-Fi/Thriller,,,,,,,,,,,,,,Oscar: Best Cinematography,Yes,,10,10,9.5,9.75
2353,Movie,A Separation,,Asghar Farhadi,2011,,,,,Drama,,,,,,,,,,,,,,Oscar: Best Foreign Language Film,Want,1,,,,0
2354,Movie,Martha Marcy May Marlene,,Sean Durkin,2011,,,,,Drama/Thriller,,,,,,,,,,,,,,Sundance Winner,Want,2,,,,0
2355,Movie,Melancholia,,Lars von Trier,2011,,,,,Drama/Sci-Fi,,,,,,,,,,,,,,Cannes: Best Actress,Want,2,,,,0
2356,Movie,Sound of My Voice,,Zal Batmanglij,2011,,,,,Drama/Sci-Fi,,,,,,,,,,,,,,Independent Spirit Nominated,Want,1,,,,0
2357,Movie,Take Shelter,,Jeff Nichols,2011,,,,,Drama/Thriller,,,,,,,,,,,,,,Critics' Choice Winner,Want,1,,,,0
2358,Movie,The Descendants,,Alexander Payne,2011,,,,,Drama/Comedy,,,,,,,,,,,,,,Oscar: Best Adapted Screenplay,Want,2,,,,0
2359,Movie,The Intouchables,,Olivier Nakache & Ahric Toledano,2011,,,,,Comedy/Drama,,,,,,,,,,,,,,Oscar: Best Actor,Want,3,,,,0
2360,Movie,The Iron Lady,,Phyllida Lloyd,2011,,,,,Biopic/Drama,,,,,,,,,,,,,,Oscar: Best Actress,Want,3,,,,0
2361,Movie,The Artist,,Michel Hazanavicius,2011,,,,,Romance/Drama,,,,,,,,,,,,,,Oscar: Best Picture,Yes,,8,6,6,6.5
2362,Movie,The Lincoln Lawyer,,Brad Furman,2011,,,,,Crime/Drama,,,,,,,,,,,,,,Critics' Choice Nominated,Yes,,6,7,7,6.75
2363,Movie,X-Men: First Class,,Matthew Vaughn,2011,,,,,Action/Sci-Fi,,,,,,,,,,,,,,Empire Winner,Yes,,7,7,6.5,6.75
2364,Movie,Warrior,,Gavin O'Connor,2011,,,,,Drama/Sports,,,,,,,,,,,,,,Oscar Nominated,Yes,,7,7,7,7
2365,Movie,Limitless,,Neil Burger,2011,,,,,Sci-Fi/Thriller,,,,,,,,,,,,,,Blockbuster Favorite,Yes,,7,7,7.5,7.25
2366,Movie,Captain America: The First Avenger,,Joe Johnston,2011,,,,,Action/Sci-Fi,,,,,,,,,,,,,,Saturn Nominated,Yes,,7.5,7.5,7,7.25
2367,Movie,Another Earth,,Mike Cahill,2011,,,,,Sci-Fi/Drama,,,,,,,,,,,,,,Sundance: Alfred P. Sloan Prize,Yes,,6,6.5,8.5,7.375
2368,Movie,The Tree of Life,,Terrence Malick,2011,,,,,Drama/Fantasy,,,,,,,,,,,,,,Palme d'Or,Yes,,8,7.5,7,7.375
2369,Movie,Drive,,Nicolas Winding Refn,2011,,,,,Crime/Drama,,,,,,,,,,,,,,Cannes: Best Director,Yes,,8,7,7.5,7.5
2370,Movie,War Horse,,Steven Spielberg,2011,,,,,War Drama,,,,,,,,,,,,,,Oscar Nominated,Yes,,8.5,7.5,7,7.5
2371,Movie,Thor,,Kenneth Branagh,2011,,,,,Action/Fantasy,,,,,,,,,,,,,,Empire Award Nominated,Yes,,8,7,8,7.75
2372,Movie,Tinker Tailor Soldier Spy,,Tomas Alfredson,2011,,,,,Spy/Drama,,,,,,,,,,,,,,Oscar Nominated,Yes,,7.5,7,8.5,7.875
2373,Movie,Hugo,,Martin Scorsese,2011,,,,,Adventure/Drama,,,,,,,,,,,,,,5 Oscars,Yes,,9.5,7.5,7.5,8
2374,Movie,Contraband,,Baltasar Kormajkur,2012,,,,,Crime/Thriller,,,,,,,,,,,,,,Box Office Hit,No,,,,,0
2375,Movie,Amour,,Michael Haneke,2012,,,,,Drama,,,,,,,,,,,,,,Oscar: Best Foreign Language Film,Want,3,,,,0
2376,Movie,Beasts of the Southern Wild,,Benh Zeitlin,2012,,,,,Drama/Fantasy,,,,,,,,,,,,,,Oscar Nominated,Want,3,,,,0
2377,Movie,Lincoln,,Steven Spielberg,2012,,,,,Historical Drama,,,,,,,,,,,,,,2 Oscars,Want,2,,,,0
2378,Movie,The Hunt,,Thomas Vinterberg,2012,,,,,Drama/Thriller,,,,,,,,,,,,,,Cannes: Best Actor,Want,1,,,,0
2379,Movie,The Master,,Paul Thomas Anderson,2012,,,,,Drama,,,,,,,,,,,,,,Oscar Nominated,Want,1,,,,0
2380,Movie,The Perks of Being a Wallflower,,Stephen Chbosky,2012,,,,,Drama/Romance,,,,,,,,,,,,,,Independent Spirit Nominated,Want,1,,,,0
2381,Movie,To the Wonder,,Terrence Malick,2012,,,,,Drama/Romance,,,,,,,,,,,,,,Venice Film Fest Nominee,Want,3,,,,0
2382,Movie,Moonrise Kingdom,,Wes Anderson,2012,,,,,Drama/Romance,,,,,,,,,,,,,,Oscar Nominated,Yes,,8,5,6,6.25
2383,Movie,Safe House,,Daniel Espinosa,2012,,,,,Action/Thriller,,,,,,,,,,,,,,Box Office Hit,Yes,,6.5,6,6.5,6.375
2384,Movie,The Place Beyond the Pines,,Derek Cianfrance,2012,,,,,Crime/Drama,,,,,,,,,,,,,,Critics' Choice Nominated,Yes,,6,6.5,6.5,6.375
2385,Movie,The Bourne Legacy,,Tony Gilroy,2012,,,,,Action/Thriller,,,,,,,,,,,,,,Saturn Nominated,Yes,,7,6,7,6.75
2386,Movie,The Hobbit: An Unexpected Journey,,Peter Jackson,2012,,,,,Fantasy/Adventure,,,,,,,,,,,,,,Oscar Nominated,Yes,,8.5,6.5,6,6.75
2387,Movie,Savages,,Oliver Stone,2012,,,,,Crime/Thriller,,,,,,,,,,,,,,Blockbuster Hit,Yes,,8,6.5,6.5,6.875
2388,Movie,Prometheus,,Ridley Scott,2012,,,,,Sci-Fi/Adventure,,,,,,,,,,,,,,Oscar Nominated,Yes,,8.5,6,7.5,7.375
2389,Movie,End of Watch,,David Ayer,2012,,,,,Crime/Drama,,,,,,,,,,,,,,Independent Spirit Winner,Yes,,7.5,8,7.5,7.625
2390,Movie,A Royal Affair,,Nikolaj Arcel,2012,,,,,Historical/Drama,,,,,,,,,,,,,,Oscar Nominated,Yes,,8,7,8,7.75
2391,Movie,Argo,,Ben Affleck,2012,,,,,Historical Thriller,,,,,,,,,,,,,,3 Oscars including Best Picture,Yes,,8,8,8,8
2392,Movie,The Dark Knight Rises,,Christopher Nolan,2012,,,,,Action/Thriller,,,,,,,,,,,,,,BAFTA Nominated,Yes,,8,7.5,8.5,8.125
2393,Movie,Life of Pi,,Ang Lee,2012,,,,,Adventure/Drama,,,,,,,,,,,,,,Oscar: Best Director,Yes,,9,9,7.5,8.25
2394,Movie,The Avengers,,Joss Whedon,2012,,,,,Action/Superhero,,,,,,,,,,,,,,Oscar Nominated,Yes,,8.5,9,8,8.375
2395,Movie,The Act of Killing,,Joshua Oppenheimer,2012,,,,,Documentary,,,,,,,,,,,,,,European Film Award: Best Documentary,Yes,,8,9,9,8.75
2396,Movie,Zero Dark Thirty,,Kathryn Bigelow,2012,,,,,Thriller/Drama,,,,,,,,,,,,,,Oscar: Best Sound Editing,Yes,,8.5,9,9,8.875
2397,Movie,Before Midnight,,Richard Linklater,2013,,,,,Romance/Drama,,,,,,,,,,,,,,Oscar Nominated,Want,3,,,,0
2398,Movie,Blue is the Warmest Color,,Abdellatif Kechiche,2013,,,,,Romance/Drama,,,,,,,,,,,,,,Palme d'Or,Want,1,,,,0
2399,Movie,Blue Jasmine,,Woody Allen,2013,,,,,Drama,,,,,,,,,,,,,,Oscar: Best Actress,Want,3,,,,0
2400,Movie,Her,,Spike Jonze,2013,,,,,Romance/Sci-Fi,,,,,,,,,,,,,,Oscar: Best Original Screenplay,Want,1,,,,0
2401,Movie,Ida,,PaweÅ‚ Pawlikowski,2013,,,,,Drama,,,,,,,,,,,,,,Oscar: Best Foreign Language Film,Want,2,,,,0
2402,Movie,Inside Llewyn Davis,,Coen Brothers,2013,,,,,Drama/Music,,,,,,,,,,,,,,Grand Prix Cannes,Want,3,,,,0
2403,Movie,Only Lovers Left Alive,,Jim Jarmusch,2013,,,,,Drama/Vampire,,,,,,,,,,,,,,Cannes: Jury Prize,Want,2,,,,0
2404,Movie,Prisoners,,Denis Villeneuve,2013,,,,,Thriller/Drama,,,,,,,,,,,,,,Oscar Nominated,Want,1,,,,0
2405,Movie,The Bling Ring,,Sofia Coppola,2013,,,,,Crime/Drama,,,,,,,,,,,,,,Un Certain Regard (Cannes),Want,3,,,,0
2406,Movie,The Boy and the World,,Ale Abreu,2013,,,,,Animation/Adventure,,,,,,,,,,,,,,Annecy: Best Feature,Want,2,,,,0
2407,Movie,The Congress,,Ari Folman,2013,,,,,Animated/Sci-Fi,,,,,,,,,,,,,,European Film Awards Winner,Want,1,,,,0
2408,Movie,The Double,,Richard Ayoade,2013,,,,,Drama/Thriller,,,,,,,,,,,,,,BFI Nominated,Want,2,,,,0
2409,Movie,The Great Beauty,,Paolo Sorrentino,2013,,,,,Drama,,,,,,,,,,,,,,Oscar: Best Foreign Language Film,Want,2,,,,0
2410,Movie,The Hobbit: The Desolation of Smaug,,Peter Jackson,2013,,,,,Fantasy/Adventure,,,,,,,,,,,,,,Oscar Nominated,Want,3,,,,0
2411,Movie,The Lunchbox,,Ritesh Batra,2013,,,,,Romance/Drama,,,,,,,,,,,,,,BAFTA Nominated,Want,,,,,0
2412,Movie,The Secret Life of Walter Mitty,,Ben Stiller,2013,,,,,Adventure/Drama,,,,,,,,,,,,,,Saturn Award Nominated,Want,,,,,0
2413,Movie,The Wolverine,,James Mangold,2013,,,,,Action/Adventure,,,,,,,,,,,,,,Saturn Nominated,Want,3,,,,0
2414,Movie,Under the Skin,,Jonathan Glazer,2013,,,,,Sci-Fi/Drama,,,,,,,,,,,,,,BAFTA Nominated,Want,1,,,,0
2415,Movie,Nebraska,,Alexander Payne,2013,,,,,Drama/Comedy,,,,,,,,,,,,,,Oscar Nominated,Yes,,7,6,6,6.25
2416,Movie,Thor: The Dark World,,Alan Taylor,2013,,,,,Action/Fantasy,,,,,,,,,,,,,,Empire Award Nominated,Yes,,7.5,7,6,6.625
2417,Movie,Lone Survivor,,Peter Berg,2013,,,,,War/Drama,,,,,,,,,,,,,,Oscar Nominated,Yes,,8,6,6.5,6.75
2418,Movie,American Hustle,,David O. Russell,2013,,,,,Crime/Drama,,,,,,,,,,,,,,Oscar Nominated,Yes,,7.5,7,6.5,6.875
2419,Movie,Captain Phillips,,Paul Greengrass,2013,,,,,Thriller/Drama,,,,,,,,,,,,,,Oscar Nominated,Yes,,8,6.5,6.5,6.875
2420,Movie,Iron Man 3,,Shane Black,2013,,,,,Action/Superhero,,,,,,,,,,,,,,Oscar Nominated,Yes,,8,8,6.5,7.25
2421,Movie,Coherence,,James Ward Byrkit,2013,,,,,Sci-Fi/Thriller,,,,,,,,,,,,,,Austin Film Fest Winner,Yes,,6,7,8.5,7.5
2422,Movie,Enemy,,Denis Villeneuve,2013,,,,,Thriller/Mystery,,,,,,,,,,,,,,Canadian Screen Award Winner,Yes,,7.5,8,8,7.875
2423,Movie,The Tale of the Princess Kaguya,,Isao Takahata,2013,,,,,Animation/Drama,,,,,,,,,,,,,,Oscar Nominated,Yes,,8,7.5,8,7.875
2424,Movie,The Wind Rises,,Hayao Miyazaki,2013,,,,,Animation/Biography,,,,,,,,,,,,,,Japan Academy Prize: Best Animated Film,Yes,,8.5,8,8,8.125
2425,Movie,Fruitvale Station,,Ryan Coogler,2013,,,,,Drama/Biography,,,,,,,,,,,,,,Sundance Winner,Yes,,7,9,8.5,8.25
2426,Movie,12 Years a Slave,,Steve McQueen,2013,,,,,Historical Drama,,,,,,,,,,,,,,3 Oscars including Best Picture,Yes,,8.5,9,8,8.375
2427,Movie,Snowpiercer,,Bong Joon-ho,2013,,,,,Sci-Fi/Action,,,,,,,,,,,,,,Critics' Choice Nominated,Yes,,9,8.5,8.5,8.625
2428,Movie,Man of Steel,,Zack Snyder,2013,,,,,Action/Superhero,,,,,,,,,,,,,,Saturn Nominated,Yes,,9,8,9,8.75
2429,Movie,The Book of Life,,Jorge R. Gutierrez,2014,,,,,Animation/Adventure,,,,,,,,,,,,,,Annie Awards Nominated,No,,,,,0
2430,Movie,A Most Violent Year,,J.C. Chandor,2014,,,,,Crime/Drama,,,,,,,,,,,,,,National Board of Review Best Film,Want,2,,,,0
2431,Movie,Boyhood,,Richard Linklater,2014,,,,,Drama,,,,,,,,,,,,,,Golden Globe: Best Drama,Want,2,,,,0
2432,Movie,Foxcatcher,,Bennett Miller,2014,,,,,Drama,,,,,,,,,,,,,,Oscar Nominated,Want,3,,,,0
2433,Movie,I Origins,,Mike Cahill,2014,,,,,Drama/Sci-Fi,,,,,,,,,,,,,,Sundance Winner,Want,1,,,,0
2434,Movie,The Hobbit: The Battle of the Five Armies,,Peter Jackson,2014,,,,,Fantasy/Adventure,,,,,,,,,,,,,,Empire Winner,Want,3,,,,0
2435,Movie,Whiplash,,Damien Chazelle,2014,,,,,Drama/Music,,,,,,,,,,,,,,Oscar: Best Supporting Actor,Want,3,,,,0
2436,Movie,Song of the Sea,,Tomm Moore,2014,,,,,Animation/Fantasy,,,,,,,,,,,,,,Oscar Nominated: Best Animated Feature,Yes,,7,6,6,6.25
2437,Movie,The Grand Budapest Hotel,,Wes Anderson,2014,,,,,Comedy/Drama,,,,,,,,,,,,,,Oscar: Best Production Design,Yes,,6.5,7,6,6.375
2438,Movie,Captain America: The Winter Soldier,,Russo Brothers,2014,,,,,Action/Thriller,,,,,,,,,,,,,,Saturn Winner,Yes,,7,7,6,6.5
2439,Movie,American Sniper,,Clint Eastwood,2014,,,,,War/Drama,,,,,,,,,,,,,,Oscar: Best Sound Editing,Yes,,7,7,7,7
2440,Movie,Selma,,Ava DuVernay,2014,,,,,Biography/Drama,,,,,,,,,,,,,,Oscar: Best Original Song,Yes,,7,8,6.5,7
2441,Movie,X-Men: Days of Future Past,,Bryan Singer,2014,,,,,Action/Sci-Fi,,,,,,,,,,,,,,Empire Winner,Yes,,7,7,7.5,7.25
2442,Movie,Nightcrawler,,Dan Gilroy,2014,,,,,Thriller/Crime,,,,,,,,,,,,,,Independent Spirit Winner,Yes,,7.5,7,7.5,7.375
2443,Movie,Birdman,,Alejandro G. Iñárritu,2014,,,,,Drama/Comedy,,,,,,,,,,,,,,Oscar: Best Picture,Yes,,9.5,7,7,7.625
2444,Movie,Interstellar,,Christopher Nolan,2014,,,,,Sci-Fi/Drama,,,,,,,,,,,,,,Oscar: Best Visual Effects,Yes,,8.5,8,7.5,7.875
2445,Movie,Guardians of the Galaxy,,James Gunn,2014,,,,,Sci-Fi/Action,,,,,,,,,,,,,,Oscar Nominated,Yes,,8,8.5,7.5,7.875
2446,Movie,The Imitation Game,,Morten Tyldum,2014,,,,,Biography/Drama,,,,,,,,,,,,,,Oscar: Best Adapted Screenplay,Yes,,7.5,8.5,9,8.5
2447,Movie,Ex Machina,,Alex Garland,2014,,,,,Sci-Fi/Thriller,,,,,,,,,,,,,,Oscar: Best Visual Effects,Yes,,8.5,8,9,8.625
2448,Movie,Edge of Tomorrow,,Doug Liman,2014,,,,,Sci-Fi/Action,,,,,,,,,,,,,,Saturn Award Winner,Yes,,9.5,9,9,9.125
2449,Movie,Anomalisa,,Charlie Kaufman,2015,,,,,Animated Drama,,,,,,,,,,,,,,Oscar Nominated,Want,2,,,,0
2450,Movie,Bridge of Spies,,Steven Spielberg,2015,,,,,Drama/Thriller,,,,,,,,,,,,,,Oscar: Best Supporting Actor,Want,1,,,,0
2451,Movie,Creed,,Ryan Coogler,2015,,,,,Sports/Drama,,,,,,,,,,,,,,Oscar Nominated,Want,,,,,0
2452,Movie,Brooklyn,,John Crowley,2015,,,,,Romance/Drama,,,,,,,,,,,,,,Oscar Nominated,,,,,,0
2453,Movie,Carol,,Todd Haynes,2015,,,,,Romance/Drama,,,,,,,,,,,,,,Oscar Nominated,,,,,,0
2454,Movie,Inside Out,,Pete Docter,2015,,,,,Animation/Family,,,,,,,,,,,,,,Oscar: Best Animated Feature,,,,,,0
2455,Movie,Room,,Lenny Abrahamson,2015,,,,,Drama/Thriller,,,,,,,,,,,,,,Oscar: Best Actress,,,,,,0
2456,Movie,Sicario,,Denis Villeneuve,2015,,,,,Crime/Thriller,,,,,,,,,,,,,,Oscar Nominated,,,,,,0
2457,Movie,Son of Saul,,László Nemes,2015,,,,,War/Drama,,,,,,,,,,,,,,Oscar: Best Foreign Language Film,,,,,,0
2458,Movie,Spotlight,,Tom McCarthy,2015,,,,,Drama,,,,,,,,,,,,,,2 Oscars including Best Picture,,,,,,0
2459,Movie,The Big Short,,Adam McKay,2015,,,,,Biography/Comedy,,,,,,,,,,,,,,Oscar: Best Adapted Screenplay,,,,,,0
2460,Movie,The Lobster,,Yorgos Lanthimos,2015,,,,,Sci-Fi/Drama,,,,,,,,,,,,,,Cannes: Jury Prize,,,,,,0
2461,Movie,The Revenant,,Alejandro G. Iñárritu,2015,,,,,Adventure/Drama,,,,,,,,,,,,,,Oscar: Best Actor,,,,,,0
2462,Movie,Star Wars: Episode VII The Force Awakens,,J.J. Abrams,2015,,,,,Sci-Fi/Adventure,,,,,,,,,,,,,,Oscar Nominated,,,,,,0
2463,Movie,Avengers: Age of Ultron,,Joss Whedon,2015,,,,,Action/Superhero,,,,,,,,,,,,,,Oscar Nominated,,,,,,0
2464,Movie,Ant-Man,,Peyton Reed,2015,,,,,Action/Comedy,,,,,,,,,,,,,,Empire Winner,,,,,,0
2465,Movie,20th Century Women,,Mike Mills,2016,,,,,Drama,,,,,,,,,,,,,,Oscar Nominated,,,,,,0
2466,Movie,Arrival,,Denis Villeneuve,2016,,,,,Sci-Fi/Drama,,,,,,,,,,,,,,Oscar: Best Sound Editing,,,,,,0
2467,Movie,Blue Jay,,Alex Lehmann,2016,,,,,Drama/Romance,,,,,,,,,,,,,,Independent Spirit Nominated,,,,,,0
2468,Movie,Deepwater Horizon,,Peter Berg,2016,,,,,Drama/Thriller,,,,,,,,,,,,,,Oscar Nominated,,,,,,0
2469,Movie,Hell or High Water,,David Mackenzie,2016,,,,,Crime/Drama,,,,,,,,,,,,,,Oscar Nominated,,,,,,0
2470,Movie,In This Corner of the World,,Sunao Katabuchi,2016,,,,,Animation/War,,,,,,,,,,,,,,Japan Academy Prize: Best Animated Feature,,,,,,0
2471,Movie,Kubo and the Two Strings,,Travis Knight,2016,,,,,Animation/Fantasy,,,,,,,,,,,,,,Oscar Nominated,,,,,,0
2472,Movie,La La Land,,Damien Chazelle,2016,,,,,Musical/Romance,,,,,,,,,,,,,,Oscar: Best Director,,,,,,0
2473,Movie,Lion,,Garth Davis,2016,,,,,Biographical Drama,,,,,,,,,,,,,,Oscar Nominated,,,,,,0
2474,Movie,Manchester by the Sea,,Kenneth Lonergan,2016,,,,,Drama,,,,,,,,,,,,,,Oscar: Best Actor,,,,,,0
2475,Movie,Midnight Special,,Jeff Nichols,2016,,,,,Sci-Fi/Drama,,,,,,,,,,,,,,Berlin FF Nominated,,,,,,0
2476,Movie,Moonlight,,Barry Jenkins,2016,,,,,Drama,,,,,,,,,,,,,,Oscar: Best Picture,,,,,,0
2477,Movie,Paterson,,Jim Jarmusch,2016,,,,,Drama/Poetry,,,,,,,,,,,,,,Palm DogManitarian Award,,,,,,0
2478,Movie,Patriots Day,,Peter Berg,2016,,,,,Crime/Drama,,,,,,,,,,,,,,Box Office Hit,,,,,,0
2479,Movie,Sully,,Clint Eastwood,2016,,,,,Biographical Drama,,,,,,,,,,,,,,Critics' Choice Nominated,,,,,,0
2480,Movie,Swiss Army Man,,Daniels,2016,,,,,Comedy/Drama,,,,,,,,,,,,,,Sundance: Directing Award,,,,,,0
2481,Movie,The Handmaiden,,Park Chan-wook,2016,,,,,Drama/Thriller,,,,,,,,,,,,,,BAFTA: Best Film Not in English,,,,,,0
2482,Movie,The Red Turtle,,MichaÃ«l Dudok de Wit,2016,,,,,Animation/Fantasy,,,,,,,,,,,,,,Oscar Nominated,,,,,,0
2483,Movie,Toni Erdmann,,Maren Ade,2016,,,,,Comedy/Drama,,,,,,,,,,,,,,European Film Awards: Best Film,,,,,,0
2484,Movie,Your Name,,Makoto Shinkai,2016,,,,,Animation/Romance,,,,,,,,,,,,,,Japan Academy Prize: Best Animated Film,,,,,,0
2485,Movie,Rogue One: A Star Wars Story,,Gareth Edwards,2016,,,,,Sci-Fi/War,,,,,,,,,,,,,,Oscar Nominated,,,,,,0
2486,Movie,Captain America: Civil War,,Russo Brothers,2016,,,,,Action/Superhero,,,,,,,,,,,,,,Critics' Choice Nominated,,,,,,0
2487,Movie,Doctor Strange,,Scott Derrickson,2016,,,,,Fantasy/Action,,,,,,,,,,,,,,Oscar Nominated,,,,,,0
2488,Movie,X-Men: Apocalypse,,Bryan Singer,2016,,,,,Action/Fantasy,,,,,,,,,,,,,,Teen Choice Nominated,,,,,,0
2489,Movie,Jason Bourne,,Paul Greengrass,2016,,,,,Action/Thriller,,,,,,,,,,,,,,Teen Choice Nominated,,,,,,0
2490,Movie,Batman v Superman: Dawn of Justice,,Zack Snyder,2016,,,,,Action/Superhero,,,,,,,,,,,,,,Razzie Nominated,,,,,,0
2491,Movie,Suicide Squad,,David Ayer,2016,,,,,Action/Fantasy,,,,,,,,,,,,,,Oscar: Best Makeup,,,,,,0
2492,Movie,A Ghost Story,,David Lowery,2017,,,,,Drama/Fantasy,,,,,,,,,,,,,,Independent Spirit Nominated,,,,,,0
2493,Movie,American Made,,Doug Liman,2017,,,,,Action/Biography,,,,,,,,,,,,,,Critics' Choice Nominee,,,,,,0
2494,Movie,Coco,,Lee Unkrich & Adrian Molina,2017,,,,,Animation/Music,,,,,,,,,,,,,,Oscar: Best Animated Feature,,,,,,0
2495,Movie,Columbus,,Kogonada,2017,,,,,Drama,,,,,,,,,,,,,,Independent Spirit Nominated,,,,,,0
2496,Movie,First Reformed,,Paul Schrader,2017,,,,,Drama/Thriller,,,,,,,,,,,,,,Independent Spirit: Best Screenplay,,,,,,0
2497,Movie,Good Time,,Safdie Brothers,2017,,,,,Crime/Thriller,,,,,,,,,,,,,,Cannes: Best Soundtrack,,,,,,0
2498,Movie,Lady Bird,,Greta Gerwig,2017,,,,,Comedy/Drama,,,,,,,,,,,,,,Oscar Nominated,,,,,,0
2499,Movie,Loving Vincent,,Dorota Kobiela & Hugh Welchman,2017,,,,,Animation/Biography,,,,,,,,,,,,,,Oscar Nominated,,,,,,0
2500,Movie,Phantom Thread,,Paul Thomas Anderson,2017,,,,,Drama/Romance,,,,,,,,,,,,,,Oscar: Best Costume Design,,,,,,0
2501,Movie,The Florida Project,,Sean Baker,2017,,,,,Drama,,,,,,,,,,,,,,Oscar Nominated,,,,,,0
2502,Movie,The Killing of a Sacred Deer,,Yorgos Lanthimos,2017,,,,,Horror/Drama,,,,,,,,,,,,,,Cannes: Best Screenplay,,,,,,0
2503,Movie,The Post,,Steven Spielberg,2017,,,,,Historical Drama,,,,,,,,,,,,,,Oscar Nominated,,,,,,0
2504,Movie,The Rider,,Chloe Zhao,2017,,,,,Drama/Western,,,,,,,,,,,,,,Art Cinema Award (Cannes),,,,,,0
2505,Movie,The Shape of Water,,Guillermo del Toro,2017,,,,,Fantasy/Romance,,,,,,,,,,,,,,Oscar: Best Picture,,,,,,0
2506,Movie,The Square,,Ruben Östlund,2017,,,,,Drama/Satire,,,,,,,,,,,,,,Palme d'Or Winner,,,,,,0
2507,Movie,"Three Billboards Outside Ebbing, Missouri",,Martin McDonagh,2017,,,,,Drama/Crime,,,,,,,,,,,,,,Oscar: Best Actress,,,,,,0
2508,Movie,Wind River,,Taylor Sheridan,2017,,,,,Crime/Drama,,,,,,,,,,,,,,Cannes Winner,,,,,,0
2509,Movie,Star Wars: Episode VIII The Last Jedi,,Rian Johnson,2017,,,,,Sci-Fi/Adventure,,,,,,,,,,,,,,Oscar Nominated,,,,,,0
2510,Movie,Guardians of the Galaxy Vol. 2,,James Gunn,2017,,,,,Sci-Fi/Action,,,,,,,,,,,,,,Oscar Nominated,,,,,,0
2511,Movie,Spider-Man: Homecoming,,Jon Watts,2017,,,,,Action/Comedy,,,,,,,,,,,,,,Critics' Choice Nominated,,,,,,0
2512,Movie,Thor: Ragnarok,,Taika Waititi,2017,,,,,Action/Fantasy,,,,,,,,,,,,,,Saturn Winner,,,,,,0
2513,Movie,Logan,,James Mangold,2017,,,,,Action/Drama,,,,,,,,,,,,,,Oscar Nominated,,,,,,0
2514,Movie,Wonder Woman,,Patty Jenkins,2017,,,,,Action/Fantasy,,,,,,,,,,,,,,Saturn Winner,,,,,,0
2515,Movie,Justice League,,Joss Whedon,2017,,,,,Superhero,,,,,,,,,,,,,,Teen Choice Nominated,,,,,,0
2516,Movie,Annihilation,,Alex Garland,2018,,,,,Sci-Fi/Drama,,,,,,,,,,,,,,Saturn Award Winner,,,,,,0
2517,Movie,Burning,,Lee Chang-dong,2018,,,,,Drama/Mystery,,,,,,,,,,,,,,FIPRESCI International Critics Prize,,,,,,0
2518,Movie,Cold War,,PaweÅ‚ Pawlikowski,2018,,,,,Drama/Romance,,,,,,,,,,,,,,Oscar Nominated,,,,,,0
2519,Movie,High Life,,Claire Denis,2018,,,,,Sci-Fi/Drama,,,,,,,,,,,,,,FIPRESCI Award Winner,,,,,,0
2520,Movie,If Beale Street Could Talk,,Barry Jenkins,2018,,,,,Drama/Romance,,,,,,,,,,,,,,Oscar: Best Supporting Actress,,,,,,0
2521,Movie,Leave No Trace,,Debra Granik,2018,,,,,Drama,,,,,,,,,,,,,,Critics' Top 10,,,,,,0
2522,Movie,Shoplifters,,Hirokazu Kore-eda,2018,,,,,Drama/Crime,,,,,,,,,,,,,,Palme d'Or,,,,,,0
2523,Movie,The Favourite,,Yorgos Lanthimos,2018,,,,,Historical Drama,,,,,,,,,,,,,,Oscar: Best Actress,,,,,,0
2524,Movie,Solo: A Star Wars Story,,Ron Howard,2018,,,,,Sci-Fi/Adventure,,,,,,,,,,,,,,Oscar Nominated,,,,,,0
2525,Movie,Black Panther,,Ryan Coogler,2018,,,,,Action/Sci-Fi,,,,,,,,,,,,,,3 Oscars,,,,,,0
2526,Movie,Avengers: Infinity War,,Russo Brothers,2018,,,,,Action/Sci-Fi,,,,,,,,,,,,,,Oscar Nominated,,,,,,0
2527,Movie,Ant-Man and the Wasp,,Peyton Reed,2018,,,,,Action/Comedy,,,,,,,,,,,,,,Saturn Nominated,,,,,,0
2528,Movie,Aquaman,,James Wan,2018,,,,,Action/Fantasy,,,,,,,,,,,,,,Teen Choice Winner,,,,,,0
2529,Movie,Ad Astra,,James Gray,2019,,,,,Sci-Fi/Drama,,,,,,,,,,,,,,Oscar Nominated,,,,,,0
2530,Movie,Atlantics,,Mati Diop,2019,,,,,Drama/Fantasy,,,,,,,,,,,,,,Cannes: Grand Prix,,,,,,0
2531,Movie,Doctor Sleep,,Mike Flanagan,2019,,,,,Horror/Drama,,,,,,,,,,,,,,Saturn Award Winner,,,,,,0
2532,Movie,Parasite,,Bong Joon-ho,2019,,,,,Drama/Thriller,,,,,,,,,,,,,,Oscar: Best Picture,,,,,,0
2533,Movie,Portrait of a Lady on Fire,,Carine Sciamma,2019,,,,,Romance/Drama,,,,,,,,,,,,,,Cannes: Best Screenplay,,,,,,0
2534,Movie,Sound of Metal,,Darius Marder,2019,,,,,Drama/Music,,,,,,,,,,,,,,Oscar: Best Sound,,,,,,0
2535,Movie,Synchronic,,Justin Benson & Aaron Moorhead,2019,,,,,Sci-Fi/Thriller,,,,,,,,,,,,,,Fantastic Fest Nominee,,,,,,0
2536,Movie,The Art of Self-Defense,,Riley Stearns,2019,,,,,Dark Comedy,,,,,,,,,,,,,,Austin Film Festival Winner,,,,,,0
2537,Movie,The Farewell,,Lulu Wang,2019,,,,,Drama/Comedy,,,,,,,,,,,,,,Golden Globe: Best Actress,,,,,,0
2538,Movie,The Last Black Man in San Francisco,,Joe Talbot,2019,,,,,Drama,,,,,,,,,,,,,,Sundance Special Jury Prize,,,,,,0
2539,Movie,Toni Morrison: The Pieces I Am,,Timothy Greenfield-Sanders,2019,,,,,Documentary,,,,,,,,,,,,,,Critics' Choice Nominated,,,,,,0
2540,Movie,Star Wars: Episode IX The Rise of Skywalker,,J.J. Abrams,2019,,,,,Sci-Fi/Adventure,,,,,,,,,,,,,,Oscar Nominated,,,,,,0
2541,Movie,Captain Marvel,,Anna Boden & Ryan Fleck,2019,,,,,Action/Sci-Fi,,,,,,,,,,,,,,Saturn Winner,,,,,,0
2542,Movie,Avengers: Endgame,,Russo Brothers,2019,,,,,Action/Sci-Fi,,,,,,,,,,,,,,Oscar Nominated,,,,,,0
2543,Movie,Spider-Man: Far From Home,,Jon Watts,2019,,,,,Action/Adventure,,,,,,,,,,,,,,Saturn Winner,,,,,,0
2544,Movie,Dark Phoenix,,Simon Kinberg,2019,,,,,Action/Drama,,,,,,,,,,,,,,Saturn Nominated,,,,,,0
2545,Movie,Shazam!,,David F. Sandberg,2019,,,,,Action/Comedy,,,,,,,,,,,,,,Saturn Winner,,,,,,0
2546,Movie,Another Round,,Thomas Vinterberg,2020,,,,,Drama/Comedy,,,,,,,,,,,,,,Oscar: Best Foreign Film,,,,,,0
2547,Movie,Minari,,Lee Isaac Chung,2020,,,,,Drama,,,,,,,,,,,,,,Oscar: Best Supporting Actress,,,,,,0
2548,Movie,The Father,,Florian Zeller,2020,,,,,Drama,,,,,,,,,,,,,,Oscar: Best Actor,,,,,,0
2549,Movie,The New Mutants,,Josh Boone,2020,,,,,Horror/Superhero,,,,,,,,,,,,,,Fright Meter Nominated,,,,,,0
2550,Movie,Birds of Prey,,Cathy Yan,2020,,,,,Action,,,,,,,,,,,,,,Critics Choice Nominated,,,,,,0
2551,Movie,Wonder Woman 1984,,Patty Jenkins,2020,,,,,Action/Fantasy,,,,,,,,,,,,,,Saturn Nominated,,,,,,0
2552,Movie,Belle,,Mamoru Hosoda,2021,,,,,Animation/Sci-Fi,,,,,,,,,,,,,,Oscar Shortlisted,,,,,,0
2553,Movie,Drive My Car,,Ryusuke Hamaguchi,2021,,,,,Drama,,,,,,,,,,,,,,Oscar: Best International Feature,,,,,,0
2554,Movie,The Green Knight,,David Lowery,2021,,,,,Fantasy/Drama,,,,,,,,,,,,,,Critics' Choice Nominated,,,,,,0
2555,Movie,The Power of the Dog,,Jane Campion,2021,,,,,Drama/Western,,,,,,,,,,,,,,Oscar: Best Director,,,,,,0
2556,Movie,The Worst Person in the World,,Joachim Trier,2021,,,,,Drama/Romance,,,,,,,,,,,,,,Cannes: Best Actress,,,,,,0
2557,Movie,Black Widow,,Cate Shortland,2021,,,,,Action/Thriller,,,,,,,,,,,,,,People's Choice Winner,,,,,,0
2558,Movie,Shang-Chi and the Legend of the Ten Rings,,Destin Daniel Cretton,2021,,,,,Action/Fantasy,,,,,,,,,,,,,,Oscar Nominated,,,,,,0
2559,Movie,Eternals,,ChloÃ© Zhao,2021,,,,,Action/Sci-Fi,,,,,,,,,,,,,,Critics' Choice Sci-Fi Nominee,,,,,,0
2560,Movie,Spider-Man: No Way Home,,Jon Watts,2021,,,,,Action/Fantasy,,,,,,,,,,,,,,Oscar Nominated,,,,,,0
2561,Movie,Zack Snyder's Justice League,,Zack Snyder,2021,,,,,Action/Superhero,,,,,,,,,,,,,,Critics Choice Nominated,,,,,,0
2562,Movie,Aftersun,,Charlotte Wells,2022,,,,,Drama,,,,,,,,,,,,,,Oscar Nominated,,,,,,0
2563,Movie,Close,,Lukas Dhont,2022,,,,,Drama,,,,,,,,,,,,,,Cannes: Grand Prix,,,,,,0
2564,Movie,Decision to Leave,,Park Chan-wook,2022,,,,,Mystery/Romance,,,,,,,,,,,,,,Cannes Best Director,,,,,,0
2565,Movie,Everything Everywhere All At Once,,Daniel Kwan & Daniel Scheinert,2022,,,,,Sci-Fi/Comedy,,,,,,,,,,,,,,Oscar: Best Picture,,,,,,0
2566,Movie,Tar,,Todd Field,2022,,,,,Drama,,,,,,,,,,,,,,Oscar Nominated,,,,,,0
2567,Movie,The Banshees of Inisherin,,Martin McDonagh,2022,,,,,Drama/Comedy,,,,,,,,,,,,,,Oscar Nominated,,,,,,0
2568,Movie,The Northman,,Robert Eggers,2022,,,,,Action/Drama,,,,,,,,,,,,,,Saturn Award Nominated,,,,,,0
2569,Movie,The Batman,,Matt Reeves,2022,,,,,Crime/Drama,,,,,,,,,,,,,,Oscar Nominated,,,,,,0
2570,Movie,Black Adam,,Jaume Collet-Serra,2022,,,,,Action/Superhero,,,,,,,,,,,,,,People's Choice Nominated,,,,,,0
2571,Movie,The Flash,,Andy Muschietti,2023,,,,,Action/Fantasy,,,,,,,,,,,,,,Teen Choice Nominated,,,,,,0
2572,Movie,Blue Beetle,,Angel Manuel Soto,2023,,,,,Superhero/Action,,,,,,,,,,,,,,ALMA Nominated,,,,,,0